date,close,amount,volume
1993-01-04,10.100000381469727,317112800.0,39052600.0
1993-01-05,16.5,714883904.0,43881900.0
1993-01-06,21.80000114440918,727783680.0,43533100.0
1993-01-07,25.80000114440918,716964288.0,34719600.0
1993-01-08,32.400001525878906,580859840.0,50104900.0
1993-01-11,43.60000228881836,932122944.0,75105296.0
1993-01-12,50.10000228881836,1361538304.0,69856096.0
1993-01-13,54.20000076293945,1320057088.0,46414600.0
1993-01-14,59.900001525878906,871586560.0,64409300.0
1993-01-15,60.900001525878906,1198466432.0,47344700.0
1993-01-18,63.60000228881836,918612928.0,40539200.0
1993-01-19,64.4000015258789,864689856.0,45752200.0
1993-01-20,65.5999984741211,1017079488.0,19483900.0
1993-01-21,66.5999984741211,366491136.0,24211600.0
1993-01-22,67.4000015258789,448706272.0,24898300.0
1993-01-27,71.30000305175781,471406464.0,36867600.0
1993-01-28,72.20000457763672,726383872.0,37784600.0
1993-01-29,75.30000305175781,748144064.0,37250500.0
1993-02-01,87.80000305175781,709970304.0,81037600.0
1993-02-02,96.80000305175781,1809180672.0,81500304.0
1993-02-03,100.20000457763672,1870953984.0,72611600.0
1993-02-04,108.30000305175781,1668296448.0,75045504.0
1993-02-05,112.0999984741211,1757051392.0,85902200.0
1993-02-08,121.5999984741211,2116953600.0,77539904.0
1993-02-09,129.8000030517578,2034457856.0,88361200.0
1993-02-10,131.1999969482422,2303973632.0,88806200.0
1993-02-11,128.8000030517578,2309390080.0,79262496.0
1993-02-12,132.6999969482422,2014210048.0,44768500.0
1993-02-15,142.10000610351562,1130298752.0,93010304.0
1993-02-16,139.40000915527344,2331483904.0,67947000.0
1993-02-17,139.60000610351562,1852122496.0,53378800.0
1993-02-18,140.60000610351562,1538408960.0,62362100.0
1993-02-19,152.10000610351562,1773350272.0,87126200.0
1993-02-22,152.0,2708779008.0,76353296.0
1993-02-23,146.60000610351562,2159402240.0,68467904.0
1993-02-24,141.10000610351562,1847765120.0,94738096.0
1993-02-25,155.0,2434531584.0,82022496.0
1993-02-26,150.5,2268717824.0,81640096.0
1993-03-01,139.8000030517578,2256047872.0,56229500.0
1993-03-02,136.6999969482422,1508262400.0,48623000.0
1993-03-03,128.5,1230159232.0,30730000.0
1993-03-04,123.30000305175781,817349312.0,46186200.0
1993-03-05,117.9000015258789,1208989440.0,64427800.0
1993-03-08,130.60000610351562,1446716928.0,94744096.0
1993-03-09,123.5,2468952576.0,48727400.0
1993-03-10,129.60000610351562,1224413312.0,49721900.0
1993-03-11,135.40000915527344,1342980096.0,70919504.0
1993-03-12,134.90000915527344,1896664704.0,63457800.0
1993-03-15,125.80000305175781,1658833152.0,45666400.0
1993-03-16,124.0999984741211,1145028480.0,34846900.0
1993-03-17,116.30000305175781,781295424.0,28905700.0
1993-03-18,111.30000305175781,676539968.0,26066300.0
1993-03-19,106.80000305175781,613615104.0,32641900.0
1993-03-22,95.9000015258789,678027008.0,44572900.0
1993-03-23,91.5,901395904.0,42912600.0
1993-03-24,86.5999984741211,840020352.0,28336500.0
1993-03-25,87.70000457763672,577136384.0,34016800.0
1993-03-26,94.4000015258789,701182272.0,67824096.0
1993-03-29,89.0999984741211,1300408704.0,33101200.0
1993-03-30,86.20000457763672,619757888.0,28650200.0
1993-03-31,84.20000457763672,526228576.0,35471488.0
1993-04-01,82.5999984741211,723683392.0,24658300.0
1993-04-02,80.5,518099104.0,30681200.0
1993-04-05,78.9000015258789,636514048.0,22198700.0
1993-04-06,85.20000457763672,434052512.0,58988000.0
1993-04-07,98.9000015258789,974920704.0,111744600.0
1993-04-08,117.0999984741211,2198539776.0,124545200.0
1993-04-09,124.70000457763672,2558077440.0,121976800.0
1993-04-12,129.60000610351562,2649312512.0,87715768.0
1993-04-13,139.40000915527344,2000461824.0,94551296.0
1993-04-14,140.40000915527344,2094328832.0,104254000.0
1993-04-15,140.1999969482422,2409387264.0,81216600.0
1993-04-16,136.0,1740843008.0,90524400.0
1993-04-19,134.90000915527344,2001824512.0,66606900.0
1993-04-20,133.40000915527344,1375647872.0,57126500.0
1993-04-21,127.30000305175781,1280942336.0,36547800.0
1993-04-22,125.4000015258789,774112256.0,42794500.0
1993-04-23,123.9000015258789,956322624.0,65607500.0
1993-04-26,133.40000915527344,1486624768.0,86750000.0
1993-04-27,137.0,2181308928.0,95054896.0
1993-04-28,136.6999969482422,2200023296.0,67286896.0
1993-04-29,131.10000610351562,1482734976.0,50247000.0
1993-04-30,129.40000915527344,1193209600.0,45485700.0
1993-05-03,126.5,1060682816.0,52570300.0
1993-05-04,121.30000305175781,1191673600.0,74437296.0
1993-05-05,118.9000015258789,1838426624.0,54589100.0
1993-05-06,113.5,1208224512.0,67267000.0
1993-05-07,116.30000305175781,1440953600.0,60495900.0
1993-05-10,108.5999984741211,1301463808.0,52607700.0
1993-05-11,106.5,1092556032.0,40508200.0
1993-05-12,106.0,841537600.0,41558600.0
1993-05-13,107.30000305175781,878119808.0,39179200.0
1993-05-14,104.70000457763672,827170240.0,41342600.0
1993-05-17,98.0999984741211,884351680.0,30766500.0
1993-05-18,95.0999984741211,599572224.0,28800800.0
1993-05-19,90.5999984741211,557213696.0,17144100.0
1993-05-20,88.70000457763672,341941056.0,27479700.0
1993-05-21,84.20000457763672,580344640.0,22877200.0
1993-05-24,79.20000457763672,440542368.0,43327200.0
1993-05-25,78.80000305175781,816345600.0,42413900.0
1993-05-26,76.5999984741211,755438528.0,33554800.0
1993-05-27,73.30000305175781,614445120.0,29987300.0
1993-05-28,72.0999984741211,529325408.0,28044400.0
1993-05-31,70.5999984741211,490021728.0,27606700.0
1993-06-01,69.20000457763672,477578752.0,31993200.0
1993-06-02,85.5,535760256.0,102208200.0
1993-06-03,92.70000457763672,1804973312.0,130214704.0
1993-06-04,90.5999984741211,2612494592.0,61885300.0
1993-06-07,95.0,1185491072.0,47185100.0
1993-06-08,99.70000457763672,952542400.0,104779400.0
1993-06-09,95.5999984741211,2050920448.0,42277800.0
1993-06-10,91.0,735779584.0,35678800.0
1993-06-11,87.70000457763672,684547200.0,33538100.0
1993-06-14,85.30000305175781,636922112.0,47448400.0
1993-06-15,82.20000457763672,963076864.0,28802100.0
1993-06-16,78.0,511741376.0,18870400.0
1993-06-17,73.80000305175781,326830528.0,16930600.0
1993-06-18,73.5,297062848.0,28471200.0
1993-06-21,69.5,487349440.0,36373300.0
1993-06-22,66.30000305175781,572081600.0,15952400.0
1993-06-23,63.5,251656720.0,15684000.0
1993-06-24,61.400001525878906,240630688.0,23236900.0
1993-06-25,60.60000228881836,359054784.0,30440100.0
1993-06-28,61.10000228881836,496065344.0,35659800.0
1993-06-29,71.4000015258789,583613888.0,84203000.0
1993-06-30,71.0,1542342784.0,61694700.0
1993-07-01,69.30000305175781,1205558016.0,51513100.0
1993-07-02,68.5999984741211,819176000.0,41031200.0
1993-07-05,66.9000015258789,607191104.0,56768900.0
1993-07-06,63.20000076293945,872370368.0,43305800.0
1993-07-07,62.29999923706055,638696640.0,33307000.0
1993-07-08,59.5,482945376.0,17456200.0
1993-07-09,56.10000228881836,252577440.0,26133100.0
1993-07-12,56.60000228881836,372837824.0,56409500.0
1993-07-13,56.70000076293945,724716864.0,35909900.0
1993-07-14,53.60000228881836,480327136.0,37351700.0
1993-07-15,51.29999923706055,562287488.0,24285900.0
1993-07-16,50.10000228881836,334369024.0,29963300.0
1993-07-19,47.70000076293945,415665024.0,31987400.0
1993-07-20,47.10000228881836,389293152.0,40275200.0
1993-07-21,46.5,476299872.0,34523400.0
1993-07-22,45.5,396419424.0,20524300.0
1993-07-23,45.79999923706055,233384912.0,31157400.0
1993-07-26,45.0,376013312.0,31989400.0
1993-07-27,46.400001525878906,420076096.0,34642500.0
1993-07-28,52.79999923706055,449815424.0,81592096.0
1993-07-29,55.400001525878906,1026378752.0,54524000.0
1993-07-30,71.0,653956032.0,175882704.0
1993-08-02,80.0999984741211,2158663680.0,158115104.0
1993-08-03,77.80000305175781,2039491200.0,57992100.0
1993-08-04,77.0999984741211,733287744.0,41060000.0
1993-08-05,78.30000305175781,526358272.0,66861800.0
1993-08-06,79.70000457763672,887047168.0,74611800.0
1993-08-09,90.4000015258789,938839232.0,137263392.0
1993-08-10,99.4000015258789,1836548096.0,208898800.0
1993-08-11,104.4000015258789,2654961152.0,97313800.0
1993-08-12,117.80000305175781,1258284160.0,180995104.0
1993-08-13,132.60000610351562,2420393472.0,199114096.0
1993-08-16,160.60000610351562,2861820672.0,246810096.0
1993-08-17,158.60000610351562,3807411968.0,250104304.0
1993-08-18,159.90000915527344,3940798464.0,144944304.0
1993-08-19,155.8000030517578,2197789696.0,96082200.0
1993-08-20,148.10000610351562,1435862784.0,90546496.0
1993-08-23,133.1999969482422,1313806848.0,94452600.0
1993-08-24,141.90000915527344,1310116096.0,107860896.0
1993-08-25,137.10000610351562,1522597504.0,91676096.0
1993-08-26,129.60000610351562,1329164160.0,42263700.0
1993-08-27,124.4000015258789,598563712.0,69029400.0
1993-08-30,120.80000305175781,968127168.0,47404860.0
1993-08-31,115.80000305175781,649717632.0,38049000.0
1993-09-01,108.0,535813632.0,31041900.0
1993-09-02,102.4000015258789,420575872.0,24183500.0
1993-09-03,102.5999984741211,323829792.0,48784020.0
1993-09-06,102.20000457763672,672156864.0,64573100.0
1993-09-07,96.30000305175781,907960832.0,40081600.0
1993-09-08,92.9000015258789,564091200.0,44300500.0
1993-09-09,88.70000457763672,563909696.0,30972900.0
1993-09-10,84.70000457763672,441307552.0,33387300.0
1993-09-13,80.5,435330272.0,49080500.0
1993-09-14,77.5999984741211,631582464.0,29069800.0
1993-09-15,73.5,368440416.0,24212600.0
1993-09-16,69.80000305175781,305384608.0,25308500.0
1993-09-17,68.80000305175781,316278144.0,13425200.0
1993-09-20,71.4000015258789,165461392.0,56073260.0
1993-09-21,72.5,696020544.0,66439900.0
1993-09-22,70.0,837255360.0,26513030.0
1993-09-23,68.80000305175781,326430688.0,41631400.0
1993-09-24,69.80000305175781,522539264.0,73871600.0
1993-09-27,65.80000305175781,943408832.0,28808100.0
1993-09-28,66.70000457763672,369450592.0,50226800.0
1993-09-29,67.5,592329152.0,60034700.0
1993-09-30,68.9000015258789,690765568.0,61876800.0
1993-10-04,72.20000457763672,766798080.0,70530000.0
1993-10-05,73.4000015258789,906083520.0,72866200.0
1993-10-06,74.0,921645440.0,54638200.0
1993-10-07,92.30000305175781,788126976.0,174568096.0
1993-10-08,91.5,3605932288.0,132086296.0
1993-10-11,89.4000015258789,2451143168.0,69011304.0
1993-10-12,86.5,1178394752.0,53659124.0
1993-10-13,82.5,861177024.0,70611096.0
1993-10-14,79.80000305175781,945925504.0,49018508.0
1993-10-15,76.70000457763672,685860800.0,34968300.0
1993-10-18,73.20000457763672,478167040.0,58701448.0
1993-10-19,73.80000305175781,697360320.0,62201680.0
1993-10-20,73.4000015258789,724319360.0,69311656.0
1993-10-21,73.5999984741211,854178688.0,77136072.0
1993-10-22,71.70000457763672,1171195008.0,118163952.0
1993-10-25,72.0999984741211,2167997440.0,93389984.0
1993-10-26,76.5999984741211,1366640640.0,111657832.0
1993-10-27,79.0999984741211,2014907520.0,112977864.0
1993-10-28,89.0999984741211,2008787584.0,138679936.0
1993-10-29,91.4000015258789,1867022080.0,126907792.0
1993-11-01,91.80000305175781,1730587008.0,68373472.0
1993-11-02,89.9000015258789,1135816832.0,60659148.0
1993-11-03,85.80000305175781,955878656.0,51265312.0
1993-11-04,82.5,786384128.0,48088784.0
1993-11-05,81.30000305175781,750887872.0,49678780.0
1993-11-08,90.0,667558016.0,134370800.0
1993-11-09,90.4000015258789,1683526144.0,102726736.0
1993-11-10,108.70000457763672,1254722304.0,199567168.0
1993-11-11,120.4000015258789,3243600640.0,201135792.0
1993-11-12,132.6999969482422,3208051456.0,195285056.0
1993-11-15,149.1999969482422,2811586816.0,258139296.0
1993-11-16,151.60000610351562,3473192192.0,184051984.0
1993-11-17,154.6999969482422,2454191104.0,158877920.0
1993-11-18,167.0,2055274880.0,225168592.0
1993-11-19,179.8000030517578,3152165632.0,110090704.0
1993-11-22,194.90000915527344,1539762944.0,287826752.0
1993-11-23,201.60000610351562,4013675264.0,262091792.0
1993-11-24,206.6999969482422,3838615808.0,266543568.0
1993-11-25,217.8000030517578,3806659072.0,293471424.0
1993-11-26,216.90000915527344,4124533248.0,235256336.0
1993-11-29,215.3000030517578,4018347008.0,161407536.0
1993-11-30,217.1999969482422,2356609024.0,193715344.0
1993-12-01,210.6999969482422,2792005376.0,165945248.0
1993-12-02,203.0,2381759744.0,115865720.0
1993-12-03,198.1999969482422,1592356480.0,108968288.0
1993-12-06,212.0,1595379200.0,253237616.0
1993-12-07,226.0,3529519872.0,283448224.0
1993-12-08,228.8000030517578,4524281856.0,237744464.0
1993-12-09,220.6999969482422,3798215680.0,158233648.0
1993-12-10,224.1999969482422,2512411904.0,204992608.0
1993-12-13,220.0,2975299328.0,212053184.0
1993-12-14,213.0,3048559360.0,135108576.0
1993-12-15,212.8000030517578,2015453568.0,140132128.0
1993-12-16,205.10000610351562,1941392000.0,153202544.0
1993-12-17,197.40000915527344,2275269632.0,118800912.0
1993-12-20,181.3000030517578,1624230784.0,220553760.0
1993-12-21,189.3000030517578,2736630272.0,163545104.0
1993-12-22,188.6999969482422,0.0,231210752.0
1993-12-23,181.5,3255035136.0,110356088.0
1993-12-24,179.0,1317435392.0,132080176.0
1993-12-27,177.6999969482422,1483076608.0,148016800.0
1993-12-28,174.3000030517578,1725092480.0,147088176.0
1993-12-29,164.3000030517578,2073370368.0,96229336.0
1993-12-30,164.60000610351562,1272740992.0,98595808.0
1993-12-31,160.3000030517578,1286438528.0,88072064.0
1994-01-03,158.1999969482422,1156048128.0,125657544.0
1994-01-04,150.8000030517578,1361544704.0,84113112.0
1994-01-05,149.10000610351562,941338688.0,98642320.0
1994-01-06,163.10000610351562,1142077952.0,258806480.0
1994-01-07,172.6999969482422,2676552192.0,292803328.0
1994-01-10,183.1999969482422,2928995328.0,296426400.0
1994-01-11,179.5,2962197248.0,183251792.0
1994-01-12,175.8000030517578,2072148736.0,154525952.0
1994-01-13,174.40000915527344,1613045376.0,178082416.0
1994-01-14,173.90000915527344,1624986368.0,298251808.0
1994-01-17,169.8000030517578,3098898688.0,131754640.0
1994-01-18,164.3000030517578,1323374080.0,125569552.0
1994-01-19,154.40000915527344,1400849152.0,112880696.0
1994-01-20,148.5,1108747392.0,106836576.0
1994-01-21,144.5,1050398912.0,102474232.0
1994-01-24,145.0,944504512.0,144628544.0
1994-01-25,137.8000030517578,1228264576.0,155148288.0
1994-01-26,132.10000610351562,1094695680.0,104138528.0
1994-01-27,128.0,859303936.0,60547088.0
1994-01-28,124.0999984741211,565585600.0,116829024.0
1994-01-31,117.0999984741211,1128028032.0,99731752.0
1994-02-01,112.70000457763672,905624832.0,85455664.0
1994-02-02,113.4000015258789,766320448.0,92578880.0
1994-02-03,124.0999984741211,753712960.0,209361776.0
1994-02-04,144.10000610351562,1890749952.0,296056224.0
1994-02-14,140.60000610351562,2957853184.0,197427968.0
1994-02-15,136.60000610351562,2038418560.0,114594576.0
1994-02-16,132.3000030517578,1089679616.0,104460256.0
1994-02-17,125.20000457763672,927873344.0,67186432.0
1994-02-18,119.0999984741211,573544064.0,54951920.0
1994-02-21,111.0,506167520.0,59671392.0
1994-02-22,118.0999984741211,534334016.0,171891008.0
1994-02-23,113.9000015258789,1628717568.0,86066248.0
1994-02-24,127.5,777783680.0,218764736.0
1994-02-25,147.1999969482422,2218262272.0,393572768.0
1994-02-28,154.8000030517578,4128965888.0,340588576.0
1994-03-01,150.5,4124467200.0,156980016.0
1994-03-02,144.8000030517578,1718209152.0,150345824.0
1994-03-03,141.40000915527344,1637575936.0,137863184.0
1994-03-04,138.10000610351562,1447718656.0,143872608.0
1994-03-07,132.6999969482422,1510602240.0,59909356.0
1994-03-08,134.6999969482422,577548032.0,187175136.0
1994-03-09,145.6999969482422,2095126912.0,283806016.0
1994-03-10,145.60000610351562,3469210368.0,315749088.0
1994-03-11,169.1999969482422,4139772416.0,353276928.0
1994-03-14,202.8000030517578,4481475072.0,565020992.0
1994-03-15,208.60000610351562,6077166080.0,490786208.0
1994-03-16,219.1999969482422,4762252288.0,388696864.0
1994-03-17,217.1999969482422,4509180416.0,355345280.0
1994-03-18,218.5,3851750400.0,326443616.0
1994-03-21,207.10000610351562,3543453696.0,232144240.0
1994-03-22,202.90000915527344,2378112768.0,146530368.0
1994-03-23,193.90000915527344,1570504448.0,220520304.0
1994-03-24,201.6999969482422,2011976576.0,300925120.0
1994-03-25,199.1999969482422,3913414912.0,260185312.0
1994-03-28,192.8000030517578,2973859840.0,221343600.0
1994-03-29,194.3000030517578,2150003968.0,248342496.0
1994-03-30,191.10000610351562,2462173440.0,246325344.0
1994-03-31,188.3000030517578,2304790016.0,275171840.0
1994-04-01,182.3000030517578,2336310272.0,194277936.0
1994-04-04,184.1999969482422,1676087168.0,232097376.0
1994-04-05,175.90000915527344,2352741120.0,179124496.0
1994-04-06,168.8000030517578,1710094848.0,127290104.0
1994-04-07,164.40000915527344,1180372480.0,174291792.0
1994-04-08,160.60000610351562,1480906368.0,144598944.0
1994-04-11,152.8000030517578,1321263744.0,137174240.0
1994-04-12,150.0,1240881024.0,135727456.0
1994-04-13,144.90000915527344,1131941504.0,156967120.0
1994-04-14,136.5,1298481024.0,152463424.0
1994-04-15,140.60000610351562,1189719936.0,267060112.0
1994-04-18,136.40000915527344,1926827776.0,234552736.0
1994-04-19,128.40000915527344,1774621440.0,211920464.0
1994-04-20,123.0999984741211,1588482816.0,252699120.0
1994-04-21,142.8000030517578,1756541056.0,355434656.0
1994-04-22,148.6999969482422,2466144768.0,434215808.0
1994-04-25,149.5,3304617472.0,239614272.0
1994-04-26,155.6999969482422,1758597632.0,233586176.0
1994-04-27,172.60000610351562,1704588160.0,453191616.0
1994-04-28,180.3000030517578,3552882176.0,555796096.0
1994-04-29,182.1999969482422,4009382144.0,373092320.0
1994-05-03,192.8000030517578,2548287744.0,338911136.0
1994-05-04,204.1999969482422,2448301568.0,505304384.0
1994-05-05,195.0,3838054400.0,291751648.0
1994-05-06,196.3000030517578,2316394496.0,300304992.0
1994-05-09,202.5,2333346048.0,317641536.0
1994-05-10,211.90000915527344,2483573504.0,406788576.0
1994-05-11,212.5,3060558080.0,484624384.0
1994-05-12,203.3000030517578,3724092160.0,298188512.0
1994-05-13,206.3000030517578,2258631680.0,266055344.0
1994-05-16,209.1999969482422,1953365632.0,353995520.0
1994-05-17,199.40000915527344,2673224448.0,212063744.0
1994-05-18,189.6999969482422,1552404608.0,168558144.0
1994-05-19,185.5,1225633792.0,136735568.0
1994-05-20,184.3000030517578,1056368640.0,159073648.0
1994-05-23,174.1999969482422,1304942848.0,125743760.0
1994-05-24,166.5,998969792.0,87394960.0
1994-05-25,159.10000610351562,670847424.0,130907056.0
1994-05-26,149.90000915527344,1030499392.0,124518024.0
1994-05-27,143.1999969482422,906669184.0,126437792.0
1994-05-30,130.6999969482422,925252864.0,129412432.0
1994-05-31,129.5,868051328.0,119268064.0
1994-06-01,121.0,759210368.0,120068808.0
1994-06-02,115.5,751534784.0,81453368.0
1994-06-03,113.20000457763672,526179232.0,109747384.0
1994-06-06,106.30000305175781,761123776.0,66437104.0
1994-06-07,99.70000457763672,432602496.0,67152024.0
1994-06-08,98.4000015258789,438246720.0,103078312.0
1994-06-09,95.20000457763672,667223488.0,113491800.0
1994-06-10,91.30000305175781,850512192.0,85717152.0
1994-06-13,84.80000305175781,577721536.0,89968232.0
1994-06-14,82.0999984741211,514786272.0,108538520.0
1994-06-15,80.0999984741211,600879552.0,100244776.0
1994-06-16,81.5,496020448.0,125636680.0
1994-06-17,91.80000305175781,650811008.0,273270080.0
1994-06-20,91.80000305175781,1533217920.0,276447936.0
1994-06-21,87.9000015258789,1565796608.0,92888400.0
1994-06-22,85.80000305175781,505944640.0,80110240.0
1994-06-23,82.0,440260512.0,77183200.0
1994-06-24,78.0999984741211,460555200.0,83333016.0
1994-06-27,73.20000457763672,468558016.0,95552880.0
1994-06-28,69.4000015258789,511452416.0,54381644.0
1994-06-29,65.70000457763672,274330592.0,49635988.0
1994-06-30,64.0,259580816.0,71544440.0
1994-07-01,61.10000228881836,368931712.0,90060072.0
1994-07-04,57.900001525878906,463882400.0,78121064.0
1994-07-05,57.20000076293945,384171712.0,35503596.0
1994-07-06,55.5,200034720.0,52648704.0
1994-07-07,54.29999923706055,258614528.0,39907020.0
1994-07-08,55.5,224739360.0,98225200.0
1994-07-11,54.20000076293945,491768448.0,92813888.0
1994-07-12,51.70000076293945,513982432.0,46286960.0
1994-07-13,51.5,217108336.0,61912476.0
1994-07-14,51.70000076293945,318570912.0,100605216.0
1994-07-15,49.5,587257984.0,97210128.0
1994-07-18,46.400001525878906,478540608.0,64414864.0
1994-07-19,45.20000076293945,280698048.0,56772860.0
1994-07-20,42.79999923706055,244590816.0,53138980.0
1994-07-21,41.29999923706055,235052992.0,76472288.0
1994-07-22,40.5,324120096.0,102289136.0
1994-07-25,44.400001525878906,441834304.0,143765872.0
1994-07-26,53.60000228881836,594815872.0,290761824.0
1994-07-27,56.60000228881836,1230388864.0,297024736.0
1994-07-28,53.900001525878906,1252540160.0,191686160.0
1994-07-29,54.10000228881836,762366080.0,160729920.0
1994-08-01,107.0999984741211,606536640.0,924515776.0
1994-08-02,144.40000915527344,4334906880.0,1328407424.0
1994-08-03,207.3000030517578,7281024512.0,1241609728.0
1994-08-04,289.3000183105469,6480819712.0,2327650048.0
1994-08-05,393.1000061035156,14083635200.0,2285940224.0
1994-08-08,442.5,13227380736.0,2183432192.0
1994-08-09,397.3000183105469,14998275072.0,1248274304.0
1994-08-10,488.20001220703125,8355462656.0,1895974912.0
1994-08-11,489.1000061035156,12108116992.0,2385838080.0
1994-08-12,475.8000183105469,16678745088.0,1004719872.0
1994-08-15,440.5,6560743424.0,642442368.0
1994-08-16,444.1000061035156,4134213376.0,861161088.0
1994-08-17,448.3000183105469,5644950528.0,690598400.0
1994-08-18,491.3000183105469,5470374912.0,1751009536.0
1994-08-19,470.3000183105469,13650324480.0,1163813376.0
1994-08-22,435.8999938964844,8773640192.0,696315200.0
1994-08-23,435.5,4789231104.0,533969312.0
1994-08-24,420.8000183105469,3956772352.0,692679488.0
1994-08-25,408.3000183105469,5936709632.0,543207744.0
1994-08-26,391.3000183105469,4189929472.0,645552576.0
1994-08-29,380.20001220703125,5014075392.0,517850080.0
1994-08-30,412.3000183105469,4608026112.0,1018049792.0
1994-08-31,453.1000061035156,9045741568.0,1419224448.0
1994-09-01,477.20001220703125,11449879552.0,1387308416.0
1994-09-02,508.5,11226277888.0,1116197888.0
1994-09-05,650.5,9362413568.0,2425716480.0
1994-09-06,750.5,21245882368.0,2316108800.0
1994-09-07,713.9000244140625,22903226368.0,1962118912.0
1994-09-08,761.9000244140625,19453403136.0,1551426176.0
1994-09-09,737.6000366210938,16115161088.0,1578564224.0
1994-09-12,777.5,15693295616.0,1389840896.0
1994-09-13,788.7999877929688,13965332480.0,1660267392.0
1994-09-14,734.9000244140625,16811999232.0,1165253120.0
1994-09-15,696.4000244140625,10845325312.0,699283200.0
1994-09-16,686.0,6980232192.0,810413568.0
1994-09-19,631.0,7602608640.0,601782656.0
1994-09-20,594.7000122070312,5335485440.0,536732512.0
1994-09-21,608.1000366210938,4901518848.0,612990528.0
1994-09-22,569.6000366210938,5869119488.0,696153728.0
1994-09-23,534.4000244140625,6722264064.0,629180864.0
1994-09-26,521.0,5873515008.0,420884800.0
1994-09-27,510.3999938964844,3939279616.0,633105664.0
1994-09-28,541.2000122070312,5599588352.0,1124646272.0
1994-09-29,495.5,9589228544.0,987366144.0
1994-09-30,454.5,8363153920.0,767921088.0
1994-10-05,392.3999938964844,6143895552.0,364295456.0
1994-10-06,359.20001220703125,2473703168.0,549566400.0
1994-10-07,418.8000183105469,3901612032.0,1110756736.0
1994-10-10,402.70001220703125,7755852800.0,945133312.0
1994-10-11,391.3000183105469,7365218304.0,433076800.0
1994-10-12,380.20001220703125,3228740352.0,425544192.0
1994-10-13,335.20001220703125,3101769728.0,519971776.0
1994-10-14,345.3999938964844,3681407744.0,600180992.0
1994-10-17,305.0,4241325568.0,226751760.0
1994-10-18,292.0,1546988800.0,165121152.0
1994-10-19,294.0,1104257024.0,368205120.0
1994-10-20,328.6000061035156,2453771264.0,733845504.0
1994-10-21,344.3999938964844,5527688192.0,996636416.0
1994-10-24,387.3000183105469,8680736768.0,831871232.0
1994-10-25,380.70001220703125,7053786624.0,1011465088.0
1994-10-26,350.1000061035156,7681774080.0,488976416.0
1994-10-27,341.8000183105469,3825511936.0,271999488.0
1994-10-28,317.0,1932601216.0,332201568.0
1994-10-31,289.6000061035156,2213613824.0,241677136.0
1994-11-01,281.3999938964844,1554230528.0,178603408.0
1994-11-02,263.1000061035156,1265251456.0,136349632.0
1994-11-03,280.70001220703125,874772928.0,445416576.0
1994-11-04,260.1000061035156,3609827072.0,349449472.0
1994-11-07,249.3000030517578,2813706752.0,161377984.0
1994-11-08,271.3999938964844,1237293184.0,556315904.0
1994-11-09,274.5,5192811008.0,355966528.0
1994-11-10,271.8000183105469,3219854592.0,421756512.0
1994-11-11,271.70001220703125,3947682048.0,230743056.0
1994-11-14,269.8999938964844,2204781056.0,326849888.0
1994-11-15,253.3000030517578,2865781248.0,242916224.0
1994-11-16,242.0,2092693504.0,143585744.0
1994-11-17,226.40000915527344,1321468800.0,116563448.0
1994-11-18,214.5,1089212416.0,99088888.0
1994-11-21,200.40000915527344,774818944.0,48988684.0
1994-11-22,186.6999969482422,371115072.0,54718796.0
1994-11-23,173.90000915527344,480979616.0,70751296.0
1994-11-24,163.1999969482422,561690496.0,60041432.0
1994-11-25,157.60000610351562,464219712.0,86972576.0
1994-11-28,147.0,736885184.0,38900864.0
1994-11-29,140.40000915527344,281189184.0,53230260.0
1994-11-30,132.60000610351562,401114848.0,58651952.0
1994-12-01,124.4000015258789,471986144.0,36622696.0
1994-12-02,116.5999984741211,276757632.0,44566816.0
1994-12-05,108.4000015258789,307543680.0,57910952.0
1994-12-06,102.4000015258789,400487712.0,68210896.0
1994-12-07,96.5,456161984.0,36645492.0
1994-12-08,90.0,250725488.0,41015576.0
1994-12-09,85.80000305175781,265047824.0,59287700.0
1994-12-12,79.70000457763672,375869664.0,55010092.0
1994-12-13,80.9000015258789,339758880.0,95656248.0
1994-12-14,77.30000305175781,589963520.0,80800224.0
1994-12-15,93.5999984741211,456530848.0,290504448.0
1994-12-16,118.80000305175781,1805413504.0,556615744.0
1994-12-19,118.0999984741211,0.0,242224464.0
1994-12-20,125.0,1685187968.0,216336640.0
1994-12-21,137.3000030517578,1811391104.0,361743296.0
1994-12-22,139.0,3173795584.0,213881216.0
1994-12-23,151.5,2028889728.0,343311392.0
1994-12-26,147.6999969482422,3570424320.0,202441104.0
1994-12-27,144.10000610351562,1735064832.0,200771024.0
1994-12-28,137.1999969482422,1648857984.0,126261376.0
1994-12-29,131.90000915527344,958512576.0,114239352.0
1994-12-30,127.9000015258789,956467968.0,129318960.0
1995-01-03,118.9000015258789,872329024.0,42848288.0
1995-01-04,117.0,284170176.0,81887912.0
1995-01-05,111.80000305175781,525658048.0,95473080.0
1995-01-06,106.9000015258789,602649472.0,79647520.0
1995-01-09,100.0,518047776.0,74374792.0
1995-01-10,95.0,519167712.0,110495168.0
1995-01-11,91.0,693565760.0,56500604.0
1995-01-12,85.30000305175781,352191712.0,56324988.0
1995-01-13,81.4000015258789,352426592.0,64292856.0
1995-01-16,75.20000457763672,398924832.0,67227424.0
1995-01-17,71.5999984741211,410025760.0,50070608.0
1995-01-18,69.30000305175781,282938656.0,45592500.0
1995-01-19,64.30000305175781,262139392.0,60368844.0
1995-01-20,62.70000076293945,344274016.0,66707116.0
1995-01-23,58.5,384994880.0,42565884.0
1995-01-24,56.29999923706055,239723760.0,45484388.0
1995-01-25,55.79999923706055,292221824.0,54419236.0
1995-01-26,53.20000076293945,331383712.0,41648432.0
1995-01-27,52.70000076293945,239007344.0,62686704.0
1995-02-06,49.70000076293945,327681344.0,22938812.0
1995-02-07,48.10000228881836,150620176.0,17586186.0
1995-02-08,46.70000076293945,107836160.0,17985648.0
1995-02-09,47.0,89217808.0,33754108.0
1995-02-10,46.400001525878906,177890272.0,40820028.0
1995-02-13,44.70000076293945,251535968.0,32517020.0
1995-02-14,42.400001525878906,177007552.0,25372232.0
1995-02-15,40.0,139046016.0,23877556.0
1995-02-16,37.900001525878906,127084008.0,24211916.0
1995-02-17,36.70000076293945,127636576.0,35178980.0
1995-02-20,35.10000228881836,194274752.0,26371674.0
1995-02-21,33.79999923706055,140029728.0,25707188.0
1995-02-22,47.70000076293945,122046760.0,222801280.0
1995-02-23,59.70000076293945,1367716992.0,285825248.0
1995-02-24,60.400001525878906,1879472640.0,164475744.0
1995-02-27,63.900001525878906,1094422912.0,149564608.0
1995-02-28,61.20000076293945,1003677120.0,69501032.0
1995-03-01,60.79999923706055,434198048.0,63317756.0
1995-03-02,60.5,417117216.0,70608792.0
1995-03-03,68.30000305175781,486414912.0,186892464.0
1995-03-06,85.5,1298172928.0,319280960.0
1995-03-07,112.0,2199056896.0,554192448.0
1995-03-08,125.9000015258789,3744043264.0,471456192.0
1995-03-09,126.0,3084795136.0,251778656.0
1995-03-10,122.0999984741211,1797385216.0,189715216.0
1995-03-13,118.20000457763672,1282173440.0,112032960.0
1995-03-14,115.0,774092800.0,105148648.0
1995-03-15,109.20000457763672,762993408.0,114656088.0
1995-03-16,105.9000015258789,779443264.0,73655616.0
1995-03-17,106.0,495825376.0,112890072.0
1995-03-20,105.0,812095808.0,155923840.0
1995-03-21,102.20000457763672,1180326912.0,85150888.0
1995-03-22,107.70000457763672,544699328.0,184080512.0
1995-03-23,111.0999984741211,1300939008.0,246960480.0
1995-03-24,110.0999984741211,1675547520.0,133010744.0
1995-03-27,116.0999984741211,912180736.0,235911648.0
1995-03-28,115.5999984741211,1819110400.0,147696832.0
1995-03-29,116.0999984741211,1172400128.0,130296384.0
1995-03-30,120.70000457763672,1010186816.0,224214912.0
1995-03-31,125.0,1977179136.0,168079152.0
1995-04-03,133.10000610351562,1430690432.0,261698240.0
1995-04-04,134.1999969482422,2213389824.0,185843648.0
1995-04-05,133.0,1523568640.0,173404832.0
1995-04-06,134.10000610351562,1573960960.0,208388064.0
1995-04-07,146.6999969482422,1345837952.0,445567104.0
1995-04-10,150.3000030517578,2793903360.0,380063328.0
1995-04-11,150.40000915527344,2113531392.0,419682048.0
1995-04-12,148.10000610351562,2246404352.0,203455104.0
1995-04-13,142.40000915527344,1272230528.0,172182816.0
1995-04-14,139.3000030517578,1246960640.0,136782320.0
1995-04-17,131.90000915527344,914888000.0,102244168.0
1995-04-18,125.4000015258789,703485696.0,81861344.0
1995-04-19,121.80000305175781,568285824.0,89161304.0
1995-04-20,122.5999984741211,670519424.0,147779664.0
1995-04-21,119.70000457763672,1055653696.0,180509680.0
1995-04-24,112.70000457763672,1099340416.0,136089088.0
1995-04-25,108.5999984741211,915255424.0,88844552.0
1995-04-26,103.5,580975104.0,134646192.0
1995-04-27,104.5999984741211,830520640.0,285913504.0
1995-04-28,105.30000305175781,1706086144.0,141935904.0
1995-05-02,100.0999984741211,829644032.0,61697392.0
1995-05-03,95.5999984741211,961658304.0,64132656.0
1995-05-04,89.9000015258789,682229440.0,61398568.0
1995-05-05,86.0999984741211,364557088.0,54803704.0
1995-05-08,81.5,324688640.0,44072496.0
1995-05-09,78.80000305175781,261609408.0,50624500.0
1995-05-10,74.30000305175781,319720640.0,76824000.0
1995-05-11,71.20000457763672,435530272.0,48125748.0
1995-05-12,74.70000457763672,254082672.0,128226424.0
1995-05-15,71.80000305175781,889300480.0,48557220.0
1995-05-16,67.9000015258789,344448320.0,37779332.0
1995-05-17,64.70000457763672,255986480.0,29690544.0
1995-05-18,183.0,181068768.0,1505007104.0
1995-05-19,289.5,11493755904.0,1533144704.0
1995-05-22,382.70001220703125,12663671808.0,1830939392.0
1995-05-23,349.1000061035156,15579362304.0,1235611392.0
1995-05-24,344.6000061035156,9926991872.0,572939520.0
1995-05-25,315.20001220703125,4295872000.0,422424800.0
1995-05-26,326.0,3171908096.0,526452832.0
1995-05-29,303.8999938964844,3970439936.0,201256784.0
1995-05-30,287.3000183105469,1462119936.0,163274384.0
1995-05-31,266.3000183105469,1204974208.0,136327600.0
1995-06-01,253.90000915527344,983555392.0,113679528.0
1995-06-02,244.8000030517578,800160128.0,179876880.0
1995-06-05,225.3000030517578,1372291328.0,150073952.0
1995-06-06,213.6999969482422,1096011904.0,127277104.0
1995-06-07,212.5,887465792.0,150630240.0
1995-06-08,202.5,1012135424.0,262663120.0
1995-06-09,195.1999969482422,1785330944.0,159465456.0
1995-06-12,185.6999969482422,929767744.0,215699696.0
1995-06-13,176.40000915527344,947256832.0,136496240.0
1995-06-14,165.8000030517578,645428608.0,131138112.0
1995-06-15,158.3000030517578,758768192.0,302668224.0
1995-06-16,153.40000915527344,1940962432.0,146810896.0
1995-06-19,142.60000610351562,875921216.0,100743456.0
1995-06-20,136.10000610351562,615810752.0,101221720.0
1995-06-21,133.0,553084032.0,116406088.0
1995-06-22,126.5999984741211,603011968.0,130091088.0
1995-06-23,123.0999984741211,662240704.0,119827800.0
1995-06-26,120.0999984741211,663284928.0,134805888.0
1995-06-27,116.9000015258789,658352000.0,190524816.0
1995-06-28,112.0,922432128.0,99102016.0
1995-06-29,107.0,512246752.0,104467784.0
1995-06-30,106.0,557242240.0,216140592.0
1995-07-03,100.9000015258789,1061263680.0,150809088.0
1995-07-04,99.0999984741211,778034240.0,112749872.0
1995-07-05,99.80000305175781,592722944.0,140093776.0
1995-07-06,103.80000305175781,806087552.0,242634992.0
1995-07-07,118.30000305175781,1448413440.0,377665728.0
1995-07-10,127.0999984741211,2191537920.0,426888992.0
1995-07-11,124.0999984741211,2303588608.0,279513376.0
1995-07-12,120.9000015258789,1500417408.0,149445136.0
1995-07-13,122.0,845846912.0,228917632.0
1995-07-14,119.9000015258789,1177052928.0,232489536.0
1995-07-17,141.40000915527344,1106193280.0,577508864.0
1995-07-18,157.0,3181605632.0,743004288.0
1995-07-19,163.10000610351562,3235369728.0,766924608.0
1995-07-20,163.90000915527344,3508382208.0,401478016.0
1995-07-21,164.10000610351562,1833364736.0,431473920.0
1995-07-24,178.0,1879549184.0,972544128.0
1995-07-25,175.0,3945899264.0,519910528.0
1995-07-26,170.10000610351562,2087143168.0,410773376.0
1995-07-27,166.5,1935469568.0,242247936.0
1995-07-28,165.10000610351562,1115228160.0,347485504.0
1995-07-31,160.6999969482422,1746569088.0,245674416.0
1995-08-01,165.90000915527344,1248104448.0,347280928.0
1995-08-02,170.8000030517578,1911565568.0,483641728.0
1995-08-03,167.10000610351562,3070361344.0,214713392.0
1995-08-04,165.3000030517578,1186346624.0,246167744.0
1995-08-07,166.3000030517578,1129760512.0,360818976.0
1995-08-08,169.60000610351562,1568841344.0,556573632.0
1995-08-09,172.6999969482422,2286754816.0,449856640.0
1995-08-10,195.8000030517578,1980443264.0,984026944.0
1995-08-11,219.1999969482422,4482441216.0,1170288384.0
1995-08-14,263.6000061035156,5450356736.0,1563942784.0
1995-08-15,270.0,8120932352.0,958519104.0
1995-08-16,287.1000061035156,5369535488.0,954192640.0
1995-08-17,301.1000061035156,5299177472.0,1109051904.0
1995-08-18,310.5,6107960320.0,1044926592.0
1995-08-21,296.70001220703125,5676667904.0,799416256.0
1995-08-22,283.3999938964844,4108393472.0,429595328.0
1995-08-23,265.8000183105469,2308976896.0,394679648.0
1995-08-24,257.5,2071685120.0,381218432.0
1995-08-25,244.10000610351562,1878345984.0,304496608.0
1995-08-28,232.5,1560448640.0,205213504.0
1995-08-29,223.5,982438336.0,328763072.0
1995-08-30,212.8000030517578,1481427968.0,249035104.0
1995-08-31,209.1999969482422,1098378240.0,276356672.0
1995-09-01,206.10000610351562,1286999680.0,197344736.0
1995-09-04,207.3000030517578,1035966912.0,355272736.0
1995-09-05,205.90000915527344,2023847808.0,337714496.0
1995-09-06,212.3000030517578,2119430400.0,443621696.0
1995-09-07,220.6999969482422,2482914560.0,718773184.0
1995-09-08,216.5,3722950912.0,358454368.0
1995-09-11,222.90000915527344,2033403904.0,483201408.0
1995-09-12,224.40000915527344,2508040960.0,566070208.0
1995-09-13,223.90000915527344,3040134912.0,441689952.0
1995-09-14,225.1999969482422,2220125184.0,591354496.0
1995-09-15,220.40000915527344,2787824896.0,379248768.0
1995-09-18,212.1999969482422,1935925120.0,325430208.0
1995-09-19,202.40000915527344,1602953088.0,397576736.0
1995-09-20,193.8000030517578,1864435712.0,263702832.0
1995-09-21,187.60000610351562,1240206464.0,177210816.0
1995-09-22,180.3000030517578,905313728.0,190662832.0
1995-09-25,171.1999969482422,925912640.0,163334912.0
1995-09-26,164.8000030517578,792621184.0,133572280.0
1995-09-27,161.3000030517578,661433728.0,318931776.0
1995-09-28,159.40000915527344,1617810432.0,246147200.0
1995-09-29,159.40000915527344,1193741184.0,248385040.0
1995-10-04,152.6999969482422,1238633216.0,147958144.0
1995-10-05,147.60000610351562,769429568.0,121036552.0
1995-10-06,146.10000610351562,645761536.0,264154656.0
1995-10-09,142.40000915527344,1379647360.0,269214528.0
1995-10-10,155.60000610351562,1316609408.0,449331296.0
1995-10-11,164.0,2876195328.0,469073056.0
1995-10-12,170.5,2807374848.0,631459840.0
1995-10-13,177.10000610351562,3254073856.0,441661792.0
1995-10-16,173.60000610351562,3148331008.0,300876512.0
1995-10-17,170.10000610351562,1811602432.0,232972224.0
1995-10-18,179.5,1306691584.0,499905984.0
1995-10-19,178.6999969482422,2617065728.0,520867424.0
1995-10-20,190.1999969482422,2912576768.0,548020224.0
1995-10-23,199.1999969482422,2808931584.0,665844096.0
1995-10-24,203.40000915527344,3496621312.0,429203488.0
1995-10-25,240.3000030517578,2369854208.0,1099795072.0
1995-10-26,241.1999969482422,6078421504.0,811991040.0
1995-10-27,238.0,3914059264.0,489911776.0
1995-10-30,230.1999969482422,2679738368.0,339827936.0
1995-10-31,225.5,1735347968.0,345938496.0
1995-11-01,223.60000610351562,2115366656.0,384610592.0
1995-11-02,215.5,2068764288.0,257534736.0
1995-11-03,212.3000030517578,1431302784.0,274272960.0
1995-11-06,211.1999969482422,1634058240.0,335395040.0
1995-11-07,204.40000915527344,1845830016.0,267225488.0
1995-11-08,195.90000915527344,1514309632.0,323107008.0
1995-11-09,190.10000610351562,1646932992.0,246273728.0
1995-11-10,181.10000610351562,1459839872.0,170919280.0
1995-11-13,169.60000610351562,1002012352.0,211352096.0
1995-11-14,162.5,1107967232.0,159918448.0
1995-11-15,161.3000030517578,827061696.0,200310128.0
1995-11-16,155.0,1250785792.0,184506688.0
1995-11-17,148.8000030517578,1238353408.0,159464016.0
1995-11-20,142.6999969482422,961833792.0,117440720.0
1995-11-21,138.0,735165184.0,120850904.0
1995-11-22,129.5,704986816.0,138956976.0
1995-11-23,124.20000457763672,787013632.0,134107600.0
1995-11-24,119.4000015258789,762483200.0,101647744.0
1995-11-27,111.9000015258789,581290112.0,114608688.0
1995-11-28,110.9000015258789,626660736.0,148404720.0
1995-11-29,104.5999984741211,807491008.0,106939000.0
1995-11-30,101.4000015258789,567083968.0,128125992.0
1995-12-01,97.20000457763672,678218048.0,122370304.0
1995-12-04,92.4000015258789,591688576.0,63977092.0
1995-12-05,88.20000457763672,314089504.0,62759496.0
1995-12-06,84.5,310496096.0,83063160.0
1995-12-07,81.70000457763672,499651584.0,71644480.0
1995-12-08,84.5,397707104.0,170395376.0
1995-12-11,80.9000015258789,1007032064.0,139103568.0
1995-12-12,85.0,829796416.0,184895600.0
1995-12-13,86.20000457763672,1099990656.0,197522000.0
1995-12-14,84.30000305175781,1227003776.0,107173040.0
1995-12-15,81.5999984741211,0.0,136386960.0
1995-12-18,78.30000305175781,712818944.0,117794152.0
1995-12-19,76.20000457763672,594488000.0,94760880.0
1995-12-20,75.4000015258789,490133696.0,94219312.0
1995-12-21,73.80000305175781,487451936.0,121302976.0
1995-12-22,71.30000305175781,621295168.0,88805320.0
1995-12-25,68.30000305175781,448642240.0,101023904.0
1995-12-26,65.9000015258789,505857568.0,87992600.0
1995-12-27,65.0999984741211,420810016.0,107743456.0
1995-12-28,62.400001525878906,496664448.0,104022416.0
1995-12-29,61.60000228881836,499133792.0,118148768.0
1996-01-02,57.29999923706055,545830784.0,65943624.0
1996-01-03,56.0,295757504.0,70280048.0
1996-01-04,58.0,310164992.0,125558112.0
1996-01-05,56.60000228881836,523825056.0,152985776.0
1996-01-08,55.60000228881836,668067264.0,85379768.0
1996-01-09,61.400001525878906,342174656.0,219968768.0
1996-01-10,61.20000076293945,927532736.0,170647632.0
1996-01-11,60.60000228881836,721700928.0,135534304.0
1996-01-12,60.0,570532480.0,110375760.0
1996-01-15,59.60000228881836,478213824.0,103542176.0
1996-01-16,57.79999923706055,468587168.0,95014672.0
1996-01-17,55.70000076293945,402176992.0,109795936.0
1996-01-18,54.60000228881836,449236224.0,147119840.0
1996-01-19,55.20000076293945,631693248.0,105126408.0
1996-01-22,53.10000228881836,459062144.0,80372248.0
1996-01-23,52.29999923706055,361714816.0,66678568.0
1996-01-24,51.79999923706055,298689760.0,83401528.0
1996-01-25,56.79999923706055,371910784.0,267227248.0
1996-01-26,57.5,1079287552.0,125520008.0
1996-01-29,57.900001525878906,526832640.0,128236672.0
1996-01-30,59.0,565442688.0,132934576.0
1996-01-31,62.79999923706055,609681792.0,237210656.0
1996-02-01,62.10000228881836,978325760.0,123638528.0
1996-02-02,61.0,550834304.0,116327600.0
1996-02-05,60.79999923706055,553535488.0,143166448.0
1996-02-06,58.70000076293945,763589824.0,92746872.0
1996-02-07,57.20000076293945,454189696.0,77953320.0
1996-02-08,54.20000076293945,375178560.0,53910120.0
1996-02-09,52.20000076293945,249081264.0,46582988.0
1996-02-12,50.10000228881836,208931024.0,49497092.0
1996-02-13,49.79999923706055,235341952.0,81313032.0
1996-02-14,48.79999923706055,348330240.0,82341800.0
1996-02-15,50.10000228881836,353645344.0,104192416.0
1996-02-16,57.900001525878906,481403808.0,244391008.0
1996-03-04,82.9000015258789,1169026432.0,545781760.0
1996-03-05,95.0999984741211,2805316608.0,514081280.0
1996-03-06,94.0999984741211,2577668608.0,295161248.0
1996-03-07,94.20000457763672,1458576768.0,143383840.0
1996-03-08,96.4000015258789,728405504.0,208607152.0
1996-03-11,94.30000305175781,1124635392.0,168936832.0
1996-03-12,92.5999984741211,855806080.0,161674192.0
1996-03-13,88.9000015258789,821684928.0,96738368.0
1996-03-14,86.5,471177312.0,115399776.0
1996-03-15,83.4000015258789,590183744.0,84805432.0
1996-03-18,83.5999984741211,421404448.0,127089864.0
1996-03-19,81.30000305175781,675354560.0,108871976.0
1996-03-20,81.30000305175781,564957568.0,122978040.0
1996-03-21,81.70000457763672,702932480.0,164819264.0
1996-03-22,81.0999984741211,912683136.0,136170048.0
1996-03-25,82.4000015258789,723788928.0,157209248.0
1996-03-26,81.0999984741211,909873984.0,157186624.0
1996-03-27,79.9000015258789,848763840.0,128400192.0
1996-03-28,78.4000015258789,670642752.0,136480032.0
1996-03-29,77.0999984741211,735107968.0,124235680.0
1996-04-01,80.4000015258789,621803712.0,197366800.0
1996-04-02,77.0,1121254528.0,94607632.0
1996-04-03,74.4000015258789,484619424.0,72507432.0
1996-04-04,73.20000457763672,371605408.0,92745752.0
1996-04-05,79.4000015258789,515680032.0,210928144.0
1996-04-08,88.30000305175781,1119053824.0,315609120.0
1996-04-09,88.20000457763672,1700909824.0,187304960.0
1996-04-10,89.20000457763672,893124992.0,172380432.0
1996-04-11,90.4000015258789,936439104.0,182974352.0
1996-04-12,99.0,977681216.0,368663168.0
1996-04-15,102.0,1836642432.0,257402144.0
1996-04-16,107.9000015258789,1239665792.0,325248576.0
1996-04-17,114.80000305175781,1446614784.0,390782016.0
1996-04-18,125.0999984741211,1849992320.0,385353920.0
1996-04-19,151.1999969482422,1924630912.0,729120192.0
1996-04-22,179.8000030517578,4025009408.0,878102784.0
1996-04-23,195.10000610351562,5136250880.0,605593088.0
1996-04-24,249.40000915527344,3213099264.0,1270847872.0
1996-04-25,273.20001220703125,7201189376.0,1213842304.0
1996-04-26,359.1000061035156,7363310080.0,1779030912.0
1996-04-29,426.0,11164311552.0,1687233280.0
1996-04-30,422.6000061035156,10883579904.0,1455284864.0
1996-05-02,416.5,9339618304.0,1133410944.0
1996-05-03,408.3000183105469,7112691712.0,639840192.0
1996-05-06,426.8999938964844,3972237312.0,961980160.0
1996-05-07,420.8000183105469,5145626624.0,934926656.0
1996-05-08,403.8000183105469,5292624896.0,559032128.0
1996-05-09,383.70001220703125,3199022080.0,488199840.0
1996-05-10,369.8999938964844,2932357120.0,409844448.0
1996-05-13,372.8000183105469,2324617984.0,676847744.0
1996-05-14,365.70001220703125,3806634752.0,620298176.0
1996-05-15,376.20001220703125,3746398976.0,607839040.0
1996-05-16,402.6000061035156,3867731200.0,1324294400.0
1996-05-17,421.8000183105469,7921790976.0,947296960.0
1996-05-20,445.5,6018407936.0,1433615488.0
1996-05-21,414.5,9186909184.0,860836032.0
1996-05-22,413.1000061035156,5334252544.0,644334208.0
1996-05-23,387.8999938964844,3977988864.0,638188992.0
1996-05-24,378.5,3908181760.0,498817216.0
1996-05-27,357.8000183105469,3109996800.0,282102464.0
1996-05-28,348.1000061035156,1713578240.0,297447072.0
1996-05-29,343.20001220703125,1773136512.0,327476640.0
1996-05-30,331.8000183105469,2108366976.0,444549984.0
1996-05-31,352.1000061035156,3063772416.0,669665472.0
1996-06-03,378.3999938964844,4998567936.0,945213184.0
1996-06-04,395.1000061035156,7553173504.0,880406528.0
1996-06-05,424.5,6390991360.0,1099461248.0
1996-06-06,454.5,8140636160.0,1155510656.0
1996-06-07,501.20001220703125,8813918208.0,1638404224.0
1996-06-10,533.7999877929688,11783969792.0,1443860736.0
1996-06-11,545.7999877929688,9934537728.0,1161567232.0
1996-06-12,566.2000122070312,8635480064.0,1277610368.0
1996-06-13,587.2999877929688,9634083840.0,1401964544.0
1996-06-14,596.4000244140625,9219108864.0,1620572032.0
1996-06-17,573.0,10716399616.0,977698880.0
1996-06-18,592.4000244140625,6761006592.0,796380032.0
1996-06-19,607.5,6564243968.0,1245241728.0
1996-06-20,610.7999877929688,9838126080.0,1041945920.0
1996-06-21,603.7999877929688,7844739072.0,958232640.0
1996-06-24,602.1000366210938,6854324224.0,960369088.0
1996-06-25,588.2999877929688,6616598016.0,1035902784.0
1996-06-26,590.7000122070312,7024396800.0,836479552.0
1996-06-27,590.4000244140625,5935964160.0,983918848.0
1996-06-28,579.0,7716917248.0,818313472.0
1996-07-01,549.2000122070312,6588423168.0,881059840.0
1996-07-02,540.1000366210938,6945652736.0,580669952.0
1996-07-03,563.1000366210938,4703238144.0,860199360.0
1996-07-04,581.7999877929688,7651115008.0,1045565376.0
1996-07-05,604.2999877929688,9088878592.0,1356797056.0
1996-07-08,645.1000366210938,10861964288.0,1390324992.0
1996-07-09,672.7999877929688,11626227712.0,1497888896.0
1996-07-10,693.7000122070312,11932988416.0,1567192448.0
1996-07-11,672.6000366210938,11562770432.0,1464985856.0
1996-07-12,688.9000244140625,10625682432.0,1171501440.0
1996-07-15,701.7999877929688,8805997568.0,1651847424.0
1996-07-16,745.6000366210938,11132331008.0,1771412992.0
1996-07-17,741.0,12495774720.0,1886293760.0
1996-07-18,757.1000366210938,13283777536.0,1285047680.0
1996-07-19,795.2999877929688,9105524736.0,2038435328.0
1996-07-22,845.0,14112523264.0,2228067328.0
1996-07-23,851.5,16004799488.0,1838535552.0
1996-07-24,871.5,13947429888.0,1704330880.0
1996-07-25,845.4000244140625,14000565248.0,1524010496.0
1996-07-26,815.1000366210938,12105091072.0,1140675840.0
1996-07-29,831.7999877929688,9575678976.0,1158875008.0
1996-07-30,806.2000122070312,9523532800.0,1325346048.0
1996-07-31,761.9000244140625,10489789440.0,889268352.0
1996-08-01,742.7000122070312,6925837824.0,750733696.0
1996-08-02,713.5,5956236288.0,817500096.0
1996-08-05,704.1000366210938,6645414912.0,690286400.0
1996-08-06,698.1000366210938,5464187392.0,845627712.0
1996-08-07,721.1000366210938,6979191296.0,1240017536.0
1996-08-08,724.5,10845024256.0,1086619008.0
1996-08-09,720.5,8929224704.0,1134456576.0
1996-08-12,731.1000366210938,9023947776.0,1171237504.0
1996-08-13,708.1000366210938,9329473536.0,806472832.0
1996-08-14,687.0,6579337216.0,742974720.0
1996-08-15,663.6000366210938,6256376832.0,694389376.0
1996-08-16,650.2000122070312,5907087872.0,812669504.0
1996-08-19,615.7000122070312,6922305024.0,533170464.0
1996-08-20,580.7000122070312,4498385920.0,575604416.0
1996-08-21,598.7999877929688,4683279872.0,806241536.0
1996-08-22,574.4000244140625,7096852992.0,688762304.0
1996-08-23,561.2000122070312,5771635712.0,750118976.0
1996-08-26,530.6000366210938,6224615936.0,602464832.0
1996-08-27,530.2000122070312,4985461760.0,550064512.0
1996-08-28,553.0,4390308864.0,902680384.0
1996-08-29,559.4000244140625,7301977600.0,859648832.0
1996-08-30,615.1000366210938,7115877888.0,1477023744.0
1996-09-02,658.2000122070312,12009161728.0,1666998528.0
1996-09-03,668.5,12840190976.0,1453933824.0
1996-09-04,693.6000366210938,11421043712.0,1330302336.0
1996-09-05,694.5,11076057088.0,1527016704.0
1996-09-06,678.6000366210938,12824268800.0,944050176.0
1996-09-09,660.0,7636028416.0,750059456.0
1996-09-10,613.6000366210938,6477940736.0,709248064.0
1996-09-11,603.4000244140625,5883510272.0,619769600.0
1996-09-12,569.9000244140625,4869490688.0,647675072.0
1996-09-13,570.7000122070312,5051592192.0,633750976.0
1996-09-16,577.5,4918061056.0,866344448.0
1996-09-17,586.5,6847701504.0,994283008.0
1996-09-18,560.6000366210938,7904457728.0,915358720.0
1996-09-19,555.0,7097721344.0,643025792.0
1996-09-20,569.4000244140625,4931760640.0,809325824.0
1996-09-23,619.1000366210938,6444184064.0,1279585664.0
1996-09-24,646.5,11337886720.0,1207371520.0
1996-09-25,650.2000122070312,11020784640.0,1033961728.0
1996-09-26,668.7000122070312,9369621504.0,1018255360.0
1996-09-27,710.6000366210938,9338286080.0,1332943744.0
1996-10-03,730.0,12418471936.0,1445731840.0
1996-10-04,733.2999877929688,11876818944.0,1292673536.0
1996-10-07,762.0,9536435200.0,1692619648.0
1996-10-08,798.6000366210938,12358667264.0,1711885696.0
1996-10-09,807.7000122070312,13757963264.0,1784206848.0
1996-10-10,856.7999877929688,14377723904.0,1947754112.0
1996-10-11,897.6000366210938,15017883648.0,2300162816.0
1996-10-14,975.1000366210938,17640527872.0,2756141056.0
1996-10-15,1010.0,21532178432.0,2264093440.0
1996-10-16,1033.9000244140625,18522712064.0,2243190016.0
1996-10-17,1084.0,19733811200.0,2301257472.0
1996-10-18,1056.0,20596324352.0,2311223552.0
1996-10-21,1113.5999755859375,20057483264.0,2225001472.0
1996-10-22,1100.9000244140625,18896543744.0,2243165696.0
1996-10-23,1151.5999755859375,18757679104.0,2295582720.0
1996-10-24,1164.0,19835232256.0,2122306944.0
1996-10-25,1181.0,19343542272.0,2115918464.0
1996-10-28,1245.0999755859375,19288532992.0,2409299200.0
1996-10-29,1280.5999755859375,22851606528.0,2497092608.0
1996-10-30,1230.7000732421875,25412030464.0,1965092224.0
1996-10-31,1259.9000244140625,18615656448.0,1959253888.0
1996-11-01,1187.4000244140625,18510874624.0,1817545728.0
1996-11-04,1171.4000244140625,16801200128.0,1199202944.0
1996-11-05,1131.7000732421875,11744124928.0,1290418816.0
1996-11-06,1068.0,13078784000.0,994638208.0
1996-11-07,1025.7000732421875,9560532992.0,783492608.0
1996-11-08,998.7000122070312,7855731712.0,854943040.0
1996-11-11,1034.4000244140625,8927316992.0,1347736064.0
1996-11-12,1051.4000244140625,14098772992.0,1471655808.0
1996-11-13,1073.800048828125,14558095360.0,1659927936.0
1996-11-14,1122.0999755859375,17127371776.0,1867373952.0
1996-11-15,1164.9000244140625,20136163328.0,1931440640.0
1996-11-18,1255.0999755859375,21082046464.0,2336108032.0
1996-11-19,1317.7000732421875,25109622784.0,2625281792.0
1996-11-20,1369.800048828125,26822318080.0,2269987072.0
1996-11-21,1283.9000244140625,25383989248.0,2196823552.0
1996-11-22,1304.2000732421875,24789133312.0,1526581248.0
1996-11-25,1339.5999755859375,16838000640.0,1812052224.0
1996-11-26,1324.9000244140625,20649355264.0,1744072448.0
1996-11-27,1288.300048828125,20531986432.0,1358948096.0
1996-11-28,1274.2000732421875,15444648960.0,1406628736.0
1996-11-29,1303.0,15440892928.0,1841165568.0
1996-12-02,1388.9000244140625,18634665984.0,2552478976.0
1996-12-03,1455.800048828125,24714745856.0,2724000768.0
1996-12-04,1534.7000732421875,27900475392.0,2608743168.0
1996-12-05,1622.0999755859375,28658493440.0,2842466304.0
1996-12-06,1653.800048828125,32528779264.0,2445777664.0
1996-12-09,1721.800048828125,28931407872.0,2489829376.0
1996-12-10,1701.800048828125,30528700416.0,2061309440.0
1996-12-11,1740.0,26316197888.0,2072942592.0
1996-12-12,1674.9000244140625,28185522176.0,1932940928.0
1996-12-13,1556.5999755859375,25728776192.0,1481642496.0
1996-12-16,1305.5,18678018048.0,182153440.0
1996-12-17,1131.7000732421875,2009428608.0,733734208.0
1996-12-18,1211.7000732421875,7785452544.0,1693464960.0
1996-12-19,1113.2000732421875,16793237504.0,1351741824.0
1996-12-20,1027.2000732421875,0.0,911900288.0
1996-12-23,1001.1000366210938,8824100864.0,925315776.0
1996-12-24,912.5,8441885696.0,766565248.0
1996-12-25,924.0,7334769152.0,947787136.0
1996-12-26,918.7999877929688,8464456704.0,821389120.0
1996-12-27,948.7999877929688,7128791552.0,1338180480.0
1996-12-30,1000.6000366210938,12082495488.0,1407106304.0
1996-12-31,955.9000244140625,13796282368.0,1097414272.0
1997-01-02,940.0,10695543808.0,771275968.0
1997-01-03,894.7999877929688,7532931584.0,871670528.0
1997-01-06,821.5,8077245952.0,574002816.0
1997-01-07,825.2000122070312,5282787840.0,654626112.0
1997-01-08,790.7999877929688,6093532672.0,544898048.0
1997-01-09,770.7999877929688,5030376960.0,516494272.0
1997-01-10,762.5,4881698816.0,637023872.0
1997-01-13,772.0,6162424832.0,910473472.0
1997-01-14,737.1000366210938,8073781760.0,733922304.0
1997-01-15,718.2999877929688,6625009664.0,502588064.0
1997-01-16,693.7999877929688,4785647104.0,460323712.0
1997-01-17,688.2000122070312,4510825984.0,575308224.0
1997-01-20,693.4000244140625,5972433408.0,723098880.0
1997-01-21,687.4000244140625,6982490624.0,743849216.0
1997-01-22,714.1000366210938,7081019904.0,898928256.0
1997-01-23,747.5,9199677440.0,1063428288.0
1997-01-24,764.9000244140625,11215885312.0,1006539520.0
1997-01-27,791.4000244140625,9925310464.0,1115278976.0
1997-01-28,789.6000366210938,11048273920.0,907850432.0
1997-01-29,789.0,8758153216.0,862870592.0
1997-01-30,798.6000366210938,8529169408.0,967337920.0
1997-01-31,810.2999877929688,9394075648.0,997579136.0
1997-02-17,809.4000244140625,10263228416.0,742740480.0
1997-02-18,774.1000366210938,7611753984.0,1421364736.0
1997-02-19,840.6000366210938,14351865856.0,1121798528.0
1997-02-20,893.4000244140625,11293872128.0,1857640320.0
1997-02-21,971.4000244140625,17724620800.0,1923560448.0
1997-02-24,997.5,16907502592.0,1665607808.0
1997-02-25,1014.2000122070312,15264116736.0,1231241344.0
1997-02-26,1041.5,12509865984.0,1243551872.0
1997-02-27,1059.5999755859375,12933873664.0,1470633984.0
1997-02-28,1085.300048828125,15357623296.0,1375378816.0
1997-03-03,1155.7000732421875,14165976064.0,1834502784.0
1997-03-04,1186.800048828125,19404869632.0,1797160448.0
1997-03-05,1164.300048828125,19052974080.0,1430294912.0
1997-03-06,1183.5999755859375,14859021312.0,1369499392.0
1997-03-07,1180.800048828125,13973071872.0,1376388224.0
1997-03-10,1211.4000244140625,14898864128.0,1351318912.0
1997-03-11,1249.0999755859375,15835089920.0,1524294912.0
1997-03-12,1295.9000244140625,17941776384.0,1756363136.0
1997-03-13,1291.7000732421875,20628670464.0,1538763136.0
1997-03-14,1307.2000732421875,17676099584.0,1395152768.0
1997-03-17,1387.0,16650246144.0,1958168320.0
1997-03-18,1434.4000244140625,24326543360.0,1888190720.0
1997-03-19,1444.5,24283627520.0,1499283456.0
1997-03-20,1394.4000244140625,19539904512.0,1422752384.0
1997-03-21,1434.800048828125,17874847744.0,1354340096.0
1997-03-24,1516.300048828125,17139189760.0,2136306176.0
1997-03-25,1553.0,26733889536.0,1853585664.0
1997-03-26,1595.0999755859375,23985934336.0,1831927552.0
1997-03-27,1599.0999755859375,22773266432.0,1901272704.0
1997-03-28,1578.2000732421875,23037313024.0,1469467392.0
1997-03-31,1607.4000244140625,18723006464.0,1641237504.0
1997-04-01,1594.9000244140625,19688656896.0,1565348096.0
1997-04-02,1566.5999755859375,18337677312.0,1475791616.0
1997-04-03,1548.0,17572659200.0,1223194368.0
1997-04-04,1592.5999755859375,15288137728.0,1815195392.0
1997-04-07,1637.0999755859375,24527851520.0,1805153664.0
1997-04-08,1604.2000732421875,25003556864.0,1481225984.0
1997-04-09,1651.5999755859375,21322866688.0,1578715520.0
1997-04-10,1649.9000244140625,22136315904.0,1728354432.0
1997-04-11,1630.800048828125,23537420288.0,1493334656.0
1997-04-14,1669.7000732421875,20384483328.0,1922847360.0
1997-04-15,1669.0999755859375,23705384960.0,1462940416.0
1997-04-16,1666.5,19136079872.0,1508714112.0
1997-04-17,1635.7000732421875,19919147008.0,1266766720.0
1997-04-18,1635.0999755859375,16971396096.0,1363883008.0
1997-04-21,1695.9000244140625,18010990592.0,1989760768.0
1997-04-22,1710.7000732421875,25373700096.0,1707873664.0
1997-04-23,1750.5,22300563456.0,1780589312.0
1997-04-24,1786.5999755859375,25538940928.0,1813425024.0
1997-04-25,1832.0999755859375,26931660800.0,2075094784.0
1997-04-28,1876.0999755859375,31432734720.0,1951050496.0
1997-04-29,1872.800048828125,29521352704.0,1702599808.0
1997-04-30,1885.4000244140625,24822882304.0,1544107648.0
1997-05-05,1981.5,21865062400.0,2029708544.0
1997-05-06,2100.0,29472258048.0,2276498176.0
1997-05-07,2174.0,35379699712.0,2310542848.0
1997-05-08,2084.800048828125,36631363584.0,2143037184.0
1997-05-09,2194.699951171875,35442843648.0,1889234944.0
1997-05-12,2289.400146484375,30346254336.0,2470779392.0
1997-05-13,2220.300048828125,36430049280.0,2016631168.0
1997-05-14,2048.900146484375,29128058880.0,1529369088.0
1997-05-15,2064.800048828125,22993762304.0,1306385024.0
1997-05-16,1883.800048828125,20323876864.0,1631936768.0
1997-05-19,1836.800048828125,23787345920.0,986025216.0
1997-05-20,1851.2000732421875,13469829120.0,1052307456.0
1997-05-21,1750.5999755859375,16535409664.0,998539776.0
1997-05-22,1570.2000732421875,15780829184.0,1123690368.0
1997-05-23,1563.300048828125,16684816384.0,957719040.0
1997-05-26,1539.0999755859375,14434066432.0,928228032.0
1997-05-27,1543.0999755859375,13931560960.0,973000192.0
1997-05-28,1507.0999755859375,14264981504.0,887322176.0
1997-05-29,1448.0999755859375,13476082688.0,795803136.0
1997-05-30,1437.5999755859375,11951367168.0,707318208.0
1997-06-02,1494.800048828125,10788898816.0,1140612480.0
1997-06-03,1512.4000244140625,16627349504.0,1312548224.0
1997-06-04,1525.800048828125,19467972608.0,1233075328.0
1997-06-05,1513.7000732421875,18226714624.0,1044845312.0
1997-06-06,1480.0999755859375,16375585792.0,1695842560.0
1997-06-09,1442.2000732421875,25563179008.0,843106176.0
1997-06-10,1337.9000244140625,11796291584.0,689599616.0
1997-06-11,1294.5,9452782592.0,892813888.0
1997-06-12,1237.0,11724316672.0,638239680.0
1997-06-13,1271.300048828125,8195624960.0,955637440.0
1997-06-16,1297.0,12431182848.0,1061710336.0
1997-06-17,1252.800048828125,14229412864.0,761406272.0
1997-06-18,1231.0999755859375,10507539456.0,800026688.0
1997-06-19,1185.4000244140625,10956942336.0,660144320.0
1997-06-20,1270.9000244140625,9048550400.0,1064574272.0
1997-06-23,1331.7000732421875,15711016960.0,1509540352.0
1997-06-24,1363.800048828125,23432022016.0,1039169856.0
1997-06-25,1359.9000244140625,15602127872.0,1023054400.0
1997-06-26,1356.800048828125,15212688384.0,983020096.0
1997-06-27,1360.7000732421875,14475883520.0,1243202560.0
1997-07-02,1297.0,19735982080.0,853019904.0
1997-07-03,1211.7000732421875,13336301568.0,804758784.0
1997-07-04,1196.300048828125,11173304320.0,821455232.0
1997-07-07,1083.4000244140625,10637867008.0,690795072.0
1997-07-08,1082.4000244140625,8910957568.0,747001344.0
1997-07-09,1065.9000244140625,9550800896.0,657679744.0
1997-07-10,1023.5,8106702848.0,648038720.0
1997-07-11,1056.5999755859375,7927037440.0,795878720.0
1997-07-14,1098.800048828125,10193691648.0,1126028672.0
1997-07-15,1107.800048828125,14284978176.0,1064746496.0
1997-07-16,1109.7000732421875,13361421312.0,1001103104.0
1997-07-17,1118.5,13295104000.0,920527296.0
1997-07-18,1143.300048828125,12290119680.0,976629504.0
1997-07-21,1133.4000244140625,13672074240.0,1014763456.0
1997-07-22,1140.800048828125,13316059136.0,868137856.0
1997-07-23,1134.7000732421875,10816282624.0,1052148608.0
1997-07-24,1084.4000244140625,13102086144.0,710563840.0
1997-07-25,1065.4000244140625,8994903040.0,724633920.0
1997-07-28,1010.9000244140625,9227203584.0,690058880.0
1997-07-29,990.5,8293734400.0,633589824.0
1997-07-30,993.6000366210938,7066062336.0,747387328.0
1997-07-31,976.7000122070312,8067032576.0,734180864.0
1997-08-01,952.2000122070312,7997434880.0,637806784.0
1997-08-04,955.7000122070312,6840652800.0,857711936.0
1997-08-05,935.7999877929688,9321678848.0,688458304.0
1997-08-06,892.5,7529139200.0,617278784.0
1997-08-07,891.5,6747825152.0,710682560.0
1997-08-08,909.1000366210938,7445839360.0,1182206464.0
1997-08-11,896.4000244140625,11959549952.0,963305984.0
1997-08-12,858.2000122070312,10212294656.0,745924096.0
1997-08-13,819.6000366210938,8027936256.0,597844928.0
1997-08-14,837.4000244140625,6320983552.0,626504832.0
1997-08-15,807.4000244140625,6761093632.0,640600704.0
1997-08-18,778.4000244140625,6715253248.0,579647680.0
1997-08-19,752.7999877929688,5994012160.0,443292736.0
1997-08-20,739.4000244140625,4589912064.0,442515424.0
1997-08-21,753.6000366210938,4537452544.0,706777536.0
1997-08-22,771.2000122070312,7487350784.0,822373504.0
1997-08-25,798.6000366210938,8709164032.0,935329792.0
1997-08-26,830.0,9690268672.0,1033606400.0
1997-08-27,843.5,10949464064.0,950356416.0
1997-08-28,866.9000244140625,9377518592.0,1131733888.0
1997-08-29,891.5,10949910528.0,1239805440.0
1997-09-01,911.6000366210938,12131924992.0,1163447680.0
1997-09-02,911.2999877929688,11233885184.0,934540864.0
1997-09-03,929.2999877929688,9073960960.0,990563328.0
1997-09-04,944.2000122070312,10258648064.0,1023577792.0
1997-09-05,933.5,10711197696.0,825347136.0
1997-09-08,936.1000366210938,8399042560.0,1011539008.0
1997-09-09,904.5,9581448192.0,854517376.0
1997-09-10,917.0,8107733504.0,988696320.0
1997-09-11,915.9000244140625,8813099008.0,1220939776.0
1997-09-12,871.7999877929688,11198381056.0,737586112.0
1997-09-15,831.6000366210938,6778527232.0,680957568.0
1997-09-16,805.2000122070312,6356648448.0,472729792.0
1997-09-17,756.4000244140625,4295585792.0,411137280.0
1997-09-18,731.6000366210938,3644909312.0,414779648.0
1997-09-19,711.6000366210938,3789091328.0,377746656.0
1997-09-22,647.9000244140625,3614706688.0,542466944.0
1997-09-23,605.4000244140625,5026011648.0,669225664.0
1997-09-24,658.7999877929688,5833375232.0,813936256.0
1997-09-25,671.9000244140625,7444520960.0,795523712.0
1997-09-26,651.2999877929688,7259122688.0,522519360.0
1997-09-29,618.6000366210938,4685041152.0,452072352.0
1997-09-30,605.7000122070312,4311616512.0,337332320.0
1997-10-06,578.0,3415484160.0,250900688.0
1997-10-07,553.2999877929688,2436056576.0,241111168.0
1997-10-08,567.9000244140625,2252315904.0,509796096.0
1997-10-09,549.5,4980146176.0,405532256.0
1997-10-10,539.4000244140625,3743143424.0,373963328.0
1997-10-13,521.0,3428271872.0,363501824.0
1997-10-14,504.5,3390512896.0,326073696.0
1997-10-15,506.1000061035156,2962444800.0,430045568.0
1997-10-16,552.0,4214900736.0,750417408.0
1997-10-17,629.7999877929688,8620947456.0,1092922112.0
1997-10-20,701.9000244140625,12721231872.0,1139961984.0
1997-10-21,757.2999877929688,13174197248.0,1057906496.0
1997-10-22,847.7000122070312,12105143296.0,1601758464.0
1997-10-23,896.4000244140625,20726441984.0,1155910528.0
1997-10-24,942.1000366210938,14035056640.0,1162694272.0
1997-10-27,1031.0,13497106432.0,1578348032.0
1997-10-28,1022.2999877929688,18491346944.0,1235072000.0
1997-10-29,1062.5999755859375,14811309056.0,1069517760.0
1997-10-30,1099.300048828125,13064301568.0,1474900096.0
1997-10-31,1105.7000732421875,18828691456.0,948079488.0
1997-11-03,1082.0,11890854912.0,773958144.0
1997-11-04,1065.0999755859375,8912991232.0,705970112.0
1997-11-05,1093.7000732421875,8084332032.0,1141937792.0
1997-11-06,1085.0,13069752320.0,1049223616.0
1997-11-07,1087.0999755859375,12403896320.0,911786432.0
1997-11-10,1068.300048828125,10211516416.0,1003358208.0
1997-11-11,1043.7000732421875,11469478912.0,727630720.0
1997-11-12,1000.7000122070312,8120772096.0,659649984.0
1997-11-13,1000.4000244140625,7518086656.0,699412160.0
1997-11-14,983.2999877929688,8047624192.0,746721152.0
1997-11-17,949.7000122070312,8693888000.0,549230592.0
1997-11-18,917.2000122070312,6442045952.0,502643072.0
1997-11-19,882.6000366210938,6311578624.0,458303552.0
1997-11-20,852.7999877929688,5297121280.0,534168704.0
1997-11-21,822.0,6066769408.0,556635328.0
1997-11-24,781.2999877929688,6430981120.0,507177120.0
1997-11-25,773.6000366210938,5513883136.0,511629024.0
1997-11-26,758.7000122070312,5841818624.0,413446496.0
1997-11-27,720.2999877929688,4459187200.0,460305312.0
1997-11-28,722.7000122070312,5052336128.0,481914880.0
1997-12-01,694.5,5328099328.0,406698528.0
1997-12-02,666.9000244140625,4564237824.0,340873888.0
1997-12-03,642.4000244140625,3730845184.0,340565984.0
1997-12-04,654.2999877929688,3782082304.0,505179136.0
1997-12-05,651.1000366210938,6010738176.0,535179488.0
1997-12-08,638.5,6219425280.0,410728832.0
1997-12-09,634.4000244140625,4554957312.0,414244960.0
1997-12-10,627.9000244140625,4717563392.0,426372992.0
1997-12-11,624.5,4853058560.0,441264032.0
1997-12-12,621.1000366210938,5356992512.0,475156576.0
1997-12-15,635.7999877929688,5811616256.0,559463360.0
1997-12-16,653.7000122070312,6572861440.0,596062336.0
1997-12-17,645.7000122070312,7514744320.0,603205504.0
1997-12-18,648.0,7375113216.0,534114592.0
1997-12-19,655.5,5997279744.0,574211648.0
1997-12-22,697.7000122070312,6563205120.0,847302720.0
1997-12-23,711.5,10331212800.0,673798464.0
1997-12-24,716.2000122070312,8091598336.0,627623168.0
1997-12-25,745.4000244140625,7440110592.0,851269824.0
1997-12-26,779.1000366210938,9377837056.0,917344000.0
1997-12-29,791.1000366210938,10569068544.0,830108544.0
1997-12-30,782.6000366210938,9256807424.0,613253184.0
1997-12-31,791.7999877929688,0.0,647619200.0
1998-01-05,850.9000244140625,7734888448.0,942237312.0
1998-01-06,898.7999877929688,12271368192.0,1028705216.0
1998-01-07,940.6000366210938,13115164672.0,1080920320.0
1998-01-08,961.9000244140625,12865003520.0,1031998144.0
1998-01-09,995.7000122070312,12305885184.0,1099883264.0
1998-01-12,1020.6000366210938,13695407104.0,1172849920.0
1998-01-13,1030.2000732421875,14397198336.0,1462515328.0
1998-01-14,1081.800048828125,18191046656.0,1196139648.0
1998-01-15,1106.2000732421875,13567711232.0,1173709696.0
1998-01-16,1082.0,12504337408.0,803970176.0
1998-01-19,1058.7000732421875,9437895680.0,667507840.0
1998-01-20,1010.9000244140625,8133981184.0,539189312.0
1998-01-21,964.9000244140625,6628449792.0,459540704.0
1998-01-22,957.7999877929688,5757484032.0,662537856.0
1998-01-23,950.0,7321802752.0,589115776.0
1998-02-09,959.5,6946647552.0,741021952.0
1998-02-10,941.9000244140625,8676118528.0,794433984.0
1998-02-11,936.5,8873339904.0,741128000.0
1998-02-12,934.7999877929688,7828792832.0,858629184.0
1998-02-13,926.7000122070312,9305985024.0,722485824.0
1998-02-16,925.5,8260926976.0,820866816.0
1998-02-17,910.7000122070312,9402050560.0,637606080.0
1998-02-18,901.4000244140625,7188236800.0,778317824.0
1998-02-19,881.9000244140625,8271352320.0,576976128.0
1998-02-20,861.4000244140625,6294921728.0,622710144.0
1998-02-23,842.2999877929688,6716073472.0,655291776.0
1998-02-24,819.7999877929688,7231321600.0,541089152.0
1998-02-25,796.0,6072100352.0,551368704.0
1998-02-26,792.2000122070312,6266850304.0,519699456.0
1998-02-27,778.7999877929688,5969163264.0,559252480.0
1998-03-02,763.5,6357785600.0,784615168.0
1998-03-03,762.5,8330040832.0,567956544.0
1998-03-04,759.7999877929688,5940833280.0,563572800.0
1998-03-05,747.2000122070312,6467631104.0,508457504.0
1998-03-06,733.5,5894160384.0,499232640.0
1998-03-09,720.7000122070312,5564780544.0,509105248.0
1998-03-10,711.4000244140625,5778657792.0,488221280.0
1998-03-11,712.6000366210938,5744398336.0,609500288.0
1998-03-12,693.1000366210938,7481720320.0,473428960.0
1998-03-13,685.6000366210938,5227995648.0,446068032.0
1998-03-16,693.5,5050320896.0,573805888.0
1998-03-17,710.7000122070312,6693326848.0,665246144.0
1998-03-18,709.4000244140625,7834195968.0,654487616.0
1998-03-19,699.0,7617521152.0,570110976.0
1998-03-20,690.2000122070312,6255251456.0,517979520.0
1998-03-23,690.0,5675436032.0,586392640.0
1998-03-24,697.0,6792091648.0,563442560.0
1998-03-25,712.6000366210938,6471799808.0,743579776.0
1998-03-26,719.7999877929688,8827452416.0,765231808.0
1998-03-27,786.2000122070312,8238319616.0,1105310080.0
1998-03-30,857.1000366210938,12682618880.0,1261481472.0
1998-03-31,878.5,14475801600.0,1045721600.0
1998-04-01,918.1000366210938,11927926784.0,1093645440.0
1998-04-02,1011.5,12306265088.0,1873109888.0
1998-04-03,1063.0999755859375,20671660032.0,1390255872.0
1998-04-06,1140.7000732421875,15491081216.0,1773727488.0
1998-04-07,1161.4000244140625,18777257984.0,1355051136.0
1998-04-08,1235.300048828125,14874878976.0,1897231360.0
1998-04-09,1263.2000732421875,19527241728.0,1996319232.0
1998-04-10,1306.5999755859375,20898164736.0,1525475200.0
1998-04-13,1357.0,17491441664.0,1645851008.0
1998-04-14,1338.9000244140625,20137191424.0,1104288896.0
1998-04-15,1350.5,12945884160.0,1233955328.0
1998-04-16,1354.7000732421875,13797251072.0,1348219008.0
1998-04-17,1325.2000732421875,15752543232.0,1241628544.0
1998-04-20,1316.4000244140625,13689511936.0,1158643712.0
1998-04-21,1301.800048828125,12799048704.0,974224128.0
1998-04-22,1327.9000244140625,10430896128.0,1318963968.0
1998-04-23,1317.2000732421875,14062157824.0,1196534016.0
1998-04-24,1309.0,13926554624.0,1227682816.0
1998-04-27,1321.0999755859375,14507469824.0,1194534656.0
1998-04-28,1347.5,15596581888.0,1176400768.0
1998-04-29,1340.0,14487355392.0,1023387200.0
1998-04-30,1353.800048828125,12699960320.0,1151472000.0
1998-05-04,1394.0,14081757184.0,1365780864.0
1998-05-05,1394.0,17342095360.0,1128729984.0
1998-05-06,1395.0,13928747008.0,1181871360.0
1998-05-07,1384.0,14551031808.0,1425716480.0
1998-05-08,1435.9000244140625,17138622464.0,1461835264.0
1998-05-11,1469.5999755859375,17110603776.0,1856636160.0
1998-05-12,1460.5999755859375,20923598848.0,1420104448.0
1998-05-13,1488.0999755859375,14795584512.0,1524770048.0
1998-05-14,1482.800048828125,16902589440.0,1466621568.0
1998-05-15,1472.5999755859375,16856627200.0,1319581952.0
1998-05-18,1448.4000244140625,15166971904.0,989872768.0
1998-05-19,1417.300048828125,11616814080.0,891151360.0
1998-05-20,1387.800048828125,10877074432.0,952879616.0
1998-05-21,1375.9000244140625,11418603520.0,978470656.0
1998-05-22,1388.4000244140625,11475121152.0,1275997056.0
1998-05-25,1434.4000244140625,14929138688.0,1624892416.0
1998-05-26,1447.5999755859375,18587240448.0,1412743040.0
1998-05-27,1471.5999755859375,16383531008.0,1513706368.0
1998-05-28,1466.2000732421875,17326073856.0,1378140288.0
1998-05-29,1485.800048828125,15241998336.0,1408782848.0
1998-06-01,1514.0999755859375,16516868096.0,1558072192.0
1998-06-02,1506.5,18499702784.0,1215441024.0
1998-06-03,1497.5999755859375,14308347904.0,1172250624.0
1998-06-04,1467.2000732421875,13564269568.0,1161175040.0
1998-06-05,1460.300048828125,13670437888.0,1218272896.0
1998-06-08,1438.2000732421875,14646885376.0,1070448960.0
1998-06-09,1387.9000244140625,13067982848.0,1162921344.0
1998-06-10,1357.5,13312913408.0,845421376.0
1998-06-11,1286.5,10269535232.0,676240640.0
1998-06-12,1307.5,7749516800.0,875168768.0
1998-06-15,1267.5999755859375,10343212032.0,850299200.0
1998-06-16,1243.300048828125,10377998336.0,867467904.0
1998-06-17,1206.9000244140625,10191471616.0,672320448.0
1998-06-18,1193.7000732421875,8089467904.0,689796608.0
1998-06-19,1201.2000732421875,8243047424.0,821711936.0
1998-06-22,1218.5999755859375,10393058304.0,1024187904.0
1998-06-23,1228.300048828125,12985848832.0,995451648.0
1998-06-24,1223.800048828125,12743550976.0,930552192.0
1998-06-25,1185.7000732421875,11676584960.0,766609920.0
1998-06-26,1173.0999755859375,9496673280.0,769242560.0
1998-06-29,1129.300048828125,9611953152.0,695218816.0
1998-06-30,1081.800048828125,8481064448.0,563293440.0
1998-07-01,1046.5,6901372416.0,722595456.0
1998-07-02,1043.800048828125,8513489920.0,695173312.0
1998-07-03,1035.0999755859375,7993552384.0,793009792.0
1998-07-06,993.7999877929688,8894513152.0,657356992.0
1998-07-07,967.1000366210938,7009942528.0,491901248.0
1998-07-08,949.1000366210938,5515180544.0,505234880.0
1998-07-09,925.7000122070312,5788802048.0,524568576.0
1998-07-10,933.7000122070312,5895304704.0,673152832.0
1998-07-13,930.7999877929688,7869513728.0,734840320.0
1998-07-14,917.4000244140625,8413554688.0,794240576.0
1998-07-15,910.9000244140625,9232552960.0,646345088.0
1998-07-16,898.7999877929688,7675998720.0,650322560.0
1998-07-17,889.0,7820434944.0,696474752.0
1998-07-20,866.2999877929688,8247438336.0,663031744.0
1998-07-21,871.0,7556047360.0,583542848.0
1998-07-22,847.4000244140625,6781107712.0,548409920.0
1998-07-23,845.1000366210938,6461960704.0,543241152.0
1998-07-24,853.7999877929688,6373089792.0,674702016.0
1998-07-27,845.2000122070312,8162153472.0,621668160.0
1998-07-28,828.1000366210938,7115802112.0,544721280.0
1998-07-29,809.7000122070312,6098022400.0,566540608.0
1998-07-30,800.0,6303609344.0,544099968.0
1998-07-31,794.6000366210938,6359350272.0,440336160.0
1998-08-03,776.7999877929688,4937225216.0,570686784.0
1998-08-04,758.4000244140625,6152981504.0,525403840.0
1998-08-05,752.6000366210938,5531862528.0,493392896.0
1998-08-06,734.2999877929688,5342600192.0,512845088.0
1998-08-07,728.2000122070312,5552037376.0,665943040.0
1998-08-10,702.7000122070312,7556464128.0,569651392.0
1998-08-11,676.0,6038285824.0,457990848.0
1998-08-12,676.9000244140625,4926365696.0,666231232.0
1998-08-13,688.9000244140625,6943612416.0,601249664.0
1998-08-14,668.2000122070312,6615761920.0,625004032.0
1998-08-17,622.2000122070312,6524948992.0,682547264.0
1998-08-18,626.9000244140625,6607581696.0,643177664.0
1998-08-19,668.5,6123138048.0,715561792.0
1998-08-20,701.1000366210938,6986627072.0,831557568.0
1998-08-21,737.7000122070312,8167140352.0,902895616.0
1998-08-24,763.7000122070312,9369291776.0,923816640.0
1998-08-25,775.1000366210938,9695056896.0,794478336.0
1998-08-26,762.0,8117584896.0,668560064.0
1998-08-27,741.2000122070312,6994841088.0,585561216.0
1998-08-28,719.0,5979716096.0,552159936.0
1998-08-31,731.0,5498978304.0,658964352.0
1998-09-01,722.2000122070312,6196856832.0,773441024.0
1998-09-02,703.6000366210938,6809070080.0,511954144.0
1998-09-03,692.7000122070312,4807661568.0,447120224.0
1998-09-04,698.1000366210938,4491102208.0,591076032.0
1998-09-07,706.7999877929688,5921898496.0,644777024.0
1998-09-08,705.2999877929688,6308585472.0,697684032.0
1998-09-09,740.5,6891113984.0,810436544.0
1998-09-10,810.0,8707755008.0,1249705728.0
1998-09-11,850.4000244140625,13869485056.0,1116390144.0
1998-09-14,909.2000122070312,12049917952.0,1284606080.0
1998-09-15,933.7000122070312,13561157632.0,1234237056.0
1998-09-16,971.7000122070312,12954251264.0,1148928256.0
1998-09-17,1002.1000366210938,12060546048.0,1493223424.0
1998-09-18,998.1000366210938,15988268032.0,1182958080.0
1998-09-21,999.4000244140625,12313259008.0,811098304.0
1998-09-22,980.5,8376300544.0,764432832.0
1998-09-23,966.7000122070312,7880087040.0,739035648.0
1998-09-24,948.1000366210938,7528894976.0,926047424.0
1998-09-25,944.2999877929688,9650459648.0,707786688.0
1998-09-28,946.2000122070312,7191900672.0,973387712.0
1998-09-29,931.7999877929688,9248291840.0,764422144.0
1998-09-30,921.0,7386273280.0,657484800.0
1998-10-05,895.2000122070312,6896471040.0,598284416.0
1998-10-06,861.2000122070312,6099653632.0,623218176.0
1998-10-07,841.1000366210938,6327141376.0,619706496.0
1998-10-08,840.1000366210938,6205291008.0,669838272.0
1998-10-09,842.7000122070312,6707137024.0,814322944.0
1998-10-12,858.5,8135435776.0,927280896.0
1998-10-13,866.1000366210938,9293001728.0,915081280.0
1998-10-14,857.2000122070312,9508935680.0,699923968.0
1998-10-15,875.0,7321196032.0,890291200.0
1998-10-16,894.5,9516199936.0,1013259648.0
1998-10-19,907.9000244140625,10982257664.0,948606848.0
1998-10-20,900.7000122070312,9958715392.0,794546496.0
1998-10-21,896.2999877929688,8363320832.0,1094670720.0
1998-10-22,910.9000244140625,11158685696.0,938339136.0
1998-10-23,918.9000244140625,9685581824.0,949215168.0
1998-10-26,930.0,10225811456.0,1037267136.0
1998-10-27,935.4000244140625,10865501184.0,838107136.0
1998-10-28,942.5,9096090624.0,865776192.0
1998-10-29,935.7000122070312,9317308416.0,870346624.0
1998-10-30,934.2999877929688,9033556992.0,858276928.0
1998-11-02,938.1000366210938,9277107200.0,794442048.0
1998-11-03,948.2999877929688,8718495744.0,833350912.0
1998-11-04,948.0,9395338240.0,853360640.0
1998-11-05,977.9000244140625,9191493632.0,1040590144.0
1998-11-06,1031.0999755859375,11664497664.0,1380469504.0
1998-11-09,1078.800048828125,16374063104.0,1272080640.0
1998-11-10,1102.4000244140625,14397329408.0,1215078272.0
1998-11-11,1117.0,13302545408.0,1144595840.0
1998-11-12,1123.0999755859375,12503911424.0,1156776448.0
1998-11-13,1120.7000732421875,12759821312.0,990239296.0
1998-11-16,1136.2000732421875,11045187584.0,1041486144.0
1998-11-17,1132.800048828125,11975689216.0,979037888.0
1998-11-18,1117.800048828125,11289678848.0,905341184.0
1998-11-19,1103.0,9971650560.0,841618176.0
1998-11-20,1082.2000732421875,9898198016.0,763537792.0
1998-11-23,1058.2000732421875,8749899776.0,714834752.0
1998-11-24,1036.4000244140625,8034537472.0,629297216.0
1998-11-25,997.6000366210938,7207238656.0,616301056.0
1998-11-26,971.1000366210938,6937953792.0,662040704.0
1998-11-27,942.1000366210938,7401160192.0,620917056.0
1998-11-30,919.4000244140625,6803824128.0,544981376.0
1998-12-01,882.9000244140625,5962612736.0,520992672.0
1998-12-02,862.5,5657170944.0,536974720.0
1998-12-03,836.2999877929688,5662798848.0,517480800.0
1998-12-04,805.7000122070312,5611717632.0,524206336.0
1998-12-07,776.7999877929688,5470050304.0,461018848.0
1998-12-08,756.1000366210938,4908052992.0,381008832.0
1998-12-09,726.1000366210938,3893593856.0,345090720.0
1998-12-10,696.1000366210938,3439208960.0,443802944.0
1998-12-11,681.4000244140625,4503625216.0,410652576.0
1998-12-14,647.2999877929688,3925475584.0,358829248.0
1998-12-15,635.1000366210938,3536334336.0,422991968.0
1998-12-16,609.1000366210938,4257357568.0,340960416.0
1998-12-17,588.5,3425234944.0,447937056.0
1998-12-18,576.4000244140625,4312810496.0,409729824.0
1998-12-21,560.7000122070312,4038723328.0,340809632.0
1998-12-22,575.9000244140625,3213497856.0,501586208.0
1998-12-23,563.0,5003632640.0,442057216.0
1998-12-24,553.7000122070312,4488430080.0,417396288.0
1998-12-25,542.5,4120005120.0,359100864.0
1998-12-28,525.6000366210938,3647987456.0,385143296.0
1998-12-29,511.0,3782067200.0,416087680.0
1998-12-30,513.2000122070312,4030951424.0,456685376.0
1998-12-31,500.3000183105469,4439609344.0,309083744.0
1999-01-04,472.3999938964844,3156045056.0,237760016.0
1999-01-05,461.20001220703125,2203521280.0,335884288.0
1999-01-06,460.6000061035156,2982919424.0,374798720.0
1999-01-07,461.8000183105469,0.0,413507904.0
1999-01-08,489.20001220703125,3958295552.0,583585152.0
1999-01-11,501.70001220703125,5885314048.0,565935296.0
1999-01-12,505.8999938964844,5596865024.0,573268928.0
1999-01-13,508.3000183105469,5791029248.0,561632960.0
1999-01-14,506.0,5362399744.0,461977952.0
1999-01-15,510.20001220703125,4465127424.0,602747840.0
1999-01-18,534.0,5647099392.0,650706560.0
1999-01-19,551.7999877929688,6282224128.0,662624768.0
1999-01-20,546.1000366210938,6581852160.0,484855072.0
1999-01-21,551.4000244140625,4701353984.0,519666560.0
1999-01-22,562.7000122070312,4972403200.0,691205888.0
1999-01-25,559.5,6455245312.0,628100992.0
1999-01-26,552.0,5562534400.0,496017632.0
1999-01-27,556.1000366210938,4560840192.0,563419328.0
1999-01-28,562.2999877929688,4923940864.0,643758592.0
1999-01-29,559.2000122070312,6115406336.0,579062144.0
1999-02-01,554.5,5258458624.0,581924032.0
1999-02-02,550.6000366210938,5214406656.0,469923872.0
1999-02-03,538.7000122070312,4319549952.0,441870464.0
1999-02-04,522.7000122070312,4188888320.0,426686656.0
1999-02-05,508.3000183105469,3919908352.0,470731488.0
1999-02-08,493.0,4319515136.0,406054528.0
1999-02-09,496.3000183105469,3631057664.0,373216288.0
1999-03-01,490.1000061035156,3472841472.0,348728864.0
1999-03-02,486.8000183105469,3033683200.0,439652320.0
1999-03-03,508.5,3773702144.0,624572800.0
1999-03-04,518.6000366210938,5512911872.0,633110784.0
1999-03-05,532.1000366210938,5626634240.0,701105344.0
1999-03-08,549.7999877929688,6015780352.0,693725312.0
1999-03-09,566.1000366210938,6093635584.0,743917376.0
1999-03-10,571.6000366210938,7140652032.0,612466688.0
1999-03-11,601.9000244140625,5859046400.0,804175360.0
1999-03-12,628.5,7720126464.0,943154304.0
1999-03-15,663.4000244140625,8281991168.0,1043759296.0
1999-03-16,676.1000366210938,9497157632.0,814743168.0
1999-03-17,692.0,7477190144.0,1032096448.0
1999-03-18,692.6000366210938,9104017408.0,744235968.0
1999-03-19,735.1000366210938,7059907584.0,944869952.0
1999-03-22,759.6000366210938,9629702144.0,1095836416.0
1999-03-23,759.1000366210938,10323835904.0,730979072.0
1999-03-24,756.6000366210938,7100730368.0,743571712.0
1999-03-25,750.7000122070312,7214045696.0,724427840.0
1999-03-26,748.1000366210938,7304258048.0,651366336.0
1999-03-29,757.2000122070312,6542466048.0,753229312.0
1999-03-30,742.7000122070312,7336811008.0,670901824.0
1999-03-31,742.4000244140625,6461106688.0,674403200.0
1999-04-01,764.5,6611054080.0,939538624.0
1999-04-02,795.7999877929688,9091603456.0,1100168576.0
1999-04-05,828.4000244140625,10315401216.0,1161117440.0
1999-04-06,839.9000244140625,10933408768.0,977565376.0
1999-04-07,857.9000244140625,9120168960.0,1186396288.0
1999-04-08,871.5,10246922240.0,1094057472.0
1999-04-09,894.6000366210938,9859133440.0,1252176256.0
1999-04-12,907.9000244140625,11565127680.0,1366507264.0
1999-04-13,894.2000122070312,11717114880.0,990200832.0
1999-04-14,885.4000244140625,8620200960.0,792409472.0
1999-04-15,873.2000122070312,7095792128.0,926701760.0
1999-04-16,862.5,8238227968.0,880291264.0
1999-04-19,852.1000366210938,7880992768.0,802268160.0
1999-04-20,850.2999877929688,7146102784.0,773539776.0
1999-04-21,827.0,6790608896.0,882563392.0
1999-04-22,833.0,7639878144.0,1065489024.0
1999-04-23,835.6000366210938,8749770752.0,998019968.0
1999-04-26,815.7000122070312,7928933888.0,976062720.0
1999-04-27,787.6000366210938,7607106560.0,830154816.0
1999-04-28,773.4000244140625,6475568128.0,720139712.0
1999-04-29,779.7000122070312,6247854592.0,706188864.0
1999-04-30,762.9000244140625,5900351488.0,607296192.0
1999-05-04,736.4000244140625,5125715968.0,544449664.0
1999-05-05,713.7000122070312,4564194816.0,489566528.0
1999-05-06,707.7000122070312,4076169728.0,579633920.0
1999-05-07,693.4000244140625,5222759936.0,675346688.0
1999-05-10,665.6000366210938,5528035840.0,852512832.0
1999-05-11,665.7999877929688,6611354112.0,563518784.0
1999-05-12,650.6000366210938,4473492480.0,497459552.0
1999-05-13,623.9000244140625,4264864000.0,445249920.0
1999-05-14,600.5,3669792512.0,610202688.0
1999-05-17,588.2000122070312,4842764800.0,463024800.0
1999-05-18,570.7000122070312,3866389248.0,408538720.0
1999-05-19,614.0,3567787776.0,784307584.0
1999-05-20,689.1000366210938,7237625856.0,1307425408.0
1999-05-21,778.6000366210938,12443553792.0,1671191552.0
1999-05-24,946.5,16293276672.0,2472231680.0
1999-05-25,1072.2000732421875,24068618240.0,2677641984.0
1999-05-26,1178.300048828125,27055486976.0,2040937856.0
1999-05-27,1355.7000732421875,21205772288.0,2984671744.0
1999-05-28,1453.4000244140625,30353018880.0,2618021120.0
1999-05-31,1573.4000244140625,26322898944.0,2898879744.0
1999-06-01,1668.7000732421875,30823065600.0,2430610944.0
1999-06-02,1725.0999755859375,25458847744.0,2860856832.0
1999-06-03,1718.800048828125,30649126912.0,2039221632.0
1999-06-04,1754.5999755859375,21718687744.0,1879682048.0
1999-06-07,1838.9000244140625,21152294912.0,2221023488.0
1999-06-08,1885.5,24470206464.0,2399894016.0
1999-06-09,1918.9000244140625,25392252928.0,2288077312.0
1999-06-10,2012.5,23140638720.0,3377649152.0
1999-06-11,2054.199951171875,32909064192.0,2591283456.0
1999-06-14,2188.900146484375,26116950016.0,3261559552.0
1999-06-15,2264.60009765625,32246237184.0,4625174016.0
1999-06-16,2441.5,47857700864.0,3202816256.0
1999-06-17,2648.5,34793836544.0,4303904256.0
1999-06-18,2766.400146484375,48913776640.0,4218740224.0
1999-06-21,2917.699951171875,48137527296.0,3893587200.0
1999-06-22,2993.400146484375,43163922432.0,3654297600.0
1999-06-23,3146.60009765625,40888586240.0,4125652736.0
1999-06-24,3363.60009765625,48087945216.0,4653003776.0
1999-06-25,3439.199951171875,57838637056.0,5811543552.0
1999-06-28,3736.800048828125,75135860736.0,4303947776.0
1999-06-29,3900.300048828125,55899783168.0,4577741824.0
1999-06-30,3859.199951171875,59315580928.0,4862104064.0
1999-07-01,3542.60009765625,60904837120.0,3635745536.0
1999-07-02,3618.60009765625,45334953984.0,3313933824.0
1999-07-05,3443.10009765625,40523403264.0,2718736384.0
1999-07-06,3174.699951171875,32453408768.0,1982647296.0
1999-07-07,3175.5,23125153792.0,1811000448.0
1999-07-08,3087.0,21994074112.0,1845110144.0
1999-07-09,3001.699951171875,22923190272.0,1800247168.0
1999-07-12,2892.0,22183524352.0,1991549440.0
1999-07-13,2717.60009765625,25757751296.0,1512168192.0
1999-07-14,2695.800048828125,18567249920.0,1496127488.0
1999-07-15,2587.800048828125,17935710208.0,1416635776.0
1999-07-16,2449.5,17886943232.0,1519448576.0
1999-07-19,2298.5,17669087232.0,1403551872.0
1999-07-20,2430.0,16114511872.0,1767243520.0
1999-07-21,2551.800048828125,22295437312.0,2735645440.0
1999-07-22,2422.10009765625,37550518272.0,1898047744.0
1999-07-23,2415.199951171875,24373499904.0,1500066560.0
1999-07-26,2383.699951171875,19687143424.0,1549538432.0
1999-07-27,2313.300048828125,18694789120.0,1495344000.0
1999-07-28,2276.0,17200785408.0,1437333376.0
1999-07-29,2205.699951171875,17542281216.0,1218558592.0
1999-07-30,2148.300048828125,15095742464.0,1240600832.0
1999-08-02,2137.400146484375,14902471680.0,1539430272.0
1999-08-03,2116.800048828125,18097960960.0,1653514880.0
1999-08-04,2131.900146484375,17945673728.0,1807210624.0
1999-08-05,2138.5,21110104064.0,1893938048.0
1999-08-06,2153.0,22051540992.0,2281939968.0
1999-08-09,2109.10009765625,25702885376.0,1779615232.0
1999-08-10,2040.800048828125,19653425152.0,1521657344.0
1999-08-11,1953.800048828125,16861441024.0,1137230336.0
1999-08-12,1881.7000732421875,13151847424.0,946548032.0
1999-08-13,1798.800048828125,10603088896.0,853796608.0
1999-08-16,1723.5999755859375,9271083008.0,894932544.0
1999-08-17,1705.0999755859375,9635134464.0,1123881088.0
1999-08-18,1652.0999755859375,12577504256.0,868189888.0
1999-08-19,1763.5999755859375,9592938496.0,1883441024.0
1999-08-20,1761.5999755859375,22969651200.0,1552711552.0
1999-08-23,1773.9000244140625,18332112896.0,1502088192.0
1999-08-24,1787.0999755859375,17094927360.0,1594701696.0
1999-08-25,1739.800048828125,18535813120.0,1289515008.0
1999-08-26,1710.5999755859375,14787781632.0,1024055104.0
1999-08-27,1677.4000244140625,11793127424.0,1124584320.0
1999-08-30,1644.0999755859375,12837614592.0,1219508224.0
1999-08-31,1613.2000732421875,13863107584.0,939525760.0
1999-09-01,1544.0,10895181824.0,900035968.0
1999-09-02,1525.800048828125,10379004928.0,927626304.0
1999-09-03,1463.800048828125,10818444288.0,779756160.0
1999-09-06,1390.5,9313906688.0,642287808.0
1999-09-07,1345.4000244140625,7265875968.0,621931840.0
1999-09-08,1306.4000244140625,7337636864.0,593942016.0
1999-09-09,1507.9000244140625,6986447360.0,2077350656.0
1999-09-10,1631.300048828125,26684755968.0,2369307392.0
1999-09-13,1669.7000732421875,31055962112.0,1571899136.0
1999-09-14,1682.9000244140625,19212226560.0,1482573056.0
1999-09-15,1658.9000244140625,17881178112.0,1204993792.0
1999-09-16,1613.800048828125,15009868800.0,1015971456.0
1999-09-17,1579.0999755859375,12536759296.0,920762432.0
1999-09-20,1518.5999755859375,11485160448.0,745098624.0
1999-09-21,1457.5999755859375,9135129600.0,605026752.0
1999-09-22,1398.5,7615343104.0,581158080.0
1999-09-23,1351.5999755859375,7353328640.0,689553344.0
1999-09-24,1315.0,8516283904.0,557466304.0
1999-09-27,1272.300048828125,7020420096.0,693789888.0
1999-09-28,1224.0,8244231680.0,564854016.0
1999-09-29,1185.4000244140625,6983878144.0,600068864.0
1999-09-30,1144.300048828125,7244246016.0,586151360.0
1999-10-08,1078.5,7100323840.0,426612960.0
1999-10-11,1033.5999755859375,4841694720.0,434791552.0
1999-10-12,998.7999877929688,5035614720.0,349222368.0
1999-10-13,941.7000122070312,4174376192.0,389825568.0
1999-10-14,915.7000122070312,4468583424.0,449938304.0
1999-10-15,929.6000366210938,5445319680.0,618827072.0
1999-10-18,888.7000122070312,7672826880.0,552455040.0
1999-10-19,852.4000244140625,6557551104.0,506279456.0
1999-10-20,839.5,5803317248.0,433767680.0
1999-10-21,813.7000122070312,4983906304.0,551526720.0
1999-10-22,851.1000366210938,6183283200.0,758422784.0
1999-10-25,818.6000366210938,9427338240.0,493856992.0
1999-10-26,816.4000244140625,5781769216.0,501312640.0
1999-10-27,887.4000244140625,6295257600.0,1082529152.0
1999-10-28,884.5,12669605888.0,801589696.0
1999-10-29,877.4000244140625,9208976384.0,659815744.0
1999-11-01,851.9000244140625,7715404288.0,482167008.0
1999-11-02,827.5,5738595840.0,422442688.0
1999-11-03,800.6000366210938,5116748288.0,416660352.0
1999-11-04,796.9000244140625,4941837312.0,510912768.0
1999-11-05,783.9000244140625,7130878464.0,476040704.0
1999-11-08,775.7999877929688,5813417984.0,468582176.0
1999-11-09,756.9000244140625,5559577088.0,454621664.0
1999-11-10,806.0,5318751744.0,844770048.0
1999-11-11,788.6000366210938,11991430144.0,517414848.0
1999-11-12,773.2000122070312,6116552192.0,418061312.0
1999-11-15,761.5,5012572160.0,484895168.0
1999-11-16,763.2000122070312,5584297984.0,749565696.0
1999-11-17,779.7000122070312,8391516672.0,623604224.0
1999-11-18,844.0,7058418688.0,1089840000.0
1999-11-19,838.4000244140625,12970556416.0,679589888.0
1999-11-22,827.6000366210938,7959915008.0,577179584.0
1999-11-23,811.1000366210938,6526469632.0,446243904.0
1999-11-24,783.0,5278050304.0,403475584.0
1999-11-25,763.5,4616092672.0,502206016.0
1999-11-26,749.6000366210938,5123024384.0,457496736.0
1999-11-29,734.7999877929688,5179009024.0,503500000.0
1999-11-30,719.1000366210938,5487783936.0,408525216.0
1999-12-01,717.2999877929688,4689165824.0,456516704.0
1999-12-02,711.0,5423560704.0,558542208.0
1999-12-03,705.1000366210938,6274853888.0,500938656.0
1999-12-06,696.7000122070312,5595462656.0,499098176.0
1999-12-07,690.1000366210938,5609019904.0,452287968.0
1999-12-08,684.1000366210938,5359029760.0,484988416.0
1999-12-09,677.0,5616683008.0,469681408.0
1999-12-10,689.2999877929688,5359605760.0,550520768.0
1999-12-13,692.9000244140625,6716148736.0,570746112.0
1999-12-14,696.1000366210938,7158019072.0,511718464.0
1999-12-15,764.9000244140625,5900761088.0,1025551680.0
1999-12-16,771.9000244140625,12563169280.0,725638464.0
1999-12-17,765.4000244140625,8082328576.0,640429568.0
1999-12-21,749.7999877929688,7356462592.0,560171456.0
1999-12-22,748.1000366210938,6125436416.0,593158016.0
1999-12-23,737.9000244140625,6639292928.0,624407936.0
1999-12-24,719.6000366210938,6653075456.0,498278976.0
1999-12-27,727.9000244140625,5460641280.0,606946752.0
1999-12-28,725.5,6925318144.0,551866752.0
1999-12-29,726.9000244140625,6152266240.0,554718016.0
1999-12-30,717.7999877929688,6087422464.0,416565472.0
2000-01-04,773.7000122070312,4763814400.0,816736896.0
2000-01-05,846.6000366210938,9960107008.0,1254709248.0
2000-01-06,971.7000122070312,15046311936.0,1506007552.0
2000-01-07,1241.800048828125,18075322368.0,2967103232.0
2000-01-10,1470.7000732421875,36506157056.0,2861601024.0
2000-01-11,1524.5999755859375,35712561152.0,2355205888.0
2000-01-12,1526.4000244140625,28488681472.0,1800405760.0
2000-01-13,1492.0999755859375,22065229824.0,1121764480.0
2000-01-14,1448.0,13101977600.0,941735040.0
2000-01-17,1457.300048828125,11145183232.0,991497344.0
2000-01-18,1439.300048828125,11541175296.0,1131550464.0
2000-01-19,1448.9000244140625,13596588032.0,1053311616.0
2000-01-20,1525.2000732421875,13079069696.0,1444066944.0
2000-01-21,1631.2000732421875,19012343808.0,2057427072.0
2000-01-24,1764.800048828125,0.0,2212160256.0
2000-01-25,1805.7000732421875,29191286784.0,2006421376.0
2000-01-26,1816.5999755859375,25596379136.0,1488519680.0
2000-01-27,1956.0999755859375,18922715136.0,2230340864.0
2000-01-28,2129.699951171875,30492667904.0,2767416576.0
2000-02-14,2480.900146484375,38202200064.0,3237388032.0
2000-02-15,2804.5,42893070336.0,4716512768.0
2000-02-16,3119.0,66466848768.0,4625122816.0
2000-02-17,3311.199951171875,64806055936.0,6169633792.0
2000-02-18,3466.0,87897063424.0,3573348608.0
2000-02-21,3556.699951171875,50769412096.0,4198474496.0
2000-02-22,3456.699951171875,59388522496.0,3460216576.0
2000-02-23,3304.699951171875,47958384640.0,2703570688.0
2000-02-24,3347.0,36557418496.0,2171030016.0
2000-02-25,3314.900146484375,30356559872.0,2539860480.0
2000-02-28,3525.10009765625,36224495616.0,3289343744.0
2000-02-29,3602.300048828125,47047528448.0,3866073088.0
2000-03-01,3576.0,55524847616.0,3298285312.0
2000-03-02,3583.5,44604239872.0,2913119232.0
2000-03-03,3654.800048828125,39201726464.0,3560214272.0
2000-03-06,3520.699951171875,47943565312.0,3653518336.0
2000-03-07,3475.400146484375,48708218880.0,2455440640.0
2000-03-08,3481.900146484375,30777022464.0,2375341824.0
2000-03-09,3464.0,31833092096.0,2615801600.0
2000-03-10,3356.0,36668354560.0,2355154944.0
2000-03-13,3324.0,31694403584.0,2112334208.0
2000-03-14,3249.400146484375,27246233600.0,2922066944.0
2000-03-15,3194.60009765625,36809388032.0,2492300800.0
2000-03-16,2988.10009765625,30032879616.0,2308078336.0
2000-03-17,3047.60009765625,27285428224.0,2093344896.0
2000-03-20,3129.0,27201763328.0,2718302208.0
2000-03-21,3143.60009765625,33687607296.0,2886814464.0
2000-03-22,3156.699951171875,35616206848.0,2569504768.0
2000-03-23,3222.800048828125,34280554496.0,2825031936.0
2000-03-24,3251.699951171875,36246212608.0,3527815424.0
2000-03-27,3382.199951171875,45378965504.0,3301678080.0
2000-03-28,3454.10009765625,41881284608.0,3869188096.0
2000-03-29,3438.60009765625,45882855424.0,3118128128.0
2000-03-30,3460.5,38617235456.0,2765539584.0
2000-03-31,3420.300048828125,35668017152.0,2981934080.0
2000-04-03,3405.5,37279125504.0,2678839040.0
2000-04-04,3265.0,34764771328.0,2302863872.0
2000-04-05,3201.5,29138958336.0,1894349568.0
2000-04-06,3231.699951171875,24212543488.0,2373459712.0
2000-04-07,3236.800048828125,29732669440.0,2829030656.0
2000-04-10,3245.199951171875,34247307264.0,2851090176.0
2000-04-11,3207.800048828125,33956827136.0,2413207296.0
2000-04-12,3121.800048828125,31165079552.0,2094626816.0
2000-04-13,3131.0,26467188736.0,2580230912.0
2000-04-14,3124.699951171875,30706305024.0,2886098432.0
2000-04-17,3072.699951171875,33501638656.0,2913020416.0
2000-04-18,3047.5,35154575360.0,2023970816.0
2000-04-19,3020.800048828125,24910489600.0,2056356096.0
2000-04-20,3038.900146484375,25972076544.0,2405961216.0
2000-04-21,3012.10009765625,30902886400.0,2446610176.0
2000-04-24,2975.199951171875,31119233024.0,2280292608.0
2000-04-25,2897.400146484375,28195008512.0,1731338240.0
2000-04-26,2822.300048828125,21286778880.0,1624448768.0
2000-04-27,2743.199951171875,20328779776.0,1859736704.0
2000-04-28,2769.400146484375,23665614848.0,1754516480.0
2000-05-08,2735.5,24541665280.0,1487743488.0
2000-05-09,2630.400146484375,20528916480.0,1460876544.0
2000-05-10,2480.900146484375,19597469696.0,1392131456.0
2000-05-11,2368.5,17154578432.0,1272078464.0
2000-05-12,2294.900146484375,16178682880.0,1132282112.0
2000-05-15,2198.60009765625,13939145728.0,1031037440.0
2000-05-16,2144.5,12851223552.0,846446144.0
2000-05-17,2065.300048828125,10562270208.0,880557376.0
2000-05-18,2082.699951171875,11093294080.0,1268242688.0
2000-05-19,2118.300048828125,15862566912.0,1719465344.0
2000-05-22,2241.900146484375,21644132352.0,2298856960.0
2000-05-23,2268.0,29738100736.0,2002363776.0
2000-05-24,2361.800048828125,24965838848.0,2436264192.0
2000-05-25,2479.10009765625,31590144000.0,2671622912.0
2000-05-26,2560.5,34430603264.0,2727648768.0
2000-05-29,2676.699951171875,34887086080.0,2812864256.0
2000-05-30,2697.300048828125,37480579072.0,2547616512.0
2000-05-31,2738.10009765625,32433262592.0,2364337664.0
2000-06-01,2752.10009765625,29778823168.0,2300222464.0
2000-06-02,2806.400146484375,28591927296.0,2899981312.0
2000-06-05,2853.900146484375,33933459456.0,3650558976.0
2000-06-06,2922.800048828125,40991182848.0,2642572544.0
2000-06-07,2939.0,32959072256.0,2494531840.0
2000-06-08,2941.10009765625,31265558528.0,2445861888.0
2000-06-09,2874.900146484375,32168462336.0,2241842688.0
2000-06-12,2841.699951171875,27456909312.0,1888360320.0
2000-06-13,2845.400146484375,23316539392.0,2044923904.0
2000-06-14,2838.199951171875,25128253440.0,2504221952.0
2000-06-15,2831.800048828125,29963284480.0,2107711232.0
2000-06-16,2806.60009765625,26091014144.0,2284740352.0
2000-06-19,2755.5,28574154752.0,1883808000.0
2000-06-20,2670.5,23647406080.0,1547904768.0
2000-06-21,2632.5,19367628800.0,1328178816.0
2000-06-22,2594.60009765625,18096893952.0,1529157888.0
2000-06-23,2628.5,20311648256.0,1988042368.0
2000-06-26,2676.10009765625,26289012736.0,2229565952.0
2000-06-27,2671.0,28504983552.0,2171651328.0
2000-06-28,2676.10009765625,26439675904.0,1961977088.0
2000-06-29,2671.10009765625,25422098432.0,2046890752.0
2000-06-30,2663.5,26763945984.0,2032898304.0
2000-07-03,2610.5,26344906752.0,1915053056.0
2000-07-04,2557.300048828125,23999164416.0,1277713280.0
2000-07-05,2490.400146484375,16524316672.0,1276509184.0
2000-07-06,2433.699951171875,16777959424.0,1327720192.0
2000-07-07,2438.300048828125,17912229888.0,1622622080.0
2000-07-10,2489.400146484375,20382828544.0,2255736832.0
2000-07-11,2518.400146484375,27332089856.0,2181165568.0
2000-07-12,2553.699951171875,27173099520.0,2188152832.0
2000-07-13,2639.5,27170988032.0,2847680256.0
2000-07-14,2679.400146484375,37327314944.0,2339127552.0
2000-07-17,2675.60009765625,30266789888.0,2353863936.0
2000-07-18,2656.0,28513808384.0,1664527616.0
2000-07-19,2632.699951171875,21727377408.0,1708707584.0
2000-07-20,2607.800048828125,22757013504.0,1708691072.0
2000-07-21,2578.300048828125,23379808256.0,1635655552.0
2000-07-24,2552.60009765625,21227614208.0,1826331264.0
2000-07-25,2528.10009765625,22848651264.0,1532625920.0
2000-07-26,2528.900146484375,20310171648.0,1765178624.0
2000-07-27,2554.400146484375,22601426944.0,2219562752.0
2000-07-28,2562.5,28487821312.0,2007637376.0
2000-07-31,2605.400146484375,25331757056.0,2182801664.0
2000-08-01,2579.400146484375,28428658688.0,1668590976.0
2000-08-02,2555.0,21654487040.0,1673256960.0
2000-08-03,2578.699951171875,21733025792.0,2098137344.0
2000-08-04,2580.300048828125,27021494272.0,2103832832.0
2000-08-07,2609.900146484375,28029974528.0,1910977024.0
2000-08-08,2628.10009765625,25954572288.0,1904005120.0
2000-08-09,2665.900146484375,26163460096.0,2115782656.0
2000-08-10,2712.800048828125,29545103360.0,2245432832.0
2000-08-11,2716.0,31865724928.0,1887752576.0
2000-08-14,2724.199951171875,27501074432.0,1807800448.0
2000-08-15,2693.0,25272748032.0,1611512320.0
2000-08-16,2679.199951171875,22567258112.0,1739092736.0
2000-08-17,2666.400146484375,23800131584.0,1758282880.0
2000-08-18,2651.10009765625,23892899840.0,1740643968.0
2000-08-21,2713.5,23457089536.0,2343400192.0
2000-08-22,2677.900146484375,30950248448.0,2140002048.0
2000-08-23,2781.900146484375,28453715968.0,3129189632.0
2000-08-24,2821.400146484375,40913502208.0,2239036928.0
2000-08-25,2813.900146484375,30504984576.0,1719848576.0
2000-08-28,2830.699951171875,24101660672.0,1959899904.0
2000-08-29,2812.199951171875,26356492288.0,1811548032.0
2000-08-30,2757.199951171875,24857131008.0,1839002368.0
2000-08-31,2679.900146484375,25794127872.0,2064253184.0
2000-09-01,2620.5,27111868416.0,1613000448.0
2000-09-04,2599.5,21929656320.0,1425693696.0
2000-09-05,2486.199951171875,18919866368.0,1346217984.0
2000-09-06,2402.10009765625,18008532992.0,1439188480.0
2000-09-07,2367.699951171875,19062331392.0,1172285696.0
2000-09-08,2309.5,15466443776.0,1067566656.0
2000-09-11,2264.5,14491644928.0,1110719744.0
2000-09-12,2218.900146484375,14532999168.0,1067763072.0
2000-09-13,2198.10009765625,14300300288.0,1342327680.0
2000-09-14,2137.60009765625,17600382976.0,1096409088.0
2000-09-15,2083.800048828125,14587606016.0,963369088.0
2000-09-18,2000.4000244140625,13300501504.0,977748288.0
2000-09-19,1934.0,13226919936.0,1287929984.0
2000-09-20,1919.5,15992697856.0,1059951168.0
2000-09-21,1856.2000732421875,14267932672.0,921929728.0
2000-09-22,1793.5999755859375,12423103488.0,871871872.0
2000-09-25,1715.0999755859375,11720335360.0,707205824.0
2000-09-26,1686.2000732421875,9235749888.0,773269760.0
2000-09-27,1653.5,10805242880.0,682105792.0
2000-09-28,1589.7000732421875,9466502144.0,727532608.0
2000-09-29,1578.5,10106802176.0,708800384.0
2000-10-09,1564.2000732421875,10248910848.0,790113088.0
2000-10-10,1583.4000244140625,10884339712.0,999982912.0
2000-10-11,1580.0,13787128832.0,1073131008.0
2000-10-12,1589.0999755859375,14722028544.0,1160670592.0
2000-10-13,1582.7000732421875,15620104192.0,1107485056.0
2000-10-16,1557.5,15153951744.0,959333504.0
2000-10-17,1526.4000244140625,12676720640.0,742162560.0
2000-10-18,1542.5,9957918720.0,931812736.0
2000-10-19,1510.800048828125,14159275008.0,842893760.0
2000-10-20,1580.7000732421875,11785125888.0,1274855296.0
2000-10-23,1638.2000732421875,19656411136.0,1328615808.0
2000-10-24,1640.4000244140625,19008094208.0,1032632000.0
2000-10-25,1703.9000244140625,14949533696.0,1442720896.0
2000-10-26,1697.2000732421875,21516595200.0,1126515840.0
2000-10-27,1698.0,15942086656.0,1081495936.0
2000-10-30,1724.2000732421875,15008772096.0,1268222080.0
2000-10-31,1708.4000244140625,17791182848.0,1140542464.0
2000-11-01,1718.9000244140625,15654292480.0,1037346240.0
2000-11-02,1735.300048828125,14997492736.0,1281602816.0
2000-11-03,1722.2000732421875,17554626560.0,1070828928.0
2000-11-06,1742.5,14896801792.0,1192713856.0
2000-11-07,1733.300048828125,16940277760.0,1041121088.0
2000-11-08,1745.0,14636755968.0,1110733696.0
2000-11-09,1830.300048828125,16074518528.0,1637632256.0
2000-11-10,1952.5999755859375,23879796736.0,2070285568.0
2000-11-13,2079.60009765625,30001731584.0,2086332288.0
2000-11-14,2165.199951171875,30185304064.0,1877638656.0
2000-11-15,2225.60009765625,27263139840.0,1943231872.0
2000-11-16,2299.900146484375,27582457856.0,1924464384.0
2000-11-17,2323.300048828125,27899891712.0,1841822336.0
2000-11-20,2381.10009765625,25305622528.0,1827785344.0
2000-11-21,2381.0,25890344960.0,1666557952.0
2000-11-22,2414.900146484375,23340761088.0,1620279040.0
2000-11-23,2459.10009765625,23496241152.0,1903866368.0
2000-11-24,2442.699951171875,27236284416.0,2248157952.0
2000-11-27,2434.300048828125,31643951104.0,1515787264.0
2000-11-28,2427.699951171875,21718169600.0,1260693760.0
2000-11-29,2390.5,18009907200.0,1348795136.0
2000-11-30,2345.900146484375,19998521344.0,1143585664.0
2000-12-01,2318.400146484375,16786390016.0,1202363904.0
2000-12-04,2307.300048828125,17041362944.0,1324724352.0
2000-12-05,2266.300048828125,18436255744.0,1207017344.0
2000-12-06,2240.900146484375,17237272576.0,1410729984.0
2000-12-07,2211.300048828125,20350828544.0,1271037568.0
2000-12-08,2190.199951171875,18181095424.0,1183069184.0
2000-12-11,2134.60009765625,17249445888.0,1155958784.0
2000-12-12,2127.199951171875,16911690752.0,1305752320.0
2000-12-13,2087.10009765625,16003795968.0,1049088704.0
2000-12-14,2025.300048828125,14881321984.0,880129728.0
2000-12-15,1976.9000244140625,12513276928.0,931015360.0
2000-12-18,1966.4000244140625,13843045376.0,1063245184.0
2000-12-19,1964.0999755859375,16100194304.0,1035240256.0
2000-12-20,1984.800048828125,16734350336.0,1186488576.0
2000-12-21,2002.7000732421875,18094211072.0,1311364864.0
2000-12-22,2016.300048828125,19932053504.0,1269262976.0
2000-12-25,2030.0999755859375,20179519488.0,1326569472.0
2000-12-26,2042.5,20052918272.0,1215887232.0
2000-12-27,2020.300048828125,18558425088.0,1204448640.0
2000-12-28,2011.4000244140625,18330228736.0,1136392960.0
2000-12-29,2029.7000732421875,17743255552.0,1175857536.0
2001-01-02,2082.300048828125,17683306496.0,1418510080.0
2001-01-03,2184.199951171875,21374531584.0,1915979264.0
2001-01-04,2211.699951171875,28946808832.0,1666057088.0
2001-01-05,2259.5,24241127424.0,1688180736.0
2001-01-08,2288.199951171875,24604966912.0,1922571904.0
2001-01-09,2269.199951171875,27029727232.0,1373370240.0
2001-01-10,2308.10009765625,19118192640.0,1564135936.0
2001-01-11,2329.699951171875,22275411968.0,1741177344.0
2001-01-12,2309.400146484375,25497974784.0,1424708992.0
2001-01-15,2242.300048828125,20564715520.0,1570582784.0
2001-01-16,2228.10009765625,22846164992.0,1278255616.0
2001-01-17,2149.5,17360222208.0,911583680.0
2001-01-18,2117.0,12604403712.0,1028477440.0
2001-01-19,2106.699951171875,14535142400.0,1122192256.0
2001-02-05,1998.0,15443144704.0,964225024.0
2001-02-06,1945.800048828125,13212157952.0,983795712.0
2001-02-07,1853.9000244140625,13129388032.0,708468352.0
2001-02-08,1772.7000732421875,8841564160.0,878976640.0
2001-02-09,1770.800048828125,12455436288.0,950250496.0
2001-02-12,1734.7000732421875,12642991104.0,859075328.0
2001-02-13,1682.0999755859375,11172483072.0,695114048.0
2001-02-14,1618.0999755859375,9164697600.0,548731456.0
2001-02-15,1541.5999755859375,7236623872.0,551973248.0
2001-02-16,1509.9000244140625,7341613568.0,769630592.0
2001-02-19,1489.0999755859375,9949585408.0,651101184.0
2001-02-20,1466.0,0.0,815741376.0
2001-02-21,1441.0999755859375,11238008832.0,1066508736.0
2001-02-22,1412.5,13624582144.0,744337728.0
2001-02-23,1411.4000244140625,9649575936.0,800649088.0
2001-02-26,1424.5999755859375,10090071040.0,959723904.0
2001-02-27,1422.5,12210795520.0,897698176.0
2001-02-28,1404.7000732421875,11602707456.0,755992768.0
2001-03-01,1419.4000244140625,10525298688.0,1137248000.0
2001-03-02,1443.800048828125,12263061504.0,1102628480.0
2001-03-05,1438.0,13974836224.0,901613056.0
2001-03-06,1443.4000244140625,11931604992.0,954561088.0
2001-03-07,1443.5,12820855808.0,965143872.0
2001-03-08,1456.4000244140625,12393816064.0,982514432.0
2001-03-09,1508.0,13276723200.0,1360348032.0
2001-03-12,1521.2000732421875,17649121280.0,996068736.0
2001-03-13,1502.5,13956472832.0,892584576.0
2001-03-14,1512.0,12522712064.0,901976448.0
2001-03-15,1541.2000732421875,12681442304.0,1154275072.0
2001-03-16,1560.0999755859375,15970652160.0,1131856896.0
2001-03-19,1604.7000732421875,15807525888.0,1259491328.0
2001-03-20,1632.0,17500221440.0,1171572096.0
2001-03-21,1682.800048828125,16308219904.0,1383985408.0
2001-03-22,1776.4000244140625,18856730624.0,1815487872.0
2001-03-23,1819.2000732421875,24223293440.0,1753320704.0
2001-03-26,1876.5,23747846144.0,1362526592.0
2001-03-27,1942.300048828125,19087947776.0,1562507904.0
2001-03-28,1984.0,22599892992.0,1499578368.0
2001-03-29,2011.800048828125,21686611968.0,1468311936.0
2001-03-30,2035.300048828125,21308809216.0,1341012480.0
2001-04-02,2082.900146484375,19627544576.0,1568509312.0
2001-04-03,2078.400146484375,22591885312.0,1310927232.0
2001-04-04,2065.800048828125,18630959104.0,1537662336.0
2001-04-05,2075.400146484375,21392596992.0,1186704256.0
2001-04-06,2052.60009765625,16729460736.0,1113516032.0
2001-04-09,2055.10009765625,16039146496.0,1234986112.0
2001-04-10,2048.900146484375,17069467648.0,1126787712.0
2001-04-11,2037.800048828125,16045300736.0,1169324800.0
2001-04-12,2102.699951171875,16640801792.0,1638864640.0
2001-04-13,2128.400146484375,25167644672.0,1359322496.0
2001-04-16,2250.199951171875,20546961408.0,1998516480.0
2001-04-17,2335.699951171875,30367604736.0,1934989440.0
2001-04-18,2374.60009765625,29642358784.0,1780249216.0
2001-04-19,2410.699951171875,26265243648.0,1688717696.0
2001-04-20,2445.60009765625,25846159360.0,1978279168.0
2001-04-23,2462.0,29945407488.0,1679270400.0
2001-04-24,2445.0,24853315584.0,1291282688.0
2001-04-25,2398.300048828125,19223560192.0,1563371392.0
2001-04-26,2351.400146484375,23155791872.0,1200369024.0
2001-04-27,2309.300048828125,18044624896.0,1017536128.0
2001-04-30,2258.199951171875,14848063488.0,909006912.0
2001-05-08,2202.699951171875,13899758592.0,709331456.0
2001-05-09,2150.0,11045122048.0,918057472.0
2001-05-10,2125.5,14142006272.0,970523200.0
2001-05-11,2100.800048828125,14804379648.0,984554688.0
2001-05-14,2148.300048828125,14532358144.0,1454258304.0
2001-05-15,2190.5,22064134144.0,1496348672.0
2001-05-16,2224.10009765625,22658801664.0,1473766144.0
2001-05-17,2243.199951171875,23242201088.0,1484453632.0
2001-05-18,2312.199951171875,23187730432.0,1483482368.0
2001-05-21,2382.5,25057712128.0,1864669440.0
2001-05-22,2373.300048828125,28398546944.0,1369537152.0
2001-05-23,2369.60009765625,20844324864.0,1517366272.0
2001-05-24,2372.5,22685431808.0,1411759232.0
2001-05-25,2346.400146484375,21709508608.0,1282925824.0
2001-05-28,2330.900146484375,19093667840.0,1367777408.0
2001-05-29,2293.5,20268068864.0,1091379072.0
2001-05-30,2298.300048828125,16101383168.0,1194875392.0
2001-05-31,2303.0,18075897856.0,1394842240.0
2001-06-01,2321.10009765625,20643352576.0,1525598080.0
2001-06-04,2362.10009765625,22587160576.0,1715407232.0
2001-06-05,2383.900146484375,25417889792.0,1599667328.0
2001-06-06,2416.0,23701133312.0,1676983552.0
2001-06-07,2401.699951171875,25530920960.0,1465294976.0
2001-06-08,2390.400146484375,21969567744.0,1332237312.0
2001-06-11,2369.10009765625,20864550912.0,1322265600.0
2001-06-12,2372.400146484375,19594969088.0,1298050816.0
2001-06-13,2407.60009765625,20192663552.0,1575926016.0
2001-06-14,2399.800048828125,24041877504.0,1787896704.0
2001-06-15,2418.699951171875,27146174464.0,1442075520.0
2001-06-18,2392.300048828125,22244106240.0,1581317376.0
2001-06-19,2344.60009765625,24069746688.0,1046914304.0
2001-06-20,2270.300048828125,15768386560.0,921759616.0
2001-06-21,2232.199951171875,13622273024.0,878674560.0
2001-06-22,2211.300048828125,12915852288.0,1167164672.0
2001-06-25,2247.10009765625,15991695360.0,1638156544.0
2001-06-26,2273.800048828125,21422886912.0,1564325760.0
2001-06-27,2257.800048828125,22404839424.0,1341624576.0
2001-06-28,2236.699951171875,19187877888.0,1291160448.0
2001-06-29,2192.199951171875,18619256832.0,964970304.0
2001-07-02,2136.5,14253961216.0,921980096.0
2001-07-03,2080.400146484375,14069497856.0,839177536.0
2001-07-04,2005.800048828125,12350695424.0,737238272.0
2001-07-05,1946.9000244140625,10901594112.0,918592256.0
2001-07-06,1891.800048828125,13484293120.0,844735808.0
2001-07-09,1847.0999755859375,12235550720.0,774276096.0
2001-07-10,1822.300048828125,11389539328.0,808441472.0
2001-07-11,1766.4000244140625,11878963200.0,767682240.0
2001-07-12,1729.2000732421875,11301683200.0,770784064.0
2001-07-13,1688.4000244140625,11265260544.0,725846336.0
2001-07-16,1690.5999755859375,11213021184.0,1102474112.0
2001-07-17,1664.0,16652177408.0,863179776.0
2001-07-18,1620.0999755859375,12552629248.0,613002112.0
2001-07-19,1577.9000244140625,9299930112.0,594228288.0
2001-07-20,1629.0999755859375,8817160192.0,1158549376.0
2001-07-23,1643.2000732421875,17219520512.0,1118628480.0
2001-07-24,1627.5999755859375,16516669440.0,1033624256.0
2001-07-25,1590.800048828125,15339804672.0,835478464.0
2001-07-26,1559.0,12234288128.0,812665536.0
2001-07-27,1519.800048828125,11715147776.0,831928896.0
2001-07-30,1463.7000732421875,12016970752.0,1176592256.0
2001-07-31,1445.0999755859375,15392230400.0,988667264.0
2001-08-01,1497.9000244140625,12977120256.0,975329216.0
2001-08-02,1464.5999755859375,12943311872.0,877293696.0
2001-08-03,1425.2000732421875,11485769728.0,608007104.0
2001-08-06,1374.300048828125,8061136896.0,911460864.0
2001-08-07,1386.5,11759038464.0,832944512.0
2001-08-08,1365.0999755859375,11005974528.0,1207922816.0
2001-08-09,1366.0999755859375,9908017152.0,824194688.0
2001-08-10,1391.5999755859375,9600776192.0,1004657984.0
2001-08-13,1375.5,12811360256.0,758876480.0
2001-08-14,1347.0,10009479168.0,751640704.0
2001-08-15,1315.4000244140625,9971015680.0,545726976.0
2001-08-16,1267.0999755859375,7285724672.0,598413440.0
2001-08-17,1232.800048828125,7879861248.0,521175648.0
2001-08-20,1211.5,6786091008.0,533996000.0
2001-08-21,1189.5999755859375,6884449280.0,565960704.0
2001-08-22,1173.300048828125,7513629696.0,827090496.0
2001-08-23,1169.0,10296915968.0,657544448.0
2001-08-24,1144.9000244140625,9144711168.0,636788160.0
2001-08-27,1131.0999755859375,8593504256.0,908518016.0
2001-08-28,1144.0999755859375,12060118016.0,735611136.0
2001-08-29,1139.4000244140625,9686064128.0,690513728.0
2001-08-30,1098.0999755859375,9244697600.0,467326496.0
2001-08-31,1056.4000244140625,5951917056.0,383356544.0
2001-09-03,1025.800048828125,4990377984.0,532668800.0
2001-09-04,1060.0,6629292032.0,739712000.0
2001-09-05,1076.800048828125,9977609216.0,800353664.0
2001-09-06,1058.9000244140625,10744954880.0,560060288.0
2001-09-07,1032.5999755859375,7524025344.0,787780800.0
2001-09-10,1079.4000244140625,9880706048.0,851335872.0
2001-09-11,1081.9000244140625,10826099712.0,730976128.0
2001-09-12,1111.7000732421875,9471642624.0,1186792832.0
2001-09-13,1084.4000244140625,13642802176.0,563781568.0
2001-09-14,1059.0999755859375,7096117760.0,695081024.0
2001-09-17,1040.5,8236007936.0,750676352.0
2001-09-18,1028.2000732421875,8721003520.0,517940608.0
2001-09-19,1028.2000732421875,6374078976.0,564494592.0
2001-09-20,1022.9000244140625,7291784704.0,676187200.0
2001-09-21,991.7000122070312,8458158080.0,491403296.0
2001-09-24,957.2000122070312,5951985152.0,403974880.0
2001-09-25,929.7999877929688,4982692864.0,433112992.0
2001-09-26,907.0,5337401344.0,576102080.0
2001-09-27,894.1000366210938,6592558080.0,542416768.0
2001-09-28,878.2999877929688,6336816640.0,508000256.0
2001-10-08,840.0,6016203264.0,426673760.0
2001-10-09,831.2000122070312,4875342336.0,434638720.0
2001-10-10,806.6000366210938,4908518400.0,604993600.0
2001-10-11,800.4000244140625,7130123776.0,696081664.0
2001-10-12,872.1000366210938,7834249728.0,1057550016.0
2001-10-15,873.4000244140625,11936661504.0,666939200.0
2001-10-16,844.4000244140625,7637655552.0,514068096.0
2001-10-17,817.7000122070312,5800631296.0,435757920.0
2001-10-18,790.7999877929688,4891582464.0,501640640.0
2001-10-19,792.7999877929688,5473025024.0,860578560.0
2001-10-22,773.0,9169625088.0,678664640.0
2001-10-23,993.4000244140625,6762392576.0,2082203520.0
2001-10-24,1257.4000244140625,22712473600.0,2967021056.0
2001-10-25,1280.5999755859375,34390839296.0,1410748416.0
2001-10-26,1276.5999755859375,16901725184.0,930374464.0
2001-10-29,1274.7000732421875,10604518400.0,811106240.0
2001-10-30,1226.0999755859375,9145997312.0,623092352.0
2001-10-31,1198.4000244140625,6933597696.0,626730560.0
2001-11-01,1206.800048828125,6841056768.0,918682496.0
2001-11-02,1164.800048828125,10046116864.0,651946560.0
2001-11-05,1117.800048828125,6921457152.0,546118528.0
2001-11-06,1076.7000732421875,5800821248.0,533435520.0
2001-11-07,1026.0999755859375,5481027584.0,888697344.0
2001-11-08,1027.0,9299641344.0,742329408.0
2001-11-09,1039.4000244140625,7447149056.0,748711808.0
2001-11-12,1003.9000244140625,8204107264.0,559938112.0
2001-11-13,970.0,5909741056.0,521137184.0
2001-11-14,936.7999877929688,5295858688.0,417202816.0
2001-11-15,904.4000244140625,4422544896.0,377046912.0
2001-11-16,1002.9000244140625,4043663872.0,1524605440.0
2001-11-19,1007.2999877929688,17603684352.0,684571264.0
2001-11-20,1077.5,7405304320.0,1317273216.0
2001-11-21,1107.5999755859375,14283656192.0,1094799488.0
2001-11-22,1138.0999755859375,11793242112.0,1128818560.0
2001-11-23,1143.5999755859375,11956232192.0,1031244608.0
2001-11-26,1126.5,10824446976.0,766177024.0
2001-11-27,1127.800048828125,8054499328.0,779106304.0
2001-11-28,1168.300048828125,8474648064.0,1185394176.0
2001-11-29,1184.800048828125,13267265536.0,1077650304.0
2001-11-30,1200.800048828125,11917263872.0,989197760.0
2001-12-03,1243.7000732421875,11001268224.0,1233918336.0
2001-12-04,1266.5,13998268416.0,1124557568.0
2001-12-05,1292.0,12485749760.0,1472916864.0
2001-12-06,1316.300048828125,16302602240.0,1126561664.0
2001-12-07,1300.7000732421875,12808509440.0,995261312.0
2001-12-10,1274.7000732421875,10544931840.0,775240064.0
2001-12-11,1236.7000732421875,8077444096.0,784683904.0
2001-12-12,1209.5999755859375,8404884480.0,812429376.0
2001-12-13,1176.0999755859375,9029351424.0,845845824.0
2001-12-14,1143.9000244140625,8853274624.0,733602496.0
2001-12-17,1105.4000244140625,7608624128.0,568411904.0
2001-12-18,1105.9000244140625,6157987328.0,694847104.0
2001-12-19,1077.5,7553030656.0,668362304.0
2001-12-20,1051.0999755859375,7439632896.0,836324544.0
2001-12-21,1035.4000244140625,9028591616.0,577633536.0
2001-12-24,1000.1000366210938,6297420800.0,626995584.0
2001-12-25,987.4000244140625,6881155072.0,649199168.0
2001-12-26,987.9000244140625,6656190464.0,668238784.0
2001-12-27,983.7000122070312,7164556288.0,800103744.0
2001-12-28,987.2999877929688,8555648000.0,764795008.0
2001-12-31,989.0,8386311680.0,731484672.0
2002-01-04,935.7000122070312,8248579584.0,461063168.0
2002-01-07,895.6000366210938,4693999104.0,448390304.0
2002-01-08,860.9000244140625,4434331648.0,412589056.0
2002-01-09,830.2000122070312,4571971072.0,558971712.0
2002-01-10,845.7999877929688,5523149312.0,776135808.0
2002-01-11,814.5,7826876416.0,738583552.0
2002-01-14,794.6000366210938,6272960000.0,836732224.0
2002-01-15,784.1000366210938,7741621248.0,772153728.0
2002-01-16,803.1000366210938,7157479936.0,866522944.0
2002-01-17,768.0,7895177216.0,807772992.0
2002-01-18,792.7000122070312,7109524992.0,1114951296.0
2002-01-21,768.4000244140625,9693849600.0,851562560.0
2002-01-22,781.4000244140625,7017754112.0,983404224.0
2002-01-23,879.0,8239433728.0,1470072320.0
2002-01-24,968.9000244140625,11850172416.0,2076648832.0
2002-01-25,984.2000122070312,17248606208.0,1258680576.0
2002-01-28,952.2999877929688,10302786560.0,1559239040.0
2002-01-29,981.9000244140625,12497125376.0,1098632576.0
2002-01-30,977.7000122070312,8673584128.0,970534016.0
2002-01-31,1188.800048828125,7356012032.0,2729924352.0
2002-02-01,1245.800048828125,24916361216.0,1956240512.0
2002-02-04,1277.0999755859375,18085961728.0,1348224640.0
2002-02-05,1300.300048828125,11907493888.0,1534884096.0
2002-02-06,1267.4000244140625,13489732608.0,1308333056.0
2002-02-07,1310.0999755859375,11624626176.0,1480382976.0
2002-02-08,1291.7000732421875,13043758080.0,1130222336.0
2002-02-25,1319.4000244140625,10401569792.0,1248476544.0
2002-02-26,1310.300048828125,11960931328.0,1133435776.0
2002-02-27,1298.9000244140625,10243037184.0,1167336576.0
2002-02-28,1271.7000732421875,10306955264.0,1049012992.0
2002-03-01,1227.0,9703568384.0,997661824.0
2002-03-04,1229.9000244140625,8655083520.0,985473024.0
2002-03-05,1319.9000244140625,8619209728.0,1885430912.0
2002-03-06,1452.800048828125,18128386048.0,2839805184.0
2002-03-07,1611.5999755859375,26343034880.0,2857220864.0
2002-03-08,1838.0999755859375,0.0,3988031744.0
2002-03-11,2007.0999755859375,37904240640.0,3338915840.0
2002-03-12,2108.400146484375,32649986048.0,3446027008.0
2002-03-13,2110.800048828125,34470653952.0,2622775552.0
2002-03-14,2180.300048828125,25531064320.0,2169118720.0
2002-03-15,2146.199951171875,21461159936.0,2450385408.0
2002-03-18,2134.900146484375,25243310080.0,2057363200.0
2002-03-19,2189.0,18537097216.0,2118673408.0
2002-03-20,2274.900146484375,21715955712.0,2825790720.0
2002-03-21,2283.800048828125,29500164096.0,2284728064.0
2002-03-22,2229.300048828125,23203174400.0,1779863168.0
2002-03-25,2189.400146484375,18087802880.0,1450569472.0
2002-03-26,2113.300048828125,15052936192.0,1538592896.0
2002-03-27,2067.800048828125,15810159616.0,1333297152.0
2002-03-28,2022.800048828125,13215362048.0,1348576640.0
2002-03-29,1956.2000732421875,14399501312.0,1891878912.0
2002-04-01,1909.9000244140625,18262216704.0,1188958848.0
2002-04-02,1838.0999755859375,11499683840.0,1371628672.0
2002-04-03,1794.9000244140625,13205618688.0,1180166144.0
2002-04-04,1827.9000244140625,11469612032.0,1545050496.0
2002-04-05,1813.800048828125,15063705600.0,1699050624.0
2002-04-08,1772.800048828125,16214356992.0,1111897728.0
2002-04-09,1879.0,10943454208.0,2401986048.0
2002-04-10,1907.0,24455796736.0,1974521600.0
2002-04-11,1869.2000732421875,19880282112.0,1669682944.0
2002-04-12,1851.9000244140625,16742461440.0,1371871616.0
2002-04-15,1798.9000244140625,14073011200.0,1156043136.0
2002-04-16,1746.7000732421875,11669735424.0,1057855168.0
2002-04-17,1697.0,10834844672.0,995676544.0
2002-04-18,1648.800048828125,10116355072.0,1161963904.0
2002-04-19,1639.300048828125,11663992832.0,1390263552.0
2002-04-22,1587.5,13359939584.0,961565568.0
2002-04-23,1538.300048828125,9552064512.0,880709376.0
2002-04-24,1480.0,8779743232.0,873714944.0
2002-04-25,1444.5999755859375,8641754112.0,828942848.0
2002-04-26,1462.800048828125,8294215168.0,1175857280.0
2002-04-29,1531.7000732421875,11779033088.0,1691307392.0
2002-04-30,1564.9000244140625,17453731840.0,1625022976.0
2002-05-08,1509.5,17347190784.0,860942336.0
2002-05-09,1491.300048828125,8871199744.0,1038112384.0
2002-05-10,1467.0999755859375,10495092736.0,1140858752.0
2002-05-13,1431.300048828125,11324366848.0,983299776.0
2002-05-14,1401.4000244140625,10012026880.0,921605376.0
2002-05-15,1371.5,9884767232.0,954424256.0
2002-05-16,1339.800048828125,10264457216.0,1312775168.0
2002-05-17,1360.4000244140625,13020713984.0,1188906496.0
2002-05-20,1321.0,12305491968.0,877749056.0
2002-05-21,1421.300048828125,8763261952.0,1783867136.0
2002-05-22,1391.5,18475128832.0,1113354496.0
2002-05-23,1390.0,11462335488.0,1245433728.0
2002-05-24,1346.0999755859375,11306915840.0,1011433792.0
2002-05-27,1312.800048828125,9389264896.0,683341760.0
2002-05-28,1283.9000244140625,6682304000.0,739048320.0
2002-05-29,1237.7000732421875,7385333760.0,897019648.0
2002-05-30,1224.7000732421875,8672311296.0,909216640.0
2002-05-31,1189.0999755859375,8713867264.0,728171520.0
2002-06-03,1148.5999755859375,6966432256.0,857634240.0
2002-06-04,1135.300048828125,8198356992.0,807061824.0
2002-06-05,1089.0999755859375,7564023296.0,792436800.0
2002-06-06,1177.7000732421875,7191783424.0,1481604736.0
2002-06-07,1235.9000244140625,13932170240.0,1754449280.0
2002-06-10,1204.7000732421875,16099585024.0,882675456.0
2002-06-11,1197.4000244140625,8081372160.0,909780224.0
2002-06-12,1163.7000732421875,8432204800.0,735228608.0
2002-06-13,1127.7000732421875,7045646336.0,736144512.0
2002-06-14,1084.5999755859375,7286354432.0,717414464.0
2002-06-17,1054.2000732421875,6597938176.0,530468800.0
2002-06-18,1083.800048828125,4944861184.0,1013812096.0
2002-06-19,1041.5999755859375,9577656320.0,618230400.0
2002-06-20,1035.4000244140625,5725135360.0,801207232.0
2002-06-21,1202.5,7271517696.0,2548142080.0
2002-06-24,1931.7000732421875,23722129408.0,7794502144.0
2002-06-25,2316.300048828125,79568748544.0,6861903872.0
2002-06-26,2475.900146484375,66273894400.0,4082672128.0
2002-06-27,2534.10009765625,39817699328.0,3353209344.0
2002-06-28,2659.0,31077435392.0,4185660928.0
2002-07-01,2610.699951171875,39707627520.0,2265427456.0
2002-07-02,2581.699951171875,21572943872.0,1953590784.0
2002-07-03,2534.300048828125,18996930560.0,1887464960.0
2002-07-04,2461.0,18716229632.0,1923474432.0
2002-07-05,2390.199951171875,18847025152.0,1399674240.0
2002-07-08,2356.400146484375,13847901184.0,1582909440.0
2002-07-09,2291.300048828125,16412732416.0,1567817344.0
2002-07-10,2223.400146484375,15673090048.0,1800950912.0
2002-07-11,2166.300048828125,17971922944.0,1376004736.0
2002-07-12,2099.699951171875,14069395456.0,1186523776.0
2002-07-15,2022.0,12214114304.0,1208141696.0
2002-07-16,1956.9000244140625,12021278720.0,1043606528.0
2002-07-17,1904.800048828125,10387224576.0,976736832.0
2002-07-18,1872.7000732421875,9911018496.0,1258299648.0
2002-07-19,1837.4000244140625,12772649984.0,1094664448.0
2002-07-22,1776.800048828125,11500039168.0,1268608768.0
2002-07-23,1728.300048828125,12865696768.0,1055030272.0
2002-07-24,1668.300048828125,10953966592.0,849208832.0
2002-07-25,1604.9000244140625,8784147456.0,840818944.0
2002-07-26,1542.5,8428636672.0,767717696.0
2002-07-29,1501.300048828125,7618519040.0,746783488.0
2002-07-30,1470.5,7572610560.0,866146560.0
2002-07-31,1421.5999755859375,8948453376.0,830445888.0
2002-08-01,1382.5,8854216704.0,763692672.0
2002-08-02,1342.5999755859375,7665600000.0,651509760.0
2002-08-05,1293.0,6805745152.0,607765568.0
2002-08-06,1299.4000244140625,6440566272.0,1076754304.0
2002-08-07,1252.4000244140625,10435446784.0,601194752.0
2002-08-08,1210.7000732421875,6198179840.0,661081088.0
2002-08-09,1182.4000244140625,6701716480.0,758232320.0
2002-08-12,1150.800048828125,7905097728.0,682947456.0
2002-08-13,1111.9000244140625,7037629440.0,506085216.0
2002-08-14,1081.5,5361281024.0,503685088.0
2002-08-15,1040.9000244140625,5208813056.0,524341984.0
2002-08-16,1045.2000732421875,5377414144.0,871107712.0
2002-08-19,1015.7000122070312,8413189120.0,575899840.0
2002-08-20,1061.5,5829586944.0,1237895808.0
2002-08-21,1073.300048828125,12032228352.0,1018003840.0
2002-08-22,1141.2000732421875,10195597312.0,1455075456.0
2002-08-23,1145.2000732421875,15780741120.0,914948544.0
2002-08-26,1136.5,10258450432.0,862969344.0
2002-08-27,1166.9000244140625,9531598848.0,1086143744.0
2002-08-28,1171.800048828125,12572477440.0,931242304.0
2002-08-29,1148.9000244140625,10662663168.0,808689856.0
2002-08-30,1123.300048828125,8446254592.0,657171136.0
2002-09-02,1098.800048828125,7001979392.0,594594304.0
2002-09-03,1086.7000732421875,6378253824.0,671376704.0
2002-09-04,1062.7000732421875,7332435968.0,695921536.0
2002-09-05,1061.800048828125,7325912064.0,990953472.0
2002-09-06,1052.9000244140625,10185205760.0,863562176.0
2002-09-09,1030.0999755859375,8588725248.0,715025536.0
2002-09-10,1010.1000366210938,7155383296.0,570518080.0
2002-09-11,995.4000244140625,6018239488.0,692834688.0
2002-09-12,978.2000122070312,7037012992.0,569839744.0
2002-09-13,950.7000122070312,6114479616.0,485555264.0
2002-09-16,931.7999877929688,5231413760.0,693465280.0
2002-09-17,918.7999877929688,7128184832.0,709841152.0
2002-09-18,894.7999877929688,6946027008.0,534772448.0
2002-09-19,924.6000366210938,5600207360.0,910594752.0
2002-09-20,907.2999877929688,9226880000.0,615146432.0
2002-09-23,881.7999877929688,6592665088.0,432522144.0
2002-09-24,861.4000244140625,4684486144.0,529538080.0
2002-09-25,857.5,5504871936.0,646338496.0
2002-09-26,857.4000244140625,6804018688.0,755827008.0
2002-09-27,848.7000122070312,7704941056.0,648895296.0
2002-10-08,815.7000122070312,6736244224.0,419801344.0
2002-10-09,827.4000244140625,4224698368.0,1915497088.0
2002-10-10,807.5,9596598272.0,679048256.0
2002-10-11,799.0,5123161600.0,780263040.0
2002-10-14,798.7999877929688,6201613824.0,796906240.0
2002-10-15,778.5,6223378944.0,586831424.0
2002-10-16,783.2999877929688,4832236032.0,765182656.0
2002-10-17,760.7999877929688,6380710912.0,633418752.0
2002-10-18,760.7000122070312,5356624384.0,652368000.0
2002-10-21,749.4000244140625,5744409088.0,540775104.0
2002-10-22,781.5,4679436800.0,992962496.0
2002-10-23,784.9000244140625,8698688512.0,761852096.0
2002-10-24,781.7000122070312,6774846976.0,745088576.0
2002-10-25,772.5,7004695552.0,758659072.0
2002-10-28,761.6000366210938,6667021824.0,734451712.0
2002-10-29,769.1000366210938,6232675840.0,717834496.0
2002-10-30,760.7000122070312,6545421312.0,632207872.0
2002-10-31,749.5,5704019456.0,589037056.0
2002-11-01,739.2999877929688,5299994624.0,565420224.0
2002-11-04,759.6000366210938,5079806464.0,797929024.0
2002-11-05,858.2999877929688,7300587520.0,1794744576.0
2002-11-06,870.9000244140625,16195580928.0,992495488.0
2002-11-07,880.1000366210938,9451248640.0,962707136.0
2002-11-08,889.2999877929688,8638999552.0,1336049536.0
2002-11-11,866.1000366210938,11259978752.0,674234624.0
2002-11-12,868.6000366210938,6036857344.0,1167648640.0
2002-11-13,879.6000366210938,9430597632.0,970055424.0
2002-11-14,861.1000366210938,8254102528.0,848441408.0
2002-11-15,871.2999877929688,7761966592.0,924823424.0
2002-11-18,848.5,8275949056.0,661517952.0
2002-11-19,843.7999877929688,5855131136.0,679060416.0
2002-11-20,820.7000122070312,5984813568.0,840153152.0
2002-11-21,813.1000366210938,7143228416.0,1049862464.0
2002-11-22,825.2000122070312,8443435520.0,1054018368.0
2002-11-25,812.6000366210938,8349545472.0,691430464.0
2002-11-26,787.6000366210938,5276456448.0,799841408.0
2002-11-27,802.1000366210938,6282358272.0,1051965312.0
2002-11-28,849.4000244140625,7730725888.0,1216107392.0
2002-11-29,955.6000366210938,9406833664.0,2235628800.0
2002-12-02,928.9000244140625,18123307008.0,1010180736.0
2002-12-03,924.2999877929688,8311685120.0,785372096.0
2002-12-04,935.0,6246523904.0,1089439616.0
2002-12-05,910.0,9055267840.0,742022784.0
2002-12-06,886.1000366210938,5957792256.0,622197248.0
2002-12-09,855.7999877929688,5187276288.0,515580864.0
2002-12-10,837.2000122070312,4266520320.0,766773376.0
2002-12-11,820.2000122070312,6307540992.0,682693184.0
2002-12-12,816.7000122070312,5509904896.0,706163328.0
2002-12-13,829.5,5947590656.0,899472320.0
2002-12-16,850.7999877929688,7249801728.0,1105923584.0
2002-12-17,867.2000122070312,8660995072.0,1044316096.0
2002-12-18,877.0,8400658944.0,1139680384.0
2002-12-19,875.2999877929688,9307077632.0,835603584.0
2002-12-20,900.1000366210938,6989574656.0,1130386944.0
2002-12-23,919.0,9240496128.0,1169163008.0
2002-12-24,918.7000122070312,9567112192.0,879335424.0
2002-12-25,913.9000244140625,7551730176.0,973199232.0
2002-12-26,913.5,8132167168.0,1372768640.0
2002-12-27,928.1000366210938,11046733824.0,1152627840.0
2002-12-30,924.9000244140625,9382892544.0,1004950464.0
2002-12-31,926.9000244140625,8349544960.0,1018228608.0
2003-01-02,891.2999877929688,8876336128.0,814281024.0
2003-01-03,866.1000366210938,6228199424.0,632323328.0
2003-01-06,867.7000122070312,4645021696.0,874788992.0
2003-01-07,858.5,6180187136.0,970770752.0
2003-01-08,891.4000244140625,6829432832.0,1263611904.0
2003-01-09,988.2000122070312,8799889408.0,2399637248.0
2003-01-10,1033.300048828125,17292355584.0,2182011648.0
2003-01-13,1033.4000244140625,16211758080.0,1206118784.0
2003-01-14,1292.0999755859375,9266934784.0,4474661376.0
2003-01-15,1435.5999755859375,33535803392.0,4394196992.0
2003-01-16,1531.5,30809423872.0,2918538752.0
2003-01-17,1562.5999755859375,22409457664.0,2641401088.0
2003-01-20,1581.7000732421875,19890698240.0,2015043456.0
2003-01-21,1550.9000244140625,15817992192.0,1964229632.0
2003-01-22,1541.2000732421875,15397029888.0,1629007872.0
2003-01-23,1505.5999755859375,12672777216.0,1586993280.0
2003-01-24,1522.2000732421875,12106831872.0,1896168192.0
2003-01-27,1545.5999755859375,13777593344.0,1899914624.0
2003-01-28,1527.7000732421875,14812602368.0,1390844288.0
2003-01-29,1512.7000732421875,11449488384.0,1548873600.0
2003-02-10,1443.7000732421875,12963986432.0,1015886656.0
2003-02-11,1410.5,7956768256.0,892461120.0
2003-02-12,1424.5999755859375,7358900224.0,1494797312.0
2003-02-13,1434.9000244140625,12208088064.0,1777244928.0
2003-02-14,1424.800048828125,15165028352.0,1307992832.0
2003-02-17,1410.5999755859375,11215964160.0,1489352576.0
2003-02-18,1380.2000732421875,12306081792.0,1075848960.0
2003-02-19,1371.800048828125,8907961344.0,1233122048.0
2003-02-20,1357.4000244140625,9968784384.0,1250274944.0
2003-02-21,1331.5999755859375,10761807872.0,1533321088.0
2003-02-24,1306.5999755859375,12558811136.0,998673984.0
2003-02-25,1347.300048828125,8713647104.0,1516681472.0
2003-02-26,1331.4000244140625,13353022464.0,1088637184.0
2003-02-27,1317.9000244140625,9914469376.0,1163229184.0
2003-02-28,1297.5,10256500736.0,996099008.0
2003-03-03,1311.9000244140625,9121568768.0,1307665536.0
2003-03-04,1306.9000244140625,11957016576.0,1182266496.0
2003-03-05,1288.0,11054849024.0,1111738368.0
2003-03-06,1269.300048828125,10093206528.0,1308544768.0
2003-03-07,1249.300048828125,11191388160.0,1117220864.0
2003-03-10,1217.0999755859375,9385396224.0,1180675328.0
2003-03-11,1189.7000732421875,9876624384.0,818934528.0
2003-03-12,1169.800048828125,7284833280.0,859821888.0
2003-03-13,1138.7000732421875,7602447360.0,855369088.0
2003-03-14,1118.800048828125,7507022848.0,841580480.0
2003-03-17,1112.0,7457086464.0,1069390272.0
2003-03-18,1096.300048828125,8874969088.0,1008760064.0
2003-03-19,1094.300048828125,8917353472.0,1016659264.0
2003-03-20,1084.0,0.0,1042142784.0
2003-03-21,1081.300048828125,8843332608.0,867315520.0
2003-03-24,1061.300048828125,7884915712.0,741944832.0
2003-03-25,1036.4000244140625,6792249856.0,857292864.0
2003-03-26,1020.5,7507261952.0,857717312.0
2003-03-27,1109.0999755859375,7618755072.0,1917632128.0
2003-03-28,1164.0999755859375,15857837056.0,1933466752.0
2003-03-31,1212.5,16481669120.0,1656989440.0
2003-04-01,1280.0,14113464320.0,2027539328.0
2003-04-02,1287.800048828125,17555689472.0,1511088000.0
2003-04-03,1283.4000244140625,12396687360.0,1323307648.0
2003-04-04,1296.5,11478191104.0,1425020672.0
2003-04-07,1316.9000244140625,12181188608.0,1763986048.0
2003-04-08,1364.2000732421875,14667708416.0,2195014656.0
2003-04-09,1512.4000244140625,17045386240.0,3797845760.0
2003-04-10,1709.9000244140625,25972946944.0,4414649856.0
2003-04-11,1871.2000732421875,35065061376.0,4227738112.0
2003-04-14,2132.199951171875,32705390592.0,5350352896.0
2003-04-15,2316.5,44439224320.0,4609870848.0
2003-04-16,2500.5,40258236416.0,5761027072.0
2003-04-17,2575.10009765625,50646392832.0,4053747712.0
2003-04-18,2579.10009765625,34400186368.0,3560021760.0
2003-04-21,2530.699951171875,29734670336.0,3116005632.0
2003-04-22,2462.699951171875,26166116352.0,1770378112.0
2003-04-23,2393.699951171875,15828327424.0,2463972352.0
2003-04-24,2333.300048828125,20911798272.0,2991062016.0
2003-04-25,2256.5,24802682880.0,1927662848.0
2003-04-28,2387.10009765625,16066647040.0,3397904896.0
2003-04-29,2351.0,27995117568.0,2818827264.0
2003-04-30,2348.199951171875,24277946368.0,2742458368.0
2003-05-12,2345.800048828125,22728749056.0,2288688384.0
2003-05-13,2299.300048828125,19291572224.0,3316806912.0
2003-05-14,2338.300048828125,26767613952.0,2820647936.0
2003-05-15,2431.300048828125,21776105472.0,3520900608.0
2003-05-16,2419.699951171875,28962265088.0,2549897728.0
2003-05-19,2385.400146484375,22124627968.0,2180288512.0
2003-05-20,2300.60009765625,18643040256.0,1850606208.0
2003-05-21,2224.400146484375,15549554688.0,1517738240.0
2003-05-22,2184.0,13142106112.0,1593417216.0
2003-05-23,2231.800048828125,13822487552.0,2934912512.0
2003-05-26,2237.5,25180211200.0,2423437312.0
2003-05-27,2219.300048828125,20050804736.0,2265635072.0
2003-05-28,2187.699951171875,19029276672.0,2382338560.0
2003-05-29,2222.900146484375,20005048320.0,2435557120.0
2003-05-30,2250.800048828125,22168010752.0,2577856512.0
2003-06-02,2220.900146484375,23098699776.0,1912736384.0
2003-06-03,2157.5,16956005376.0,1817513088.0
2003-06-04,2148.60009765625,15837116416.0,2307940864.0
2003-06-05,2076.10009765625,18119763968.0,1808764800.0
2003-06-06,2001.9000244140625,14546814976.0,1611314560.0
2003-06-09,1922.9000244140625,13724628992.0,1452328576.0
2003-06-10,1863.5,11680517120.0,1060746368.0
2003-06-11,1871.0,8942635008.0,1919277440.0
2003-06-12,1815.300048828125,14269037568.0,1320062208.0
2003-06-13,1782.9000244140625,10812283904.0,1516955776.0
2003-06-16,1732.0999755859375,12028017664.0,1252247552.0
2003-06-17,1676.800048828125,10402844672.0,1138104960.0
2003-06-18,1638.300048828125,9654607872.0,1287627648.0
2003-06-19,1597.300048828125,10532636672.0,1511237376.0
2003-06-20,1540.2000732421875,11966567424.0,1072664192.0
2003-06-23,1485.2000732421875,8838194176.0,1165355008.0
2003-06-24,1443.300048828125,9289248768.0,968743744.0
2003-06-25,1397.5999755859375,7889738752.0,1050901568.0
2003-06-26,1408.9000244140625,8488369152.0,1425763584.0
2003-06-27,1369.0,11938289664.0,1192983040.0
2003-06-30,1329.2000732421875,9654755328.0,888287296.0
2003-07-01,1297.2000732421875,7163180544.0,1065319872.0
2003-07-02,1285.4000244140625,8473233920.0,1088323328.0
2003-07-03,1268.7000732421875,8735104000.0,1004621312.0
2003-07-04,1242.9000244140625,8679723008.0,967160832.0
2003-07-07,1220.9000244140625,8289671680.0,925632384.0
2003-07-08,1213.5999755859375,7964779520.0,1057988672.0
2003-07-09,1179.9000244140625,8827419648.0,870602432.0
2003-07-10,1252.5999755859375,7405618176.0,1900726912.0
2003-07-11,1254.300048828125,16039955456.0,1273673984.0
2003-07-14,1231.0,11344188416.0,985324224.0
2003-07-15,1223.2000732421875,8606358528.0,1129343616.0
2003-07-16,1215.0,9760160768.0,1085194880.0
2003-07-17,1266.800048828125,9131456512.0,1870238720.0
2003-07-18,1269.4000244140625,16005666816.0,1716786944.0
2003-07-21,1271.5999755859375,14401245184.0,1533892096.0
2003-07-22,1272.300048828125,12321837056.0,1291674880.0
2003-07-23,1253.4000244140625,10852731904.0,1020233920.0
2003-07-24,1217.300048828125,8595089408.0,955276352.0
2003-07-25,1222.7000732421875,7869484032.0,1870130176.0
2003-07-28,1188.7000732421875,12677417984.0,951450112.0
2003-07-29,1161.800048828125,7288545792.0,813052864.0
2003-07-30,1133.9000244140625,6503657472.0,912071936.0
2003-07-31,1109.4000244140625,6942307328.0,836505728.0
2003-08-01,1099.5999755859375,7000168448.0,978982144.0
2003-08-04,1114.7000732421875,8151464448.0,1178353280.0
2003-08-05,1098.9000244140625,9843981312.0,966169664.0
2003-08-06,1079.5,7764532736.0,943939392.0
2003-08-07,1061.5999755859375,7724752384.0,888389760.0
2003-08-08,1046.300048828125,7238654976.0,1094368384.0
2003-08-11,1017.4000244140625,8575680512.0,695917824.0
2003-08-12,992.4000244140625,5654228992.0,688313984.0
2003-08-13,958.4000244140625,5561569792.0,758166912.0
2003-08-14,959.9000244140625,6232973824.0,1048919296.0
2003-08-15,954.2999877929688,8914606080.0,958767424.0
2003-08-18,926.9000244140625,7927453184.0,679412096.0
2003-08-19,908.4000244140625,5417820160.0,685259584.0
2003-08-20,890.5,5564112384.0,768689344.0
2003-08-21,879.5,6157227520.0,795479680.0
2003-08-22,869.7999877929688,6296827904.0,798599936.0
2003-08-25,853.7000122070312,6548969472.0,854330816.0
2003-08-26,846.0,6807730688.0,764013568.0
2003-08-27,829.2999877929688,6042864128.0,707203200.0
2003-08-28,815.0,5566958592.0,753893888.0
2003-08-29,820.1000366210938,6241230336.0,870710080.0
2003-09-01,865.6000366210938,6917542912.0,1266497152.0
2003-09-02,896.9000244140625,10392401920.0,1316672384.0
2003-09-03,908.2999877929688,11674664960.0,1096483072.0
2003-09-04,913.2000122070312,9199285248.0,1094950144.0
2003-09-05,917.5,8792339456.0,1173026560.0
2003-09-08,908.5,9613997056.0,929322624.0
2003-09-09,897.4000244140625,7344674816.0,913228992.0
2003-09-10,882.9000244140625,7061761536.0,745014720.0
2003-09-11,861.4000244140625,6000685568.0,664134272.0
2003-09-12,872.1000366210938,5411959808.0,1265900416.0
2003-09-15,861.7000122070312,9603705856.0,967222272.0
2003-09-16,866.2999877929688,7341206528.0,966223424.0
2003-09-17,847.6000366210938,7305884160.0,920998272.0
2003-09-18,838.0,6833508864.0,844867200.0
2003-09-19,826.0,6349667840.0,798235648.0
2003-09-22,808.7999877929688,5985076736.0,717084992.0
2003-09-23,809.2999877929688,5573191680.0,835982784.0
2003-09-24,806.5,6426082304.0,845049088.0
2003-09-25,785.4000244140625,6521346560.0,744510080.0
2003-09-26,770.2000122070312,5777131520.0,725476544.0
2003-09-29,752.7999877929688,5573095424.0,763774400.0
2003-09-30,760.1000366210938,5682511872.0,920489664.0
2003-10-08,747.4000244140625,6732745728.0,697784320.0
2003-10-09,736.2000122070312,4797577728.0,775344064.0
2003-10-10,800.4000244140625,5237549056.0,1633021440.0
2003-10-13,812.1000366210938,11510487040.0,1190398848.0
2003-10-14,800.0,8646478848.0,896589120.0
2003-10-15,796.1000366210938,6463863808.0,985537856.0
2003-10-16,785.1000366210938,7026970624.0,881554048.0
2003-10-17,773.7999877929688,6565075456.0,754470144.0
2003-10-20,755.2999877929688,5511035392.0,768175424.0
2003-10-21,758.2999877929688,5351647232.0,980131904.0
2003-10-22,842.5,6606948864.0,2059962240.0
2003-10-23,857.2000122070312,14230402048.0,1413822720.0
2003-10-24,861.9000244140625,9969487872.0,1263341440.0
2003-10-27,851.5,8862830592.0,1203219200.0
2003-10-28,869.7999877929688,8580544512.0,1448692224.0
2003-10-29,909.6000366210938,9719995392.0,1854865280.0
2003-10-30,900.2999877929688,12968529920.0,1212976128.0
2003-10-31,906.2999877929688,8247524352.0,1299867008.0
2003-11-03,922.0,8624934912.0,1329390208.0
2003-11-04,1052.0,8775747584.0,3206214144.0
2003-11-05,1076.5999755859375,21613217792.0,2003834496.0
2003-11-06,1103.0,13081774080.0,2304612352.0
2003-11-07,1109.7000732421875,15124154368.0,2018523264.0
2003-11-10,1094.0999755859375,13132211200.0,1142631296.0
2003-11-11,1083.0999755859375,7572963328.0,1283783680.0
2003-11-12,1048.0,8385576448.0,1283807872.0
2003-11-13,1038.5,8346283520.0,1214348416.0
2003-11-14,1028.5999755859375,7886301696.0,1101298560.0
2003-11-17,996.5,7182694912.0,880381760.0
2003-11-18,1009.9000244140625,5810799104.0,1789065984.0
2003-11-19,1030.5999755859375,11378100224.0,1461082624.0
2003-11-20,1150.0,9629611008.0,2919338752.0
2003-11-21,1208.9000244140625,19029026816.0,2932566016.0
2003-11-24,1304.4000244140625,19188967424.0,2692477952.0
2003-11-25,1422.5999755859375,17860698112.0,3764338432.0
2003-11-26,1464.5,25660131328.0,2603002880.0
2003-11-27,1448.7000732421875,17588533248.0,2270783744.0
2003-11-28,1442.300048828125,15229563904.0,1757784832.0
2003-12-01,1512.800048828125,12173867008.0,2579623680.0
2003-12-02,1552.7000732421875,17861513216.0,2781443840.0
2003-12-03,1609.7000732421875,19114915840.0,3023853568.0
2003-12-04,1651.300048828125,20882540544.0,2644183552.0
2003-12-05,1658.2000732421875,19060922368.0,2198497280.0
2003-12-08,1622.800048828125,15851553792.0,1924622592.0
2003-12-09,1598.5,13430092800.0,1562806016.0
2003-12-10,1654.5,11181982720.0,2702280960.0
2003-12-11,1681.2000732421875,19178665984.0,2585032704.0
2003-12-12,1669.5,18947590144.0,2056950912.0
2003-12-15,1640.800048828125,14841506816.0,1639393024.0
2003-12-16,1636.800048828125,12003821568.0,2257204992.0
2003-12-17,1636.4000244140625,15784560640.0,2408954624.0
2003-12-18,1637.2000732421875,17336840192.0,2103873024.0
2003-12-19,1690.5999755859375,15243031552.0,3495140608.0
2003-12-22,1842.800048828125,24847837184.0,3871141632.0
2003-12-23,1906.5,28226232320.0,3385283072.0
2003-12-24,1953.0,24340002816.0,2939316480.0
2003-12-25,1972.4000244140625,22144288768.0,2911689984.0
2003-12-26,1960.0,21610450944.0,2207849472.0
2003-12-29,1917.0,16979428352.0,2050471168.0
2003-12-30,1911.4000244140625,15162579968.0,2144988416.0
2003-12-31,1869.0999755859375,16012869632.0,2063308416.0
2004-01-02,1873.800048828125,15555113984.0,2189978368.0
2004-01-05,2013.2000732421875,16397883392.0,3877763328.0
2004-01-06,2126.10009765625,29199042560.0,4324509696.0
2004-01-07,2239.400146484375,32066107392.0,4230903296.0
2004-01-08,2337.800048828125,31811600384.0,3874715136.0
2004-01-09,2384.199951171875,30215153664.0,4409118720.0
2004-01-12,2444.5,34348120064.0,3145089792.0
2004-01-13,2471.400146484375,25145751552.0,3640404736.0
2004-01-14,2427.10009765625,28439017472.0,2920527872.0
2004-01-15,2399.0,22267211776.0,2779556864.0
2004-01-16,2421.800048828125,21326399488.0,3016215296.0
2004-01-29,2468.699951171875,23850727424.0,2806249472.0
2004-01-30,2487.10009765625,22228367360.0,4142539264.0
2004-02-02,2654.300048828125,31906936832.0,5126684672.0
2004-02-03,2725.300048828125,40004120576.0,4114175488.0
2004-02-04,2882.199951171875,32083697664.0,5052006912.0
2004-02-05,2987.800048828125,40456138752.0,5109711872.0
2004-02-06,3034.199951171875,40318320640.0,5281666560.0
2004-02-09,3116.60009765625,41274224640.0,4177403392.0
2004-02-10,3145.699951171875,33612482560.0,4634153984.0
2004-02-11,3145.900146484375,37126930432.0,4252664832.0
2004-02-12,3145.699951171875,32994867200.0,4349330944.0
2004-02-13,3099.800048828125,34012497920.0,3725495552.0
2004-02-16,3158.900146484375,29490051072.0,3552392960.0
2004-02-17,3233.5,29597892608.0,4587057152.0
2004-02-18,3315.900146484375,39036801024.0,4696509440.0
2004-02-19,3337.10009765625,40320700416.0,4385544192.0
2004-02-20,3335.5,37180289024.0,3884266496.0
2004-02-23,3288.699951171875,32574550016.0,4636570624.0
2004-02-24,3271.300048828125,38064476160.0,4241840640.0
2004-02-25,3184.300048828125,34037624832.0,3881842432.0
2004-02-26,3153.199951171875,31645077504.0,3694553344.0
2004-02-27,3144.60009765625,29164206080.0,3156805120.0
2004-03-01,3152.5,26109669376.0,3330629376.0
2004-03-02,3112.199951171875,28047687680.0,3396465920.0
2004-03-03,3013.10009765625,28476182528.0,3039791872.0
2004-03-04,2977.10009765625,25102155776.0,2844672000.0
2004-03-05,2889.199951171875,23436101632.0,2641181952.0
2004-03-08,2757.199951171875,21735636992.0,2480765952.0
2004-03-09,2674.300048828125,20210870272.0,2461759232.0
2004-03-10,2686.10009765625,19285182464.0,2471268864.0
2004-03-11,2705.400146484375,19866435584.0,3065151744.0
2004-03-12,2661.699951171875,25579857920.0,2561368832.0
2004-03-15,2775.60009765625,21279418368.0,3950712576.0
2004-03-16,2811.10009765625,33672071168.0,3488629248.0
2004-03-17,2807.300048828125,29752453120.0,3163681536.0
2004-03-18,2763.400146484375,26871865344.0,3385445632.0
2004-03-19,2787.10009765625,28498374656.0,2900214528.0
2004-03-22,2780.199951171875,24039348224.0,2959569920.0
2004-03-23,2749.5,24831854592.0,2967725824.0
2004-03-24,2722.900146484375,24818069504.0,2872190720.0
2004-03-25,2687.800048828125,24352053248.0,2572075008.0
2004-03-26,2672.199951171875,21774198784.0,2651177216.0
2004-03-29,2633.199951171875,23500210176.0,2676147456.0
2004-03-30,2598.199951171875,23187589120.0,2243863040.0
2004-03-31,2616.5,19838590976.0,2749185280.0
2004-04-01,2648.800048828125,23877208064.0,3035856384.0
2004-04-02,2706.10009765625,0.0,3479393280.0
2004-04-05,2782.400146484375,30204743680.0,3845847552.0
2004-04-06,2851.900146484375,33875779584.0,3755176448.0
2004-04-07,2889.800048828125,32912379904.0,3729442816.0
2004-04-08,2919.300048828125,32917114880.0,3597656320.0
2004-04-09,2896.300048828125,32329148416.0,3871743744.0
2004-04-12,2879.60009765625,34428649472.0,2953613312.0
2004-04-13,2850.300048828125,25628456960.0,3096119296.0
2004-04-14,2797.800048828125,26774106112.0,3170499328.0
2004-04-15,2707.0,26942339072.0,2481718528.0
2004-04-16,2696.199951171875,20708173824.0,2792903680.0
2004-04-19,2611.300048828125,22789978112.0,2233847296.0
2004-04-20,2537.0,18723033088.0,2081282048.0
2004-04-21,2481.199951171875,17544267776.0,2436181760.0
2004-04-22,2429.400146484375,19615248384.0,1995673728.0
2004-04-23,2327.199951171875,16057210880.0,1996555648.0
2004-04-26,2256.400146484375,15608966144.0,1663852416.0
2004-04-27,2190.900146484375,13225706496.0,2054614528.0
2004-04-28,2156.699951171875,16513401856.0,1974622592.0
2004-04-29,2085.199951171875,15880000512.0,2046958208.0
2004-04-30,2060.300048828125,16591179776.0,1989429760.0
2004-05-10,1939.2000732421875,15563139072.0,1289800576.0
2004-05-11,1881.5999755859375,9723973632.0,1232216064.0
2004-05-12,1897.300048828125,9473972224.0,1765868288.0
2004-05-13,1839.0,13371772928.0,1427660160.0
2004-05-14,1751.0,11210337280.0,1521424768.0
2004-05-17,1688.5999755859375,11389848576.0,1287435648.0
2004-05-18,1721.300048828125,9762806784.0,1784870912.0
2004-05-19,1710.300048828125,14118915072.0,1985979520.0
2004-05-20,1657.0,14808824832.0,1453927040.0
2004-05-21,1618.0999755859375,10882743296.0,1290473472.0
2004-05-24,1558.800048828125,9464315904.0,1194281216.0
2004-05-25,1497.2000732421875,9155822592.0,1459485312.0
2004-05-26,1466.4000244140625,10795984896.0,1197232640.0
2004-05-27,1505.0999755859375,8648270848.0,1927649792.0
2004-05-28,1472.9000244140625,14413985792.0,1425780864.0
2004-05-31,1444.5999755859375,10653915136.0,1152818816.0
2004-06-01,1497.7000732421875,8602224640.0,2011918336.0
2004-06-02,1514.5,16473971712.0,2122956160.0
2004-06-03,1487.9000244140625,17284311040.0,1804658432.0
2004-06-04,1470.5,14032208896.0,1708416512.0
2004-06-07,1425.0,12737240064.0,1452442240.0
2004-06-08,1389.5999755859375,10848868352.0,1494745984.0
2004-06-09,1351.300048828125,11250876416.0,1771395456.0
2004-06-10,1333.5,13009350656.0,1566984576.0
2004-06-11,1326.800048828125,11448295424.0,1571656192.0
2004-06-14,1283.800048828125,11527658496.0,1498594048.0
2004-06-15,1294.7000732421875,10762871808.0,1470975104.0
2004-06-16,1296.5999755859375,10409410560.0,1632338432.0
2004-06-17,1254.2000732421875,11377482752.0,1400621696.0
2004-06-18,1239.0999755859375,9901380608.0,1489107456.0
2004-06-21,1224.9000244140625,10691428352.0,1120792320.0
2004-06-22,1244.800048828125,8238017536.0,1596239744.0
2004-06-23,1214.9000244140625,12158404608.0,1203827456.0
2004-06-24,1192.0,9182635008.0,1384311808.0
2004-06-25,1189.7000732421875,10196708352.0,1566615808.0
2004-06-28,1149.9000244140625,13770929152.0,1290313728.0
2004-06-29,1168.0,9043144704.0,1639066112.0
2004-06-30,1146.0,11348008960.0,1327853184.0
2004-07-01,1217.9000244140625,9624096768.0,2151732224.0
2004-07-02,1218.2000732421875,14868283392.0,1688019072.0
2004-07-05,1210.5,11724777472.0,1251507456.0
2004-07-06,1228.0999755859375,8855895040.0,1823854464.0
2004-07-07,1195.7000732421875,12756533248.0,1219912192.0
2004-07-08,1172.9000244140625,8472801792.0,1141854464.0
2004-07-09,1137.800048828125,8010907648.0,1112792576.0
2004-07-12,1092.0999755859375,7942850560.0,1307212160.0
2004-07-13,1073.2000732421875,8951780352.0,1083135872.0
2004-07-14,1077.9000244140625,7587643904.0,1559743360.0
2004-07-15,1119.300048828125,10403025920.0,1885225088.0
2004-07-16,1254.4000244140625,13145086976.0,3264494592.0
2004-07-19,1277.9000244140625,22615760896.0,1988352256.0
2004-07-20,1276.7000732421875,14214287360.0,1847182464.0
2004-07-21,1274.800048828125,12906542080.0,1572682880.0
2004-07-22,1261.300048828125,11730492416.0,1988992768.0
2004-07-23,1263.4000244140625,13804253184.0,1630165376.0
2004-07-26,1223.300048828125,11040647168.0,1319876736.0
2004-07-27,1200.300048828125,9092008960.0,1450237952.0
2004-07-28,1198.7000732421875,9671790592.0,1507889792.0
2004-07-29,1219.5,9866783744.0,1704883200.0
2004-07-30,1183.2000732421875,11647312896.0,1397430784.0
2004-08-02,1147.4000244140625,9548066816.0,1098321536.0
2004-08-03,1130.4000244140625,7723969024.0,1178680960.0
2004-08-04,1208.5999755859375,8784216064.0,2416661504.0
2004-08-05,1189.300048828125,15964900352.0,1603312896.0
2004-08-06,1174.4000244140625,10745973760.0,1425348992.0
2004-08-09,1156.0,9834730496.0,1224063488.0
2004-08-10,1133.5999755859375,8437012992.0,1037804736.0
2004-08-11,1097.0,7100865024.0,1160378368.0
2004-08-12,1073.0,7722774016.0,1341373696.0
2004-08-13,1059.5999755859375,8487346688.0,1236448256.0
2004-08-16,1034.0999755859375,8197438464.0,1272086272.0
2004-08-17,1021.6000366210938,8295052800.0,1104722176.0
2004-08-18,1008.1000366210938,7423354368.0,1186190336.0
2004-08-19,989.4000244140625,8131955200.0,1325281920.0
2004-08-20,982.6000366210938,8290755584.0,1285609088.0
2004-08-23,949.7999877929688,7885879296.0,999296896.0
2004-08-24,966.5,6247895552.0,1545152640.0
2004-08-25,943.2000122070312,8735940608.0,1117829888.0
2004-08-26,915.1000366210938,6427170304.0,983095296.0
2004-08-27,892.6000366210938,5856795136.0,1097407232.0
2004-08-30,875.5,6507938816.0,934910592.0
2004-08-31,918.5,5490511360.0,1860173696.0
2004-09-01,886.0,11016049664.0,1025197952.0
2004-09-02,892.5,5994209792.0,1306422912.0
2004-09-03,879.2000122070312,7480560128.0,1209511552.0
2004-09-06,855.7000122070312,6636150272.0,898298240.0
2004-09-07,834.4000244140625,5018618368.0,869854336.0
2004-09-08,819.6000366210938,4839241728.0,1191498624.0
2004-09-09,803.0,6230534144.0,1267146624.0
2004-09-10,792.1000366210938,7075879936.0,980208512.0
2004-09-13,768.2999877929688,5511087104.0,1123847040.0
2004-09-14,829.2000122070312,6300439552.0,1956495360.0
2004-09-15,1035.5,10884620288.0,4548929536.0
2004-09-16,1158.0999755859375,26459475968.0,3747190528.0
2004-09-17,1364.2000732421875,22175082496.0,4900168192.0
2004-09-20,1657.9000244140625,30161293312.0,6390540288.0
2004-09-21,1821.5,40752914432.0,5585362432.0
2004-09-22,1886.9000244140625,36575592448.0,4716376576.0
2004-09-23,1978.9000244140625,30966167552.0,3470303232.0
2004-09-24,2136.800048828125,23218960384.0,6433519104.0
2004-09-27,2114.60009765625,46417707008.0,3125778176.0
2004-09-28,2092.900146484375,21013768192.0,2336161280.0
2004-09-29,2017.0,15965840384.0,2069510912.0
2004-09-30,1938.0,14013081600.0,2063399424.0
2004-10-08,1965.800048828125,13866521600.0,2136196096.0
2004-10-11,2028.5,15564534784.0,3692979968.0
2004-10-12,1986.0,27684069376.0,2740707840.0
2004-10-13,1963.0999755859375,19049228288.0,2341018368.0
2004-10-14,1862.0999755859375,16368299008.0,2790791680.0
2004-10-15,1831.9000244140625,19321344000.0,2180904448.0
2004-10-18,1796.9000244140625,14931351552.0,1727302912.0
2004-10-19,1768.800048828125,12011046912.0,2118291712.0
2004-10-20,1729.0,14094151680.0,1924417536.0
2004-10-21,1713.9000244140625,12550324224.0,2628117248.0
2004-10-22,1746.800048828125,17320445952.0,2851093248.0
2004-10-25,1744.9000244140625,18543360000.0,2778146048.0
2004-10-26,1769.0,18816784384.0,2647356416.0
2004-10-27,1821.5999755859375,17189775360.0,3216878336.0
2004-10-28,1831.4000244140625,20730128384.0,3117857280.0
2004-10-29,1809.0999755859375,19991480320.0,2966351360.0
2004-11-01,1742.5,18581993472.0,1868671616.0
2004-11-02,1693.300048828125,11651573760.0,1782292992.0
2004-11-03,1704.5,11057348608.0,2104658432.0
2004-11-04,1645.9000244140625,13479823360.0,2197943552.0
2004-11-05,1601.5,14087149568.0,1597941376.0
2004-11-08,1540.300048828125,10207376384.0,1189716352.0
2004-11-09,1484.9000244140625,7331151360.0,1174496384.0
2004-11-10,1614.800048828125,7165184512.0,3609711872.0
2004-11-11,1700.5999755859375,22368647168.0,4348121088.0
2004-11-12,1698.4000244140625,27458627584.0,2514724352.0
2004-11-15,1705.2000732421875,15602859008.0,2228004096.0
2004-11-16,1684.7000732421875,14296689664.0,2222642432.0
2004-11-17,1642.7000732421875,14066294784.0,1960025728.0
2004-11-18,1635.7000732421875,12478828544.0,1867515136.0
2004-11-19,1631.300048828125,12086356992.0,2261527296.0
2004-11-22,1652.0999755859375,14054624256.0,2661187328.0
2004-11-23,1651.0999755859375,16392734720.0,2695032320.0
2004-11-24,1630.9000244140625,16190992384.0,2626820864.0
2004-11-25,1603.0,15853117440.0,2172956416.0
2004-11-26,1564.2000732421875,12789982208.0,1684185728.0
2004-11-29,1505.2000732421875,9832534016.0,1603003776.0
2004-11-30,1470.300048828125,9688798208.0,1503198592.0
2004-12-01,1433.0999755859375,9026594816.0,1587195904.0
2004-12-02,1434.2000732421875,9735507968.0,2097516672.0
2004-12-03,1442.5999755859375,12750568448.0,2205997056.0
2004-12-06,1418.800048828125,13559092224.0,1786857728.0
2004-12-07,1368.9000244140625,10420785152.0,1799851904.0
2004-12-08,1337.0,10309037056.0,1595195648.0
2004-12-09,1355.4000244140625,8788338688.0,2438815488.0
2004-12-10,1309.4000244140625,13558341632.0,1882062336.0
2004-12-13,1268.800048828125,10608029696.0,1410985984.0
2004-12-14,1226.7000732421875,8142676992.0,1198177152.0
2004-12-15,1216.9000244140625,7068129792.0,1800712320.0
2004-12-16,1181.0,10479003648.0,1371809664.0
2004-12-17,1135.2000732421875,7890253312.0,1158168320.0
2004-12-20,1097.5999755859375,6543013888.0,1224550784.0
2004-12-21,1065.9000244140625,7082739712.0,1071941952.0
2004-12-22,1116.9000244140625,5793974784.0,1990957568.0
2004-12-23,1075.5999755859375,11397899264.0,1366952960.0
2004-12-24,1052.0,7940984832.0,1088274048.0
2004-12-27,1022.2000122070312,6503798784.0,1028106176.0
2004-12-28,1002.9000244140625,5959419904.0,1204866304.0
2004-12-29,983.1000366210938,6867910656.0,1321622656.0
2004-12-30,973.1000366210938,7412001792.0,1318820352.0
2004-12-31,955.7999877929688,7505532928.0,1325532800.0
2005-01-04,927.9000244140625,7471225344.0,1208181120.0
2005-01-05,939.1000366210938,6706556928.0,1373131520.0
2005-01-06,918.9000244140625,7817342976.0,1204627456.0
2005-01-07,920.2999877929688,6827005440.0,1389347200.0
2005-01-10,918.1000366210938,8091371520.0,1178484224.0
2005-01-11,910.1000366210938,6748191232.0,1215646976.0
2005-01-12,897.5,6881539584.0,1166542592.0
2005-01-13,902.5,6435316224.0,1439130624.0
2005-01-14,893.2999877929688,8360641536.0,1505530624.0
2005-01-17,886.1000366210938,8199001600.0,1637452288.0
2005-01-18,902.5,8754718720.0,1616051072.0
2005-01-19,890.9000244140625,8488002560.0,1480886272.0
2005-01-20,889.2999877929688,7546688512.0,1644512512.0
2005-01-21,958.2999877929688,8766216192.0,2583178496.0
2005-01-24,1034.5999755859375,13900655616.0,2778139904.0
2005-01-25,1044.0999755859375,15277603840.0,1911010304.0
2005-01-26,1027.300048828125,10890766336.0,1568463360.0
2005-01-27,998.6000366210938,8774589440.0,1498860160.0
2005-01-28,968.7000122070312,8072893440.0,1368337920.0
2005-01-31,939.9000244140625,7043185664.0,1462839552.0
2005-02-01,930.2000122070312,7506534400.0,1537109504.0
2005-02-02,1052.800048828125,7945161216.0,2939466496.0
2005-02-03,1098.5999755859375,16220192768.0,3062268416.0
2005-02-04,1161.300048828125,16579790848.0,2538601216.0
2005-02-16,1183.0999755859375,14414184448.0,2192186880.0
2005-02-17,1174.5999755859375,12147911680.0,1785118464.0
2005-02-18,1141.9000244140625,9614016512.0,1657756672.0
2005-02-21,1167.0,8809120768.0,1919229952.0
2005-02-22,1277.0999755859375,10639407104.0,3601957120.0
2005-02-23,1362.5,20230420480.0,3822272256.0
2005-02-24,1409.5,21494446080.0,3131049216.0
2005-02-25,1479.0,17660319744.0,3710222592.0
2005-02-28,1493.4000244140625,21579923456.0,2791716608.0
2005-03-01,1483.9000244140625,16145015808.0,2419792384.0
2005-03-02,1480.800048828125,13474941952.0,2934665728.0
2005-03-03,1472.5,16795090944.0,2035923840.0
2005-03-04,1436.800048828125,11341746176.0,1797642752.0
2005-03-07,1419.7000732421875,10453128192.0,1763667584.0
2005-03-08,1489.300048828125,10377725952.0,2796984320.0
2005-03-09,1530.0,17816025088.0,3071909888.0
2005-03-10,1508.9000244140625,18570303488.0,2711758592.0
2005-03-11,1519.0999755859375,16117279744.0,2310709760.0
2005-03-14,1556.800048828125,14289299456.0,2868400128.0
2005-03-15,1538.5999755859375,18658486272.0,2454245376.0
2005-03-16,1509.2000732421875,15234825216.0,2139217280.0
2005-03-17,1473.2000732421875,13059212288.0,2047623552.0
2005-03-18,1430.0,12321189888.0,1999539712.0
2005-03-21,1397.300048828125,11764748288.0,1533139072.0
2005-03-22,1368.300048828125,9004954624.0,2269972480.0
2005-03-23,1362.2000732421875,12855775232.0,2137126912.0
2005-03-24,1357.2000732421875,12675666944.0,1789398912.0
2005-03-25,1320.300048828125,11016933376.0,1545485440.0
2005-03-28,1283.2000732421875,8558389760.0,1483400704.0
2005-03-29,1246.5999755859375,8162603008.0,1491817344.0
2005-03-30,1203.0999755859375,8520739328.0,1826519680.0
2005-03-31,1192.300048828125,9955002368.0,1621299712.0
2005-04-01,1289.5,8368724480.0,2997316096.0
2005-04-04,1277.4000244140625,16801835008.0,2221089536.0
2005-04-05,1256.300048828125,12701234176.0,1863140096.0
2005-04-06,1322.0999755859375,10428983296.0,2720016896.0
2005-04-07,1422.0999755859375,16485472256.0,3876246272.0
2005-04-08,1479.5,22586523648.0,2957944832.0
2005-04-11,1509.0999755859375,16647692288.0,3180120576.0
2005-04-12,1472.0999755859375,18481416192.0,2214592768.0
2005-04-13,1537.0,0.0,3132272128.0
2005-04-14,1516.0,17913452544.0,2631290624.0
2005-04-15,1479.800048828125,14726649856.0,2333703936.0
2005-04-18,1438.4000244140625,12922299392.0,1894519168.0
2005-04-19,1412.0999755859375,10347480064.0,1837066112.0
2005-04-20,1366.5,10243540992.0,1891913472.0
2005-04-21,1346.9000244140625,10094385152.0,2157801984.0
2005-04-22,1333.0,11661472768.0,2239889664.0
2005-04-25,1310.9000244140625,11850923008.0,2229738752.0
2005-04-26,1329.2000732421875,11605580800.0,2326998016.0
2005-04-27,1303.9000244140625,12245412864.0,2179870464.0
2005-04-28,1354.5999755859375,11510255616.0,2856704512.0
2005-04-29,1334.4000244140625,14918814720.0,2291267328.0
2005-05-09,1294.0,12026356736.0,1697052672.0
2005-05-10,1289.800048828125,8692229120.0,2091617536.0
2005-05-11,1253.9000244140625,10541609984.0,1829748096.0
2005-05-12,1231.9000244140625,9249994752.0,1955556480.0
2005-05-13,1232.7000732421875,10279288832.0,2144163200.0
2005-05-16,1193.4000244140625,10542477312.0,1728714880.0
2005-05-17,1189.300048828125,8350380544.0,1888502784.0
2005-05-18,1180.2000732421875,8722765824.0,1756668672.0
2005-05-19,1158.300048828125,8516155904.0,1723408512.0
2005-05-20,1128.2000732421875,8079597568.0,1574735104.0
2005-05-23,1078.5,7359945728.0,1610011264.0
2005-05-24,1079.5999755859375,7247783424.0,1848396928.0
2005-05-25,1061.7000732421875,8479214592.0,1731772288.0
2005-05-26,1032.5,7665104384.0,1586794496.0
2005-05-27,1009.9000244140625,7350691840.0,1628384896.0
2005-05-30,1001.5,7734160896.0,1468661760.0
2005-05-31,985.7000122070312,6781646336.0,1553092480.0
2005-06-01,954.7000122070312,6989937152.0,1686583552.0
2005-06-02,943.1000366210938,7796855808.0,1832330496.0
2005-06-03,933.4000244140625,8898497536.0,1682741120.0
2005-06-06,956.7000122070312,7682739200.0,1811488512.0
2005-06-07,991.4000244140625,8350643200.0,2621860864.0
2005-06-08,1252.300048828125,12833180672.0,6237496320.0
2005-06-09,1431.4000244140625,29805684736.0,6360843776.0
2005-06-10,1460.0999755859375,31259348992.0,4398169600.0
2005-06-13,1457.9000244140625,21258313728.0,3043313664.0
2005-06-14,1428.0,14216107008.0,2905735424.0
2005-06-15,1377.300048828125,13775863808.0,2374686720.0
2005-06-16,1374.7000732421875,11321279488.0,2219240448.0
2005-06-17,1365.5999755859375,10905587712.0,2570629632.0
2005-06-20,1453.7000732421875,13077712896.0,3448315392.0
2005-06-21,1440.0,17340979200.0,2608030208.0
2005-06-22,1430.4000244140625,13031288832.0,2166555648.0
2005-06-23,1398.5999755859375,10909150208.0,2057508096.0
2005-06-24,1379.4000244140625,10414048256.0,1877249664.0
2005-06-27,1458.5,8815060992.0,3593712384.0
2005-06-28,1430.0,17830258688.0,2301098496.0
2005-06-29,1405.9000244140625,11228054528.0,2157478400.0
2005-06-30,1358.2000732421875,10728816640.0,2261465856.0
2005-07-01,1307.4000244140625,10750509056.0,2339345920.0
2005-07-04,1276.5,10347815936.0,2068176896.0
2005-07-05,1235.0999755859375,8488375296.0,1698935680.0
2005-07-06,1190.0,8077145088.0,1556100224.0
2005-07-07,1152.300048828125,6968860160.0,1418465792.0
2005-07-08,1097.0,6029930496.0,1725706752.0
2005-07-11,1068.5999755859375,7108716544.0,1850135424.0
2005-07-12,1130.800048828125,7868717056.0,2907141632.0
2005-07-13,1110.5,12904855552.0,2094388480.0
2005-07-14,1098.9000244140625,9219391488.0,1980661888.0
2005-07-15,1067.5,8674741248.0,2057200768.0
2005-07-18,1031.7000732421875,8421816832.0,1792229120.0
2005-07-19,1012.7999877929688,7022361600.0,1614316544.0
2005-07-20,1002.1000366210938,6521635840.0,1722278912.0
2005-07-21,989.0,7134589952.0,1754911232.0
2005-07-22,1078.5999755859375,7488643584.0,3926814976.0
2005-07-25,1082.0999755859375,16846429184.0,2315366144.0
2005-07-26,1173.5,10079065088.0,3918314752.0
2005-07-27,1251.4000244140625,17097559040.0,3875489792.0
2005-07-28,1310.0999755859375,16611879936.0,4190894336.0
2005-07-29,1310.2000732421875,18280640512.0,2880184832.0
2005-08-01,1308.7000732421875,11875047424.0,2418885888.0
2005-08-02,1339.5,10212970496.0,3129665536.0
2005-08-03,1430.5999755859375,12699517952.0,5254737408.0
2005-08-04,1429.2000732421875,21674366976.0,3236466944.0
2005-08-05,1525.7000732421875,13467351040.0,4365515264.0
2005-08-08,1614.5,20044300288.0,5018973696.0
2005-08-09,1675.5,23183669248.0,4545884672.0
2005-08-10,1742.0999755859375,20152358912.0,5072769024.0
2005-08-11,1850.0,21891993600.0,5860808192.0
2005-08-12,1910.7000732421875,27166599168.0,6484017152.0
2005-08-15,1992.5999755859375,29274116096.0,4822531072.0
2005-08-16,2023.0999755859375,23521615872.0,5363040256.0
2005-08-17,2084.10009765625,25515739136.0,5390559232.0
2005-08-18,2114.400146484375,24782721024.0,7807032832.0
2005-08-19,2119.0,35408957440.0,5029412352.0
2005-08-22,2096.199951171875,22281336832.0,3745335552.0
2005-08-23,2019.0999755859375,16319939584.0,3426093312.0
2005-08-24,2000.0,14833211392.0,3499478272.0
2005-08-25,1981.5999755859375,15266536448.0,3872923648.0
2005-08-26,1958.7000732421875,16311172096.0,4020558336.0
2005-08-29,1909.2000732421875,16872685568.0,4059854080.0
2005-08-30,1849.7000732421875,16134220800.0,3102903296.0
2005-08-31,1859.7000732421875,13227165696.0,3688766208.0
2005-09-01,1936.7000732421875,15929459712.0,5469592576.0
2005-09-02,1957.5,23734620160.0,4766961152.0
2005-09-05,1972.300048828125,21038329856.0,4288533760.0
2005-09-06,1962.800048828125,18752696320.0,5529212928.0
2005-09-07,2021.800048828125,24541804544.0,4773433344.0
2005-09-08,2051.900146484375,21695873024.0,5147947008.0
2005-09-09,2005.4000244140625,24158281728.0,3745298688.0
2005-09-12,1961.300048828125,17165184000.0,2843529984.0
2005-09-13,1998.300048828125,12427030528.0,4171643136.0
2005-09-14,2050.400146484375,18618914816.0,5297363456.0
2005-09-15,2057.10009765625,23929827328.0,4388998656.0
2005-09-16,2036.0,20135622656.0,3806223104.0
2005-09-19,2053.300048828125,17132142592.0,4089085952.0
2005-09-20,2075.300048828125,18273228800.0,5157722624.0
2005-09-21,2062.5,23406309376.0,5260561408.0
2005-09-22,2005.0999755859375,22681432064.0,4706510336.0
2005-09-23,1934.0,21058641920.0,3198629888.0
2005-09-26,1881.0999755859375,14106059776.0,2351368192.0
2005-09-27,1808.300048828125,10770723840.0,2997442048.0
2005-09-28,1752.800048828125,13491519488.0,2472086272.0
2005-09-29,1759.5,10982146048.0,3082233600.0
2005-09-30,1716.4000244140625,13826072576.0,2474662912.0
2005-10-10,1641.800048828125,11411287040.0,1946134784.0
2005-10-11,1641.0,8997014528.0,2266836992.0
2005-10-12,1655.300048828125,10559088640.0,3001787392.0
2005-10-13,1636.9000244140625,14823309312.0,2772351488.0
2005-10-14,1606.9000244140625,13708759040.0,2500576768.0
2005-10-17,1595.7000732421875,12397356032.0,2475203328.0
2005-10-18,1619.4000244140625,11949460480.0,2986936576.0
2005-10-19,1610.0999755859375,14299068416.0,3021054464.0
2005-10-20,1613.0,14021746688.0,3022863360.0
2005-10-21,1622.9000244140625,14161902592.0,2958200320.0
2005-10-24,1618.7000732421875,13909810176.0,2767060224.0
2005-10-25,1587.4000244140625,12826331136.0,2794709248.0
2005-10-26,1551.800048828125,12878414848.0,3107355648.0
2005-10-27,1536.2000732421875,13871080448.0,2753520896.0
2005-10-28,1500.7000732421875,12409620480.0,2891611904.0
2005-10-31,1490.5999755859375,12475170816.0,2436959232.0
2005-11-01,1462.800048828125,10383153152.0,2374375680.0
2005-11-02,1489.800048828125,10268058624.0,3066466560.0
2005-11-03,1466.0999755859375,13215068160.0,2722415360.0
2005-11-04,1447.2000732421875,11952248832.0,2210416640.0
2005-11-07,1428.7000732421875,9822326784.0,2045057792.0
2005-11-08,1421.5,9167921152.0,2458973440.0
2005-11-09,1416.300048828125,10547714048.0,2730456064.0
2005-11-10,1382.300048828125,12249627648.0,2767859456.0
2005-11-11,1362.5999755859375,12260819968.0,2211182848.0
2005-11-14,1322.7000732421875,9418161152.0,1592593280.0
2005-11-15,1294.5,6750294528.0,2040230016.0
2005-11-16,1285.4000244140625,9060857856.0,2027467264.0
2005-11-17,1265.300048828125,8543438336.0,1978101888.0
2005-11-18,1340.800048828125,8370833408.0,3677497600.0
2005-11-21,1338.9000244140625,16221802496.0,2506259712.0
2005-11-22,1300.0999755859375,10691939328.0,2291747584.0
2005-11-23,1284.800048828125,9492247552.0,1954509696.0
2005-11-24,1288.2000732421875,7935625728.0,2592212992.0
2005-11-25,1275.5,10782056448.0,2311437056.0
2005-11-28,1249.5,9272262656.0,1955088896.0
2005-11-29,1212.5,8333302272.0,1841156352.0
2005-11-30,1203.300048828125,7698192384.0,1918185344.0
2005-12-01,1176.800048828125,8561575424.0,1564315776.0
2005-12-02,1160.0,7066975232.0,2077296256.0
2005-12-05,1128.300048828125,8842404864.0,2057247488.0
2005-12-06,1121.2000732421875,8643993600.0,1839500800.0
2005-12-07,1116.2000732421875,7891486720.0,1750124544.0
2005-12-08,1106.9000244140625,7434477056.0,1856536192.0
2005-12-09,1133.800048828125,8245953024.0,2350527744.0
2005-12-12,1140.5999755859375,10216967168.0,2127073152.0
2005-12-13,1138.4000244140625,9386907648.0,1981692160.0
2005-12-14,1168.5,8932317184.0,2546201088.0
2005-12-15,1186.5999755859375,11480792064.0,2820243200.0
2005-12-16,1196.9000244140625,12550720512.0,2186478336.0
2005-12-19,1188.5,9862220800.0,1997574144.0
2005-12-20,1187.5999755859375,8418734592.0,1996895104.0
2005-12-21,1176.4000244140625,8663383040.0,2033928704.0
2005-12-22,1177.9000244140625,8863310848.0,1849565184.0
2005-12-23,1203.7000732421875,8378632192.0,2387584768.0
2005-12-26,1254.0999755859375,10732104704.0,3053621248.0
2005-12-27,1264.0,13817018368.0,2558426880.0
2005-12-28,1272.5999755859375,11217946624.0,2353529856.0
2005-12-29,1349.800048828125,10578084864.0,3465584384.0
2005-12-30,1379.300048828125,17167002624.0,3116480768.0
2006-01-04,1455.9000244140625,15757573120.0,3458637312.0
2006-01-05,1567.7000732421875,17656793088.0,4620528640.0
2006-01-06,1689.5999755859375,23047995392.0,5297405440.0
2006-01-09,1767.9000244140625,26430173184.0,4562653184.0
2006-01-10,1821.5999755859375,22252441600.0,4183631360.0
2006-01-11,1869.5999755859375,20796338176.0,4829432320.0
2006-01-12,1936.7000732421875,23194005504.0,4426231808.0
2006-01-13,1974.2000732421875,20959793152.0,4590503936.0
2006-01-16,1964.5999755859375,21546997760.0,4121277952.0
2006-01-17,1955.300048828125,19288868864.0,3201225728.0
2006-01-18,2015.2000732421875,15128809472.0,4086819328.0
2006-01-19,2078.300048828125,19272185856.0,4945553920.0
2006-01-20,2135.199951171875,22979993600.0,5046682112.0
2006-01-23,2185.199951171875,24323018752.0,4622773760.0
2006-01-24,2233.0,22123833344.0,4725255168.0
2006-01-25,2259.400146484375,24629221376.0,4279128320.0
2006-02-06,2343.400146484375,21345316864.0,4574436352.0
2006-02-07,2417.5,23151570944.0,5998898176.0
2006-02-08,2447.400146484375,30478436352.0,4958749696.0
2006-02-09,2421.0,24042964992.0,4437255168.0
2006-02-10,2445.5,21394821120.0,4188200704.0
2006-02-13,2435.60009765625,20484460544.0,4145394432.0
2006-02-14,2433.0,20295987200.0,3664901632.0
2006-02-15,2449.300048828125,17844518912.0,4624344064.0
2006-02-16,2419.5,22295519232.0,5123091456.0
2006-02-17,2396.400146484375,24477710336.0,4087124992.0
2006-02-20,2372.699951171875,19572736000.0,3552683008.0
2006-02-21,2420.800048828125,17686978560.0,4148933888.0
2006-02-22,2425.900146484375,20754061312.0,4336539648.0
2006-02-23,2404.60009765625,21113184256.0,3717384448.0
2006-02-24,2408.199951171875,17260961792.0,3707798016.0
2006-02-27,2425.800048828125,17842931712.0,3974761216.0
2006-02-28,2418.5,19456243712.0,3603372800.0
2006-03-01,2421.0,17158928384.0,3689851648.0
2006-03-02,2398.10009765625,17960220672.0,4561207808.0
2006-03-03,2398.400146484375,22582804480.0,3882539264.0
2006-03-06,2353.60009765625,18861948928.0,3193938432.0
2006-03-07,2277.400146484375,14927460352.0,3517104384.0
2006-03-08,2237.10009765625,16152563712.0,3085258240.0
2006-03-09,2168.900146484375,14301027328.0,2392937472.0
2006-03-10,2123.10009765625,11274797056.0,2271265792.0
2006-03-13,2095.5,10828398592.0,2235791104.0
2006-03-14,2053.800048828125,10503315456.0,2285701888.0
2006-03-15,2062.0,10677917696.0,2864323072.0
2006-03-16,2048.10009765625,14057231360.0,2895536128.0
2006-03-17,2028.9000244140625,14102378496.0,3001910016.0
2006-03-20,2048.800048828125,14487401472.0,3065698560.0
2006-03-21,2080.800048828125,14689030144.0,3803597312.0
2006-03-22,2115.800048828125,18439987200.0,3737485824.0
2006-03-23,2157.0,18013155328.0,4289652736.0
2006-03-24,2171.5,20617691136.0,4101911808.0
2006-03-27,2196.300048828125,20194594816.0,3505672448.0
2006-03-28,2239.300048828125,16812851200.0,4386258432.0
2006-03-29,2331.900146484375,19898353664.0,5647207936.0
2006-03-30,2337.800048828125,27591979008.0,4396538368.0
2006-03-31,2386.699951171875,22075940864.0,4361797632.0
2006-04-03,2505.0,22330787840.0,5495172608.0
2006-04-04,2614.900146484375,28657504256.0,6115011072.0
2006-04-05,2719.400146484375,31911213056.0,6242225664.0
2006-04-06,2817.800048828125,32649197568.0,6975163904.0
2006-04-07,2900.5,35741716480.0,6661579776.0
2006-04-10,3011.800048828125,33722589184.0,6846604288.0
2006-04-11,3095.800048828125,33521850368.0,7247699456.0
2006-04-12,3105.60009765625,36641685504.0,6332160512.0
2006-04-13,3060.199951171875,31095756800.0,7038908928.0
2006-04-14,3142.300048828125,33722494976.0,6096401408.0
2006-04-17,3197.400146484375,29312034816.0,6736205312.0
2006-04-18,3228.300048828125,33142032384.0,6049682432.0
2006-04-19,3277.300048828125,30672590848.0,6478038528.0
2006-04-20,3318.699951171875,34018902016.0,6986036736.0
2006-04-21,3411.10009765625,37495279616.0,7434329088.0
2006-04-24,3480.10009765625,39436595200.0,8204379136.0
2006-04-25,3530.900146484375,0.0,7069103616.0
2006-04-26,3617.400146484375,39140499456.0,7747113984.0
2006-04-27,3617.60009765625,44139958272.0,6200820224.0
2006-04-28,3717.199951171875,33740775424.0,7331151872.0
2006-05-08,3937.199951171875,40541646848.0,8064808448.0
2006-05-09,4188.80029296875,44778438656.0,10398858240.0
2006-05-10,4369.0,57420943360.0,10566047744.0
2006-05-11,4503.60009765625,58856210432.0,12048020480.0
2006-05-12,4781.89990234375,68404428800.0,10815260672.0
2006-05-15,5210.89990234375,62528438272.0,13911588864.0
2006-05-16,5272.2001953125,80848101376.0,14363147264.0
2006-05-17,5362.80029296875,86251118592.0,11341510656.0
2006-05-18,5346.2001953125,67585851392.0,9865324544.0
2006-05-19,5526.30029296875,56558694400.0,11781908480.0
2006-05-22,5622.89990234375,64370155520.0,11915899904.0
2006-05-23,5385.30029296875,67102908416.0,10870233088.0
2006-05-24,5301.39990234375,60284575744.0,9496027136.0
2006-05-25,5177.2001953125,54316175360.0,6575520768.0
2006-05-26,5186.2001953125,36866646016.0,6983898624.0
2006-05-29,5272.2001953125,39552200704.0,8224820224.0
2006-05-30,5331.2001953125,47170150400.0,8599465984.0
2006-05-31,5270.89990234375,51994746880.0,9367166976.0
2006-06-01,5458.7001953125,54424793088.0,10776914944.0
2006-06-02,5516.60009765625,60854128640.0,12485249024.0
2006-06-05,5580.60009765625,71202242560.0,10472379392.0
2006-06-06,5495.30029296875,56936419328.0,8959929344.0
2006-06-07,5152.80029296875,50005520384.0,9999621120.0
2006-06-08,5107.89990234375,56623972352.0,8566270464.0
2006-06-09,4895.0,46767763456.0,7587777024.0
2006-06-12,4751.2001953125,41382318080.0,4966043648.0
2006-06-13,4641.80029296875,28264308736.0,5277274112.0
2006-06-14,4471.89990234375,29853341696.0,5247531520.0
2006-06-15,4347.7001953125,28279433216.0,4616742400.0
2006-06-16,4362.5,25301657600.0,5520771072.0
2006-06-19,4372.80029296875,30624376832.0,5992368128.0
2006-06-20,4336.2001953125,35379388416.0,5739109376.0
2006-06-21,4287.60009765625,32935542784.0,6500436480.0
2006-06-22,4203.30029296875,36832174080.0,5406456320.0
2006-06-23,4191.5,30149144576.0,5564808192.0
2006-06-26,4243.60009765625,32509440000.0,6265274368.0
2006-06-27,4225.80029296875,37341761536.0,5985736704.0
2006-06-28,4160.5,35668901888.0,5534461952.0
2006-06-29,4300.30029296875,31394942976.0,8378206720.0
2006-06-30,4342.60009765625,47741440000.0,7912018432.0
2006-07-03,4460.5,45950644224.0,7900992512.0
2006-07-04,4503.60009765625,46772244480.0,8777213952.0
2006-07-05,4435.60009765625,52952457216.0,8691734528.0
2006-07-06,4602.2001953125,47861751808.0,7810649600.0
2006-07-07,4594.80029296875,46834941952.0,7734880256.0
2006-07-10,4535.2001953125,46615097344.0,6390121472.0
2006-07-11,4530.89990234375,38859657216.0,6705446400.0
2006-07-12,4560.10009765625,40609988608.0,8123979776.0
2006-07-13,4412.30029296875,50293518336.0,10965658624.0
2006-07-14,4409.30029296875,64351907840.0,6988313600.0
2006-07-17,4393.60009765625,40763424768.0,5444565504.0
2006-07-18,4318.89990234375,32505147392.0,5334390784.0
2006-07-19,4137.2001953125,31034253312.0,5783731712.0
2006-07-20,4052.0,33423974400.0,4624664576.0
2006-07-21,3975.800048828125,25855508480.0,4781732864.0
2006-07-24,3898.699951171875,26354087936.0,4836334592.0
2006-07-25,3902.60009765625,27008698368.0,5329994240.0
2006-07-26,3833.0,30656614400.0,5056304640.0
2006-07-27,3755.699951171875,28094949376.0,5731887616.0
2006-07-28,3678.900146484375,32098910208.0,5361847808.0
2006-07-31,3511.0,30162233344.0,5390727680.0
2006-08-01,3422.300048828125,30357356544.0,4823602176.0
2006-08-02,3341.900146484375,26151960576.0,4427151872.0
2006-08-03,3237.60009765625,24074588160.0,3334684928.0
2006-08-04,3086.300048828125,18817667072.0,4077919232.0
2006-08-07,2975.0,22106148864.0,3822288128.0
2006-08-08,2989.400146484375,19701055488.0,3743845888.0
2006-08-09,2916.900146484375,19178403840.0,3498119424.0
2006-08-10,2926.10009765625,18029363200.0,4119393536.0
2006-08-11,2888.199951171875,21490563072.0,3784234752.0
2006-08-14,2776.400146484375,19906936832.0,4061874432.0
2006-08-15,2808.300048828125,21337245696.0,3317220864.0
2006-08-16,2846.900146484375,17656045568.0,4557068288.0
2006-08-17,2778.400146484375,24762284032.0,3810265600.0
2006-08-18,2710.10009765625,19703414784.0,3619672064.0
2006-08-21,2690.199951171875,17969750016.0,3729038848.0
2006-08-22,2713.199951171875,19121254400.0,4151975936.0
2006-08-23,2715.900146484375,23336083456.0,4351920128.0
2006-08-24,2710.699951171875,24942833664.0,3905100800.0
2006-08-25,2718.699951171875,21439637504.0,4523324416.0
2006-08-28,2862.60009765625,25429800960.0,6124969984.0
2006-08-29,2992.400146484375,34270461952.0,7470451712.0
2006-08-30,3015.10009765625,42445758464.0,5083950592.0
2006-08-31,3053.60009765625,27948945408.0,5729041920.0
2006-09-01,3022.0,30836916224.0,5793227776.0
2006-09-04,3074.300048828125,31675867136.0,5195446784.0
2006-09-05,3114.900146484375,27986567168.0,6136650752.0
2006-09-06,3131.10009765625,33401358336.0,5456304128.0
2006-09-07,3065.5,29721421824.0,4878287872.0
2006-09-08,3019.10009765625,26889422848.0,4095401472.0
2006-09-11,3024.800048828125,22129770496.0,4768542720.0
2006-09-12,3053.300048828125,26424446976.0,5613199360.0
2006-09-13,3057.699951171875,30135549952.0,6233828864.0
2006-09-14,3054.800048828125,33358424064.0,5096880128.0
2006-09-15,3151.60009765625,28120799232.0,6565236736.0
2006-09-18,3232.699951171875,34621935616.0,6447990272.0
2006-09-19,3263.60009765625,34681241600.0,6248954368.0
2006-09-20,3279.300048828125,34143025152.0,5792656896.0
2006-09-21,3306.900146484375,31907895296.0,5837878784.0
2006-09-22,3325.5,32489574400.0,6313822208.0
2006-09-25,3336.5,36936192000.0,5577572864.0
2006-09-26,3287.60009765625,32670982144.0,4846023168.0
2006-09-27,3275.400146484375,27364091904.0,4385658368.0
2006-09-28,3312.400146484375,24984768512.0,5083701760.0
2006-09-29,3390.800048828125,31013367808.0,6146523648.0
2006-10-09,3559.400146484375,36147453952.0,7694304768.0
2006-10-10,3675.199951171875,44077010944.0,8191316480.0
2006-10-11,3705.900146484375,46851485696.0,6993842176.0
2006-10-12,3723.5,38536290304.0,7893996032.0
2006-10-13,3731.699951171875,42606604288.0,6280590336.0
2006-10-16,3731.10009765625,35027865600.0,6881170944.0
2006-10-17,3692.699951171875,37137776640.0,5966648320.0
2006-10-18,3718.10009765625,33636208640.0,5629744640.0
2006-10-19,3719.900146484375,32390766592.0,6225775104.0
2006-10-20,3714.0,35170156544.0,6509312000.0
2006-10-23,3633.5,37233238016.0,6855409664.0
2006-10-24,3712.5,38374412288.0,6069878784.0
2006-10-25,3752.5,34529656832.0,7030430720.0
2006-10-26,3781.5,41704591360.0,6870973440.0
2006-10-27,3820.900146484375,37951864832.0,9404566528.0
2006-10-30,3814.60009765625,46845227008.0,6514289664.0
2006-10-31,3864.300048828125,34907881472.0,6607136768.0
2006-11-01,3926.300048828125,36568666112.0,6986565632.0
2006-11-02,3948.800048828125,40470646784.0,7382209536.0
2006-11-03,3972.60009765625,41295884288.0,7054231552.0
2006-11-06,4015.60009765625,39304900608.0,7233103360.0
2006-11-07,4067.900146484375,41056071680.0,7893215232.0
2006-11-08,3978.199951171875,46594801664.0,5445568000.0
2006-11-09,4019.60009765625,32770850816.0,6189560832.0
2006-11-10,4009.900146484375,37296328704.0,8436207104.0
2006-11-13,3913.199951171875,47927685120.0,7006187008.0
2006-11-14,3926.300048828125,40069095424.0,6011911168.0
2006-11-15,4016.300048828125,34218762240.0,6522946048.0
2006-11-16,4083.400146484375,39252742144.0,8757583872.0
2006-11-17,4150.10009765625,51459567616.0,7025484288.0
2006-11-20,4274.10009765625,40948109312.0,8301369856.0
2006-11-21,4364.2001953125,49513865216.0,7728650752.0
2006-11-22,4494.7001953125,48330067968.0,9182039040.0
2006-11-23,4547.2001953125,56962691072.0,8432677888.0
2006-11-24,4643.10009765625,50253385728.0,8658203648.0
2006-11-27,4739.80029296875,53144305664.0,8272455680.0
2006-11-28,4751.89990234375,52286877696.0,8059250688.0
2006-11-29,4836.2001953125,50588409856.0,8228361216.0
2006-11-30,5084.39990234375,51998580736.0,10878746624.0
2006-12-01,5284.80029296875,67853123584.0,11363968000.0
2006-12-04,5588.2001953125,73650216960.0,12604004352.0
2006-12-05,5799.2001953125,78635737088.0,13031463936.0
2006-12-06,5979.60009765625,82910584832.0,14972906496.0
2006-12-07,6071.39990234375,91883642880.0,14087507968.0
2006-12-08,5811.5,85835513856.0,11531198464.0
2006-12-11,6021.60009765625,69679521792.0,8974706688.0
2006-12-12,6011.5,54491967488.0,9941898240.0
2006-12-13,5946.30029296875,61997756416.0,8337326080.0
2006-12-14,5981.2001953125,53802176512.0,8692573184.0
2006-12-15,6079.80029296875,56237400064.0,9558333440.0
2006-12-18,6310.2001953125,65122930688.0,11766466560.0
2006-12-19,6457.89990234375,79922528256.0,12599382016.0
2006-12-20,6577.10009765625,83822002176.0,11732596736.0
2006-12-21,6570.89990234375,75563425792.0,12467855360.0
2006-12-22,6535.7001953125,80124649472.0,10366743552.0
2006-12-25,6642.5,67682328576.0,10596358144.0
2006-12-26,6574.2001953125,70134104064.0,10267300864.0
2006-12-27,6639.2001953125,65271205888.0,9808190464.0
2006-12-28,6593.60009765625,63285608448.0,11026195456.0
2006-12-29,6843.2001953125,72349466624.0,12042759168.0
2007-01-04,7174.5,83341901824.0,16353332224.0
2007-01-05,7390.60009765625,115558973440.0,14436789248.0
2007-01-08,7789.7001953125,97269301248.0,15179602944.0
2007-01-09,8247.1005859375,104268824576.0,15811857408.0
2007-01-10,8596.1005859375,119445471232.0,16468592640.0
2007-01-11,8708.7001953125,116469055488.0,18104086528.0
2007-01-12,8508.7001953125,124103794688.0,15667935232.0
2007-01-15,8967.0,109129965568.0,13504451584.0
2007-01-16,9328.400390625,99709132800.0,16141729792.0
2007-01-17,9422.2001953125,121649455104.0,19010779136.0
2007-01-18,9630.7001953125,144960061440.0,16684197888.0
2007-01-19,10098.0,125283295232.0,18335350784.0
2007-01-22,10712.1005859375,136093769728.0,20445941760.0
2007-01-23,10979.7998046875,152387403776.0,20964608000.0
2007-01-24,11126.400390625,160431276032.0,17810776064.0
2007-01-25,10693.900390625,140946456576.0,17292417024.0
2007-01-26,10835.1005859375,136244297728.0,16147917824.0
2007-01-29,11204.5,125300695040.0,16450243584.0
2007-01-30,11057.6005859375,131375357952.0,16235558912.0
2007-01-31,10389.900390625,128357548032.0,16604817408.0
2007-02-01,10335.2001953125,127161671680.0,13750786048.0
2007-02-02,9854.2998046875,103477485568.0,12449642496.0
2007-02-05,9622.900390625,95465594880.0,9999473664.0
2007-02-06,9767.5,78805770240.0,12083115008.0
2007-02-07,9941.7001953125,96808976384.0,13570487296.0
2007-02-08,10034.1005859375,110401200128.0,13115179008.0
2007-02-09,9871.900390625,103986733056.0,11957983232.0
2007-02-12,10035.2998046875,92607291392.0,11865591808.0
2007-02-13,10058.6005859375,94609809408.0,11875662848.0
2007-02-14,10264.1005859375,93629693952.0,14007464960.0
2007-02-15,10667.900390625,110884184064.0,16253721600.0
2007-02-16,10872.6005859375,130784059392.0,17402830848.0
2007-02-26,11253.2001953125,140847906816.0,16316435456.0
2007-02-27,10668.1005859375,133977440256.0,24053481472.0
2007-02-28,11278.2001953125,193740636160.0,18109353984.0
2007-03-01,11189.5,144182542336.0,19002683392.0
2007-03-02,11196.7998046875,156225961984.0,14155191296.0
2007-03-05,11096.2001953125,113985118208.0,16000308224.0
2007-03-06,10980.6005859375,128721494016.0,11784058880.0
2007-03-07,11138.2998046875,97330610176.0,13159566336.0
2007-03-08,11225.0,111364587520.0,13712510976.0
2007-03-09,11239.900390625,114073485312.0,16037187584.0
2007-03-12,11392.400390625,135633559552.0,15648358400.0
2007-03-13,11522.5,131145588736.0,16306542592.0
2007-03-14,11469.6005859375,135399047168.0,17246066688.0
2007-03-15,11661.2998046875,144282992640.0,15414087680.0
2007-03-16,11579.900390625,133591072768.0,18079539200.0
2007-03-19,11824.7001953125,155629420544.0,16087654400.0
2007-03-20,11923.400390625,140544638976.0,13911770112.0
2007-03-21,12098.2001953125,124589105152.0,15169900544.0
2007-03-22,12336.7998046875,138720018432.0,18712389632.0
2007-03-23,12542.7998046875,170739105792.0,17790154752.0
2007-03-26,12955.7001953125,159986647040.0,18393196544.0
2007-03-27,13228.1005859375,166616563712.0,18821306368.0
2007-03-28,13607.0,174487158784.0,23733551104.0
2007-03-29,13585.1005859375,219918401536.0,21111846912.0
2007-03-30,13428.5,202244734976.0,13262121984.0
2007-04-02,13622.7998046875,124739313664.0,14172175360.0
2007-04-03,13823.0,139670568960.0,16252238848.0
2007-04-04,13974.1005859375,164009213952.0,16876557312.0
2007-04-05,14229.7001953125,172497059840.0,16934607872.0
2007-04-06,14519.1005859375,170737434624.0,18194542592.0
2007-04-09,15063.400390625,186862321664.0,20557756416.0
2007-04-10,15588.7998046875,212560150528.0,21695444992.0
2007-04-11,16079.7001953125,228459200512.0,22056370176.0
2007-04-12,16614.201171875,237378551808.0,20916836352.0
2007-04-13,16832.701171875,231192772608.0,22777575424.0
2007-04-16,17398.900390625,255888621568.0,19712636928.0
2007-04-17,18052.30078125,221449224192.0,24451725312.0
2007-04-18,18585.0,273734320128.0,23066546176.0
2007-04-19,18112.400390625,264713617408.0,26082361344.0
2007-04-20,19011.5,290468986880.0,20988796928.0
2007-04-23,20020.099609375,239373942784.0,24690958336.0
2007-04-24,20429.201171875,284635693056.0,26187257856.0
2007-04-25,20386.701171875,312509497344.0,21953970176.0
2007-04-26,20430.201171875,258693758976.0,17829443584.0
2007-04-27,20278.701171875,218910687232.0,19149045760.0
2007-04-30,20726.201171875,238779432960.0,21070036992.0
2007-05-08,21776.099609375,272304291840.0,23474008064.0
2007-05-09,22370.30078125,305098227712.0,29070317568.0
2007-05-10,22607.701171875,367551578112.0,24073869312.0
2007-05-11,22446.400390625,0.0,20107157504.0
2007-05-14,22591.099609375,266578477056.0,19958974464.0
2007-05-15,21935.701171875,269205585920.0,21778839552.0
2007-05-16,22355.30078125,290306228224.0,18742636544.0
2007-05-17,22763.5,248569806848.0,20188950528.0
2007-05-18,22672.0,274930073600.0,18705676288.0
2007-05-21,23231.5,252472852480.0,22365423616.0
2007-05-22,23841.201171875,303902195712.0,24825051136.0
2007-05-23,24395.400390625,342404825088.0,22952339456.0
2007-05-24,24616.900390625,320543784960.0,26499012608.0
2007-05-25,25007.5,372924121088.0,22171068416.0
2007-05-28,25760.900390625,323425107968.0,25673408512.0
2007-05-29,26390.099609375,380443885568.0,24755752960.0
2007-05-30,24876.099609375,367554887680.0,27017048064.0
2007-05-31,24602.400390625,401224007680.0,24979615744.0
2007-06-01,23373.099609375,354626338816.0,23035756544.0
2007-06-04,21067.80078125,335384084480.0,16258108416.0
2007-06-05,21576.0,215640801280.0,22760456192.0
2007-06-06,21812.0,266417356800.0,22053941248.0
2007-06-07,22559.900390625,267174182912.0,21121785856.0
2007-06-08,22724.099609375,266069049344.0,20453533696.0
2007-06-11,23048.599609375,271013969920.0,20224186368.0
2007-06-12,23753.099609375,273525391360.0,22881857536.0
2007-06-13,24508.30078125,314899759104.0,24700874752.0
2007-06-14,24004.5,333986955264.0,20713803776.0
2007-06-15,23649.0,281508020224.0,16328271872.0
2007-06-18,24122.0,229405212672.0,18994436096.0
2007-06-19,24187.80078125,274665570304.0,18907017216.0
2007-06-20,23524.099609375,271341109248.0,20610285568.0
2007-06-21,23267.0,297336504320.0,16879049728.0
2007-06-22,21945.0,244607762432.0,17832177664.0
2007-06-25,20420.599609375,251716993024.0,15122627584.0
2007-06-26,20385.701171875,211781746688.0,13690943488.0
2007-06-27,20643.0,178436603904.0,14470209536.0
2007-06-28,19237.0,195567239168.0,14323129344.0
2007-06-29,18235.5,189942972416.0,12696581120.0
2007-07-02,17817.400390625,162188165120.0,10691124224.0
2007-07-03,17594.0,131561414656.0,10262464512.0
2007-07-04,16611.099609375,128241025024.0,8658030592.0
2007-07-05,15194.2001953125,111100813312.0,9520819200.0
2007-07-06,15770.400390625,113170792448.0,12044742656.0
2007-07-09,16075.7001953125,139812339712.0,12691473408.0
2007-07-10,15558.1005859375,154160594944.0,11534990336.0
2007-07-11,15171.5,144039854080.0,7828529152.0
2007-07-12,14807.0,97756520448.0,7629771264.0
2007-07-13,14253.400390625,98355986432.0,6547666944.0
2007-07-16,13366.1005859375,81052647424.0,6979838976.0
2007-07-17,13286.2998046875,88058732544.0,7235727872.0
2007-07-18,13212.7001953125,92711788544.0,9041101824.0
2007-07-19,12973.400390625,119023108096.0,7165359104.0
2007-07-20,13629.7998046875,94129004544.0,11997413376.0
2007-07-23,14908.900390625,154823737344.0,17436164096.0
2007-07-24,15372.0,227394011136.0,16471729152.0
2007-07-25,16000.5,214731063296.0,13812656128.0
2007-07-26,16480.900390625,189524393984.0,14815267840.0
2007-07-27,16911.900390625,202948689920.0,15085541376.0
2007-07-30,17670.400390625,208152510464.0,16729801728.0
2007-07-31,18159.5,234494525440.0,16072979456.0
2007-08-01,17773.201171875,229660033024.0,18647238656.0
2007-08-02,18519.5,260219453440.0,14619104256.0
2007-08-03,19375.099609375,215734157312.0,17031292928.0
2007-08-06,20098.599609375,264094679040.0,16790779904.0
2007-08-07,20440.30078125,256643596288.0,17326280704.0
2007-08-08,20274.900390625,274369642496.0,16760806400.0
2007-08-09,20475.400390625,239648669696.0,13887966208.0
2007-08-10,20230.30078125,206647803904.0,14885591040.0
2007-08-13,20266.900390625,222617075712.0,15678688256.0
2007-08-14,20436.80078125,230464323584.0,12562847744.0
2007-08-15,20242.900390625,188884336640.0,12980177920.0
2007-08-16,20054.900390625,194846408704.0,13309477888.0
2007-08-17,19674.201171875,199796260864.0,13244889088.0
2007-08-20,20635.80078125,199444529152.0,14536334336.0
2007-08-21,21015.400390625,217862914048.0,15659176960.0
2007-08-22,21487.201171875,240343318528.0,16596797440.0
2007-08-23,21839.0,256219119616.0,15298457600.0
2007-08-24,22166.5,243254886400.0,16109429760.0
2007-08-27,22488.900390625,248899993600.0,17326172160.0
2007-08-28,22736.5,270095663104.0,16003567616.0
2007-08-29,22449.701171875,257300971520.0,15123064832.0
2007-08-30,22799.201171875,247497850880.0,15444719616.0
2007-08-31,22949.80078125,237681311744.0,15877761024.0
2007-09-03,23685.80078125,240750362624.0,18933084160.0
2007-09-04,23626.80078125,291148005376.0,17970016256.0
2007-09-05,23594.400390625,280689246208.0,14597185536.0
2007-09-06,23754.900390625,232036941824.0,15875318784.0
2007-09-07,23440.0,248844910592.0,17910603776.0
2007-09-10,23672.30078125,284611346432.0,15137524736.0
2007-09-11,22354.400390625,232908685312.0,16337015808.0
2007-09-12,22493.80078125,257367080960.0,14412248064.0
2007-09-13,22739.0,224074268672.0,12772395008.0
2007-09-14,22858.900390625,212395311104.0,13775272960.0
2007-09-17,23338.599609375,226714714112.0,15547145216.0
2007-09-18,23427.099609375,249936150528.0,15463189504.0
2007-09-19,22961.400390625,256115982336.0,13405428736.0
2007-09-20,22997.900390625,223285936128.0,12807479296.0
2007-09-21,22692.0,214002253824.0,13767934976.0
2007-09-24,22624.099609375,228539695104.0,12420467712.0
2007-09-25,22119.900390625,215550246912.0,13103021056.0
2007-09-26,21207.30078125,203433279488.0,9226117120.0
2007-09-27,20943.30078125,156325609472.0,8485710848.0
2007-09-28,21398.900390625,144564224000.0,11558892544.0
2007-10-08,21636.80078125,205030686720.0,13531931648.0
2007-10-09,21937.900390625,232766963712.0,12062929920.0
2007-10-10,22080.701171875,230786088960.0,13289890816.0
2007-10-11,22323.900390625,239801991168.0,13412045824.0
2007-10-12,22750.30078125,249357123584.0,16618992640.0
2007-10-15,23230.5,305330126848.0,13665356800.0
2007-10-16,23758.900390625,266685562880.0,11980597248.0
2007-10-17,23267.099609375,224938885120.0,10193480704.0
2007-10-18,22246.30078125,193141194752.0,10224712704.0
2007-10-19,21690.099609375,191780962304.0,8131901440.0
2007-10-22,20531.30078125,155092467712.0,7928560640.0
2007-10-23,20297.099609375,141361430528.0,8510098944.0
2007-10-24,19977.400390625,151033888768.0,8695844864.0
2007-10-25,18789.701171875,160706772992.0,10476450816.0
2007-10-26,18589.599609375,176791732224.0,7686650880.0
2007-10-29,18729.5,131834757120.0,7079531008.0
2007-10-30,18758.400390625,119255105536.0,7505341952.0
2007-10-31,19126.5,128653918208.0,10086703104.0
2007-11-01,18634.5,174322974720.0,9206858752.0
2007-11-02,18004.0,162204991488.0,8485407232.0
2007-11-05,18149.30078125,152423809024.0,8439967232.0
2007-11-06,17541.0,192615104512.0,6266392064.0
2007-11-07,17141.599609375,114526486528.0,6193032192.0
2007-11-08,16080.1005859375,108671418368.0,7117316096.0
2007-11-09,15605.7001953125,123620483072.0,6728628736.0
2007-11-12,15176.7001953125,114445279232.0,7381327360.0
2007-11-13,14990.2001953125,123141144576.0,7116345856.0
2007-11-14,15486.7998046875,121835315200.0,7349147136.0
2007-11-15,15131.400390625,126115635200.0,6990697984.0
2007-11-16,14696.7001953125,118917128192.0,5583161344.0
2007-11-19,14458.2998046875,91568668672.0,6139232768.0
2007-11-20,14538.5,93933371392.0,7188259328.0
2007-11-21,14093.0,117969534976.0,6177463296.0
2007-11-22,13238.2001953125,100110917632.0,5926294528.0
2007-11-23,13081.0,97268039680.0,4429273088.0
2007-11-26,12694.7001953125,73250840576.0,5295796736.0
2007-11-27,12220.6005859375,87276355584.0,4590229504.0
2007-11-28,11840.900390625,78574706688.0,4653788672.0
2007-11-29,12332.0,76543049728.0,7021106176.0
2007-11-30,12011.7998046875,115346571264.0,6044260864.0
2007-12-03,12027.0,98280308736.0,6821660160.0
2007-12-04,11917.5,93535215616.0,5776645632.0
2007-12-05,12254.5,84694949888.0,7481569792.0
2007-12-06,12129.1005859375,114578628608.0,6071752704.0
2007-12-07,12277.900390625,93038411776.0,7086334976.0
2007-12-10,12987.2001953125,105615286272.0,9927581696.0
2007-12-11,13384.7001953125,158196023296.0,9712302080.0
2007-12-12,13710.2998046875,156346990592.0,10166321152.0
2007-12-13,13506.7998046875,163493347328.0,9654651904.0
2007-12-14,13725.2998046875,155946975232.0,7743209472.0
2007-12-17,13747.2001953125,121484509184.0,9233462272.0
2007-12-18,13431.1005859375,150511206400.0,5910645760.0
2007-12-19,13764.1005859375,95770624000.0,7982546432.0
2007-12-20,14082.5,124880125952.0,8160431616.0
2007-12-21,14481.5,127922438144.0,9476101120.0
2007-12-24,15334.5,152251875328.0,12204256256.0
2007-12-25,15777.0,205263421440.0,10249322496.0
2007-12-26,16299.5,180508262400.0,10820854784.0
2007-12-27,17108.599609375,184893079552.0,12796497920.0
2007-12-28,17327.80078125,223471960064.0,11054204928.0
2008-01-02,17924.099609375,193554038784.0,11211807744.0
2008-01-03,18786.400390625,197661671424.0,14487495680.0
2008-01-04,19226.701171875,254091870208.0,11925501952.0
2008-01-07,19941.400390625,220512993280.0,13452062720.0
2008-01-08,20245.099609375,243991429120.0,14998752256.0
2008-01-09,20856.400390625,275375390720.0,11373499392.0
2008-01-10,21429.201171875,208427778048.0,14197832704.0
2008-01-11,21566.599609375,261828886528.0,12538805248.0
2008-01-14,21764.201171875,227550904320.0,11670699008.0
2008-01-15,21888.900390625,212610301952.0,12307043328.0
2008-01-16,21659.599609375,230616973312.0,13502537728.0
2008-01-17,21478.099609375,246387343360.0,14714584064.0
2008-01-18,21454.900390625,263550091264.0,10447238144.0
2008-01-21,20413.0,182754721792.0,11396106240.0
2008-01-22,19096.599609375,198781321216.0,13471936512.0
2008-01-23,20112.80078125,230316212224.0,12965151744.0
2008-01-24,20645.30078125,214025895936.0,13310947328.0
2008-01-25,20641.099609375,225277165568.0,11579942912.0
2008-01-28,18980.599609375,198928711680.0,10326850560.0
2008-01-29,18637.400390625,166384402432.0,7316992000.0
2008-01-30,18216.30078125,118190555136.0,8081829888.0
2008-01-31,17224.400390625,137901129728.0,6606187520.0
2008-02-01,16619.5,112979083264.0,8501245952.0
2008-02-04,17846.0,139165073408.0,8777908224.0
2008-02-05,17848.400390625,154548256768.0,7501086720.0
2008-02-13,16950.80078125,132896088064.0,5261350400.0
2008-02-14,16589.5,87838449664.0,5070468608.0
2008-02-15,15990.5,84021485568.0,5960786432.0
2008-02-18,16282.6005859375,98294734848.0,8185116672.0
2008-02-19,16589.099609375,138878926848.0,8941861888.0
2008-02-20,16512.80078125,155015610368.0,9844748288.0
2008-02-21,16501.701171875,174139949056.0,9083633664.0
2008-02-22,16093.7001953125,151314284544.0,9801382912.0
2008-02-25,15425.900390625,162441216000.0,8343593472.0
2008-02-26,15346.0,135593656320.0,8028215296.0
2008-02-27,15605.5,134924394496.0,7279216128.0
2008-02-28,15328.0,121372475392.0,7004247040.0
2008-02-29,15267.6005859375,115365928960.0,7009645568.0
2008-03-03,16429.701171875,114333523968.0,11193071616.0
2008-03-04,16473.5,183406870528.0,12521446400.0
2008-03-05,16613.599609375,200804106240.0,10918191104.0
2008-03-06,16971.701171875,171170529280.0,12508273664.0
2008-03-07,16462.701171875,197238882304.0,8384211968.0
2008-03-10,15811.6005859375,137314279424.0,9016195072.0
2008-03-11,15653.7001953125,138575609856.0,7224122368.0
2008-03-12,15051.1005859375,115821191168.0,7951629312.0
2008-03-13,14570.7001953125,126420541440.0,8959339520.0
2008-03-14,14117.2001953125,138644537344.0,5874473472.0
2008-03-17,13117.2001953125,92575932416.0,7078201856.0
2008-03-18,12352.2001953125,106891091968.0,8223536640.0
2008-03-19,12938.5,115214704640.0,8970676224.0
2008-03-20,13643.2998046875,132034002944.0,10549362688.0
2008-03-21,13850.0,156305489920.0,9357533184.0
2008-03-24,13373.2998046875,141713031168.0,8502749184.0
2008-03-25,13418.0,129090609152.0,7584167936.0
2008-03-26,13232.5,113628233728.0,6677659648.0
2008-03-27,12492.2998046875,104309800960.0,7759176192.0
2008-03-28,13084.900390625,111627632640.0,8987705344.0
2008-03-31,12393.2001953125,130341543936.0,6767163904.0
2008-04-01,11613.7998046875,97010958336.0,7962646016.0
2008-04-02,11441.1005859375,108679053312.0,9069777920.0
2008-04-03,11663.6005859375,121005490176.0,7208164352.0
2008-04-07,12418.6005859375,95079161856.0,8651969536.0
2008-04-08,12768.2001953125,121684041728.0,9392277504.0
2008-04-09,12088.0,135684530176.0,8758991872.0
2008-04-10,12243.0,120598528000.0,6802985472.0
2008-04-11,12145.2001953125,91645927424.0,6378452480.0
2008-04-14,11291.900390625,88225382400.0,7332933632.0
2008-04-15,11425.5,99069804544.0,6551366656.0
2008-04-16,10930.7001953125,88179023872.0,5825854976.0
2008-04-17,10571.2001953125,78838464512.0,6585936384.0
2008-04-18,10036.7998046875,89818955776.0,6205726208.0
2008-04-21,10172.7998046875,78014054400.0,8663202816.0
2008-04-22,10128.5,114990776320.0,7060193280.0
2008-04-23,10804.2998046875,86148808704.0,9248579584.0
2008-04-24,12858.400390625,119327825920.0,19528488960.0
2008-04-25,14265.400390625,261066424320.0,18085650432.0
2008-04-28,14280.2001953125,259188523008.0,10865433600.0
2008-04-29,14427.2998046875,156966436864.0,9679245312.0
2008-04-30,15595.1005859375,141948485632.0,15008757760.0
2008-05-05,16396.5,218630471680.0,14368250880.0
2008-05-06,16693.5,211131252736.0,14111716352.0
2008-05-07,16067.5,209401937920.0,13059898368.0
2008-05-08,16432.900390625,192006766592.0,10648885248.0
2008-05-09,16475.80078125,153226625024.0,12687900672.0
2008-05-12,16685.400390625,187562278912.0,11690116096.0
2008-05-13,16685.201171875,171122802688.0,13702606848.0
2008-05-14,17180.900390625,187018723328.0,13226659840.0
2008-05-15,17024.400390625,185448169472.0,12466291712.0
2008-05-16,17011.099609375,0.0,9796774912.0
2008-05-19,16482.400390625,138992631808.0,7425537536.0
2008-05-20,15372.900390625,104744894464.0,10038764544.0
2008-05-21,15611.7998046875,137703751680.0,10984026112.0
2008-05-22,15244.2001953125,144645095424.0,10232717312.0
2008-05-23,14778.6005859375,139624529920.0,8910029824.0
2008-05-26,14009.6005859375,115046711296.0,7886489088.0
2008-05-27,13675.1005859375,102176718848.0,6260263936.0
2008-05-28,13846.0,81844240384.0,7663117312.0
2008-05-29,13239.2998046875,103533469696.0,7571450368.0
2008-05-30,13074.1005859375,100441661440.0,7110195200.0
2008-06-02,12908.2998046875,95629279232.0,7140038144.0
2008-06-03,12598.2001953125,90928758784.0,7863770624.0
2008-06-04,12127.1005859375,98229010432.0,6921741312.0
2008-06-05,11707.6005859375,86760177664.0,5904527360.0
2008-06-06,11300.900390625,75411300352.0,5202857472.0
2008-06-10,10304.2001953125,65233408000.0,7343453184.0
2008-06-11,9969.2998046875,88360124416.0,6883008000.0
2008-06-12,9780.0,80024748032.0,7212836864.0
2008-06-13,9168.6005859375,84334477312.0,6051034624.0
2008-06-16,8871.2998046875,67353710592.0,6034150400.0
2008-06-17,8365.1005859375,65055567872.0,6509059584.0
2008-06-18,9023.900390625,67041415168.0,9771967488.0
2008-06-19,8399.2001953125,102249644032.0,8449284608.0
2008-06-20,8891.6005859375,89988186112.0,10662107136.0
2008-06-23,8553.5,113190821888.0,6073113088.0
2008-06-24,8700.6005859375,62860353536.0,7105133056.0
2008-06-25,9231.0,73412214784.0,9679960064.0
2008-06-26,9490.900390625,100975575040.0,9988184064.0
2008-06-27,8982.900390625,105814351872.0,9153454080.0
2008-06-30,8800.7998046875,94629814272.0,5749521920.0
2008-07-01,8419.7998046875,61269217280.0,6026749440.0
2008-07-02,8370.400390625,63856521216.0,6039799808.0
2008-07-03,8877.900390625,65217622016.0,10227123200.0
2008-07-04,8889.6005859375,111080079360.0,8620744704.0
2008-07-07,9582.6005859375,93526401024.0,11515488256.0
2008-07-08,9986.900390625,122276159488.0,12131162112.0
2008-07-09,10746.6005859375,131942612992.0,14592039936.0
2008-07-10,10853.0,157294460928.0,13887749120.0
2008-07-11,10784.5,151201038336.0,9996040192.0
2008-07-14,10809.0,107262099456.0,8442360320.0
2008-07-15,10520.2001953125,91663097856.0,10889294848.0
2008-07-16,9981.400390625,115334782976.0,9289932800.0
2008-07-17,9699.7998046875,93475790848.0,7819653120.0
2008-07-18,9977.7998046875,79964250112.0,8572524032.0
2008-07-21,10410.900390625,88678940672.0,10012444672.0
2008-07-22,10362.5,105190891520.0,9387102208.0
2008-07-23,10236.1005859375,98061246464.0,9283019776.0
2008-07-24,10615.7998046875,96853319680.0,10703264768.0
2008-07-25,10463.2001953125,113794514944.0,9539155968.0
2008-07-28,10530.2998046875,98076270592.0,9480108032.0
2008-07-29,10229.6005859375,98026831872.0,8867898368.0
2008-07-30,9974.7998046875,89399443456.0,7539896320.0
2008-07-31,9460.7001953125,75472232448.0,6942864896.0
2008-08-01,9480.2001953125,68113965056.0,7544686592.0
2008-08-04,8987.6005859375,76471762944.0,5709400064.0
2008-08-05,8585.400390625,58274963456.0,6616348672.0
2008-08-06,8474.1005859375,66467975168.0,6226060288.0
2008-08-07,8299.6005859375,63305412608.0,5726974464.0
2008-08-08,7732.60009765625,56612298752.0,7225651200.0
2008-08-11,7171.89990234375,69287231488.0,6947301888.0
2008-08-12,6936.10009765625,61312225280.0,5589923840.0
2008-08-13,6862.80029296875,47831199744.0,6205917696.0
2008-08-14,6693.7001953125,53907148800.0,4791223808.0
2008-08-15,6542.89990234375,42898092032.0,4713981952.0
2008-08-18,6075.10009765625,41663483904.0,7196791296.0
2008-08-19,6115.39990234375,51016863744.0,5408034304.0
2008-08-20,6814.0,40469700608.0,10437215232.0
2008-08-21,6687.10009765625,84894474240.0,8909392896.0
2008-08-22,6485.7001953125,76400713728.0,6496385024.0
2008-08-25,6288.80029296875,52474081280.0,4837587968.0
2008-08-26,5928.80029296875,39485767680.0,5899445760.0
2008-08-27,5859.39990234375,46004703232.0,5729879552.0
2008-08-28,5776.5,46047551488.0,4961366528.0
2008-08-29,5943.7001953125,42041532416.0,6735274496.0
2008-09-01,5673.2001953125,54697996288.0,5245162496.0
2008-09-02,5554.30029296875,42061316096.0,4930702848.0
2008-09-03,5463.80029296875,37856043008.0,6191080960.0
2008-09-04,5395.39990234375,47682052096.0,5007309824.0
2008-09-05,5135.80029296875,37928644608.0,5610364416.0
2008-09-08,4894.10009765625,41149906944.0,5462868992.0
2008-09-09,4833.2001953125,39793967104.0,4442711552.0
2008-09-10,4837.80029296875,31702474752.0,5477874176.0
2008-09-11,4688.30029296875,40548315136.0,5125237760.0
2008-09-12,4609.10009765625,38035148800.0,4337212416.0
2008-09-16,4557.0,32083572736.0,6493847552.0
2008-09-17,4496.10009765625,47138099200.0,6328762368.0
2008-09-18,4612.0,44301373440.0,9204385792.0
2008-09-19,5260.5,60762832896.0,8804554752.0
2008-09-22,6500.7001953125,64780533760.0,19748179968.0
2008-09-23,6569.80029296875,159272239104.0,13322604544.0
2008-09-24,6727.2001953125,104152064000.0,8803249152.0
2008-09-25,7371.7001953125,67256188928.0,14155358208.0
2008-09-26,7596.89990234375,115630997504.0,11213237248.0
2008-10-06,7294.2001953125,92930056192.0,8796729344.0
2008-10-07,7156.7001953125,68978925568.0,8001013760.0
2008-10-08,6822.10009765625,64844402688.0,7111995392.0
2008-10-09,6623.10009765625,55774711808.0,6585679360.0
2008-10-10,6223.30029296875,51448320000.0,7630958080.0
2008-10-13,6463.30029296875,53813944320.0,7916089856.0
2008-10-14,6345.60009765625,57366622208.0,9783173120.0
2008-10-15,6151.10009765625,73916211200.0,6040838656.0
2008-10-16,5810.7001953125,42211721216.0,7645948928.0
2008-10-17,5738.80029296875,51061977088.0,5802050048.0
2008-10-20,5901.80029296875,38025883648.0,6730969088.0
2008-10-21,5858.89990234375,46255759360.0,8194793984.0
2008-10-22,5645.2001953125,56299528192.0,7034829312.0
2008-10-23,5645.5,45648416768.0,6900047360.0
2008-10-24,5463.10009765625,46222741504.0,6584297984.0
2008-10-27,5071.0,44082696192.0,7506624000.0
2008-10-28,5308.0,46899146752.0,8764950528.0
2008-10-29,5122.80029296875,56278687744.0,7697628672.0
2008-10-30,5243.7001953125,49820835840.0,7662511616.0
2008-10-31,5034.7001953125,49064062976.0,5770544640.0
2008-11-03,4879.39990234375,35067338752.0,5167580160.0
2008-11-04,4706.30029296875,31947984896.0,5726925312.0
2008-11-05,4934.80029296875,33667751936.0,8463789568.0
2008-11-06,4776.89990234375,51080036352.0,6533530624.0
2008-11-07,4838.10009765625,37431885824.0,6768458240.0
2008-11-10,5477.7001953125,40031637504.0,12963869696.0
2008-11-11,5680.89990234375,78233100288.0,13532124160.0
2008-11-12,5853.7001953125,82847309824.0,9841208320.0
2008-11-13,6567.80029296875,60164689920.0,17788674048.0
2008-11-14,7367.5,112575438848.0,19504015360.0
2008-11-17,8070.0,127470600192.0,20204898304.0
2008-11-18,7955.39990234375,131409592320.0,22656139264.0
2008-11-19,8740.7001953125,144491544576.0,18760931328.0
2008-11-20,8963.2998046875,120350113792.0,19649511424.0
2008-11-21,9211.7001953125,126875918336.0,18681176064.0
2008-11-24,8685.1005859375,120945369088.0,12349342720.0
2008-11-25,8456.6005859375,79140323328.0,10093701120.0
2008-11-26,8268.2001953125,65412153344.0,9292727296.0
2008-11-27,8619.7001953125,59393515520.0,18133022720.0
2008-11-28,8373.5,122003038208.0,11325148160.0
2008-12-01,8571.900390625,72783495168.0,12341960704.0
2008-12-02,8751.7001953125,78148091904.0,16121270272.0
2008-12-03,9438.0,103272251392.0,20096122880.0
2008-12-04,10085.900390625,132179771392.0,25996369920.0
2008-12-05,10437.400390625,179276120064.0,17860665344.0
2008-12-08,11294.1005859375,121278226432.0,24235143168.0
2008-12-09,11203.2001953125,169287630848.0,21280055296.0
2008-12-10,11590.1005859375,150697934848.0,18757363712.0
2008-12-11,11250.5,133615108096.0,17881630720.0
2008-12-12,10655.6005859375,127301787648.0,15907292160.0
2008-12-15,10539.2001953125,107350548480.0,12061565952.0
2008-12-16,10452.2001953125,81638113280.0,11843182592.0
2008-12-17,10441.900390625,79505711104.0,14653718528.0
2008-12-18,10539.400390625,102499786752.0,13979350016.0
2008-12-19,10588.7998046875,97000775680.0,15553036288.0
2008-12-22,10411.5,110010482688.0,13681203200.0
2008-12-23,9794.7001953125,95755411456.0,15530243072.0
2008-12-24,9387.7998046875,105780346880.0,11349637120.0
2008-12-25,9140.2998046875,73743515648.0,9840297984.0
2008-12-26,8869.400390625,64651493376.0,8263887872.0
2008-12-29,8795.900390625,57058926592.0,8196765696.0
2008-12-30,8551.6005859375,55840870400.0,8527928832.0
2008-12-31,8196.5,58497536000.0,7957484544.0
2009-01-05,8503.0,53891502080.0,10052324352.0
2009-01-06,8972.900390625,70412066816.0,14712552448.0
2009-01-07,9018.2001953125,104779595776.0,13768148992.0
2009-01-08,8813.7001953125,97295646720.0,12004808704.0
2009-01-09,8941.1005859375,87327752192.0,11038994432.0
2009-01-12,9028.900390625,81404264448.0,12956622848.0
2009-01-13,8716.1005859375,94602559488.0,11506451456.0
2009-01-14,9163.7998046875,80050872320.0,13126728704.0
2009-01-15,9473.0,96922681344.0,17229230080.0
2009-01-16,9971.2001953125,124556664832.0,19454892032.0
2009-01-19,10129.0,145976770560.0,15711484928.0
2009-01-20,10090.5,117542338560.0,11269480448.0
2009-01-21,10096.2001953125,83485941760.0,13389572096.0
2009-01-22,10225.1005859375,104269479936.0,13479355392.0
2009-01-23,10105.5,101656772608.0,12942727168.0
2009-02-02,10280.7998046875,94952611840.0,13048583168.0
2009-02-03,10865.400390625,94670102528.0,20444116992.0
2009-02-04,11522.1005859375,147460521984.0,22708838400.0
2009-02-05,11896.400390625,166355861504.0,24986271744.0
2009-02-06,12829.0,188835643392.0,24515940352.0
2009-02-09,13926.7998046875,185935216640.0,29284171776.0
2009-02-10,14657.6005859375,231058702336.0,26502326272.0
2009-02-11,15375.5,210485821440.0,31723515904.0
2009-02-12,15801.400390625,263788609536.0,26455181312.0
2009-02-13,16832.80078125,217071255552.0,30124945408.0
2009-02-16,17730.599609375,250416021504.0,31608778752.0
2009-02-17,17443.0,268612567040.0,29506494464.0
2009-02-18,16720.0,253140303872.0,24236617728.0
2009-02-19,16779.0,204521455616.0,19679963136.0
2009-02-20,17063.900390625,166282608640.0,19731646464.0
2009-02-23,17679.30078125,169858875392.0,24280332288.0
2009-02-24,17175.900390625,211149291520.0,28260450304.0
2009-02-25,17243.0,245109309440.0,23359709184.0
2009-02-26,16156.400390625,204445319168.0,22592081920.0
2009-02-27,15253.1005859375,193854586880.0,18593067008.0
2009-03-02,15358.2001953125,148180746240.0,13507325952.0
2009-03-03,15006.0,111263498240.0,15091893248.0
2009-03-04,16081.0,124253519872.0,22714118144.0
2009-03-05,16507.80078125,190987976704.0,26334085120.0
2009-03-06,16187.7001953125,225737834496.0,18277095424.0
2009-03-09,15371.5,156138192896.0,18362730496.0
2009-03-10,15233.2998046875,154326024192.0,12510109696.0
2009-03-11,14853.5,103645822976.0,15465945088.0
2009-03-12,14483.400390625,131238092800.0,13185424384.0
2009-03-13,14009.7001953125,107970215936.0,12578267136.0
2009-03-16,13842.2001953125,106675183616.0,11097979904.0
2009-03-17,14485.1005859375,92975644672.0,19608766464.0
2009-03-18,14881.900390625,169924050944.0,22492956672.0
2009-03-19,15434.2001953125,194694381568.0,21722114048.0
2009-03-20,15686.400390625,191015714816.0,22822479872.0
2009-03-23,16418.400390625,204613697536.0,24232964096.0
2009-03-24,16751.099609375,226524954624.0,24249094144.0
2009-03-25,16433.0,223716622336.0,21551071232.0
2009-03-26,17086.0,197723389952.0,22378373120.0
2009-03-27,17542.80078125,203737956352.0,26670606336.0
2009-03-30,17497.80078125,236824821760.0,20594659328.0
2009-03-31,17690.5,188103753728.0,20849569792.0
2009-04-01,18304.099609375,195640672256.0,26757582848.0
2009-04-02,18725.900390625,249905905664.0,27593930752.0
2009-04-03,18746.30078125,257377779712.0,25122549760.0
2009-04-07,18691.80078125,236781912064.0,18609014784.0
2009-04-08,17952.400390625,178346622976.0,21771380736.0
2009-04-09,17968.900390625,204240814080.0,17151904768.0
2009-04-10,18769.900390625,162648850432.0,23878901760.0
2009-04-13,19609.900390625,235505172480.0,28338300928.0
2009-04-14,20027.400390625,279585947648.0,25447499776.0
2009-04-15,20450.701171875,251548581888.0,27391375360.0
2009-04-16,20678.201171875,267949686784.0,28325040128.0
2009-04-17,20456.701171875,269249265664.0,24509079552.0
2009-04-20,20867.80078125,240263151616.0,23044421632.0
2009-04-21,20729.400390625,217732464640.0,25320370176.0
2009-04-22,19980.30078125,238863695872.0,28424464384.0
2009-04-23,19737.400390625,264894808064.0,18693814272.0
2009-04-24,19221.900390625,171653955584.0,17200381952.0
2009-04-27,18481.599609375,165305991168.0,16871265280.0
2009-04-28,18196.701171875,154758250496.0,14313049088.0
2009-04-29,18524.201171875,136974180352.0,18638286848.0
2009-04-30,18618.5,177631199232.0,19817873408.0
2009-05-04,19335.30078125,190590926848.0,22638761984.0
2009-05-05,19567.5,217576341504.0,23459319808.0
2009-05-06,19961.80078125,226230124544.0,24053723136.0
2009-05-07,20226.5,235479203840.0,27287078912.0
2009-05-08,20471.0,268430573568.0,24692234240.0
2009-05-11,20132.599609375,239930638336.0,26761349120.0
2009-05-12,20337.900390625,259098329088.0,18341070848.0
2009-05-13,20479.30078125,171956125696.0,21866037248.0
2009-05-14,20176.30078125,218285817856.0,19091656704.0
2009-05-15,19967.400390625,186843037696.0,17213097984.0
2009-05-18,19874.099609375,166455083008.0,17879291904.0
2009-05-19,20304.900390625,176891133952.0,22478891008.0
2009-05-20,20140.701171875,227066281984.0,21303437312.0
2009-05-21,19620.30078125,213731016704.0,20927438848.0
2009-05-22,19237.099609375,209242357760.0,14994231296.0
2009-05-25,19302.5,0.0,17363294208.0
2009-05-26,19038.201171875,177874993152.0,18022619136.0
2009-05-27,18790.201171875,187429453824.0,15652361216.0
2009-06-01,19465.900390625,157262823424.0,21098207232.0
2009-06-02,19711.900390625,223971491840.0,22604539904.0
2009-06-03,20225.5,235532009472.0,22962714624.0
2009-06-04,20596.201171875,237719814144.0,24970639360.0
2009-06-05,20520.30078125,262374080512.0,21911025664.0
2009-06-08,20496.0,233359802368.0,19720087552.0
2009-06-09,20443.0,207251554304.0,19880656896.0
2009-06-10,20695.400390625,202022600704.0,21735157760.0
2009-06-11,20372.80078125,215638179840.0,19892230144.0
2009-06-12,19787.30078125,197936971776.0,19065051136.0
2009-06-15,19741.701171875,186473873408.0,15735601152.0
2009-06-16,19408.701171875,163633233920.0,15343489024.0
2009-06-17,19535.201171875,163247849472.0,17099170816.0
2009-06-18,19888.400390625,181829435392.0,20526227456.0
2009-06-19,20152.900390625,220745482240.0,22478925824.0
2009-06-22,20155.599609375,228536320000.0,21364957184.0
2009-06-23,20169.80078125,219828994048.0,20692611072.0
2009-06-24,20456.5,209544855552.0,20402012160.0
2009-06-25,20304.5,217099796480.0,18138566656.0
2009-06-26,20146.900390625,196150427648.0,16566989824.0
2009-06-29,20449.80078125,174739488768.0,19209222144.0
2009-06-30,20348.599609375,204998672384.0,18612918272.0
2009-07-01,20729.900390625,209459888128.0,20461500416.0
2009-07-02,21299.80078125,226497757184.0,23790974976.0
2009-07-03,21760.5,265248636928.0,24022249472.0
2009-07-06,24679.900390625,266070589440.0,26654498816.0
2009-07-07,24639.30078125,297858826240.0,25991372800.0
2009-07-08,24767.80078125,278418915328.0,22671261696.0
2009-07-09,25240.099609375,251376517120.0,25135550464.0
2009-07-10,25292.900390625,279658496000.0,24731176960.0
2009-07-13,25168.80078125,274905628672.0,23768070144.0
2009-07-14,25714.400390625,264851210240.0,24543815680.0
2009-07-15,26352.599609375,275356254208.0,28856989696.0
2009-07-16,26566.900390625,328668872704.0,28296022016.0
2009-07-17,26668.201171875,331252301824.0,24426139648.0
2009-07-20,27612.099609375,282577371136.0,29329641472.0
2009-07-21,27320.900390625,349461315584.0,29114374144.0
2009-07-22,27776.201171875,344598249472.0,25014147072.0
2009-07-23,27955.701171875,305679859712.0,25009152000.0
2009-07-24,28090.099609375,295058702336.0,27684089856.0
2009-07-27,28958.30078125,331030167552.0,28437387264.0
2009-07-28,29470.099609375,351370149888.0,30474395648.0
2009-07-29,28497.0,373015576576.0,38025138176.0
2009-07-30,28910.0,427144413184.0,28274001920.0
2009-07-31,29865.80078125,326447923200.0,27812196352.0
2009-08-03,30794.201171875,329268756480.0,29672382464.0
2009-08-04,31138.0,357804441600.0,31341268992.0
2009-08-05,31026.0,379302445056.0,29760124928.0
2009-08-06,30366.900390625,361872097280.0,26207352832.0
2009-08-07,28990.099609375,327790034944.0,22693654528.0
2009-08-10,28515.701171875,277844885504.0,18632740864.0
2009-08-11,27708.201171875,229765152768.0,15364382720.0
2009-08-12,26013.599609375,187420999680.0,19735963648.0
2009-08-13,25670.599609375,236488638464.0,17023112192.0
2009-08-14,24380.900390625,205931675648.0,18523203584.0
2009-08-17,22532.701171875,219936604160.0,18356258816.0
2009-08-18,22514.099609375,204591120384.0,15362644992.0
2009-08-19,20987.80078125,171932418048.0,16828684288.0
2009-08-20,21518.599609375,183193468928.0,16399590400.0
2009-08-21,21847.900390625,183935647744.0,18797021184.0
2009-08-24,22095.099609375,209501536256.0,18572906496.0
2009-08-25,21598.201171875,213847195648.0,21477025792.0
2009-08-26,22039.80078125,241686593536.0,19694479360.0
2009-08-27,21963.099609375,221654695936.0,20562522112.0
2009-08-28,21102.599609375,223982239744.0,17931382784.0
2009-08-31,19499.900390625,201061875712.0,17453225984.0
2009-09-01,19002.80078125,188771827712.0,14569860096.0
2009-09-02,18685.5,154589069312.0,12365084672.0
2009-09-03,19748.0,131881320448.0,18916182016.0
2009-09-04,20011.900390625,206884126720.0,18980552704.0
2009-09-07,20322.80078125,213295874048.0,19589941248.0
2009-09-08,20787.900390625,224217006080.0,19168872448.0
2009-09-09,21102.099609375,225977761792.0,19909922816.0
2009-09-10,20629.80078125,242429591552.0,16203388928.0
2009-09-11,20972.900390625,189980950528.0,18437165056.0
2009-09-14,21590.201171875,214494429184.0,21913659392.0
2009-09-15,21942.0,250969145344.0,22084911104.0
2009-09-16,21990.701171875,253186998272.0,22379534336.0
2009-09-17,22626.599609375,261453348864.0,23989231616.0
2009-09-18,22157.5,274365595648.0,25639663616.0
2009-09-21,22264.80078125,287494012928.0,20169781248.0
2009-09-22,21517.201171875,225187545088.0,18785527808.0
2009-09-23,20672.5,216907186176.0,16469009408.0
2009-09-24,20264.599609375,186305101824.0,15337499648.0
2009-09-25,19438.5,171426562048.0,11359646720.0
2009-09-28,18286.900390625,125380345856.0,10852293632.0
2009-09-29,17556.701171875,118037995520.0,11239998464.0
2009-09-30,17177.201171875,117108850688.0,9903869952.0
2009-10-09,17837.099609375,107827232768.0,12781750272.0
2009-10-12,17634.5,144851173376.0,13322213376.0
2009-10-13,17588.900390625,155110637568.0,12112780288.0
2009-10-14,18051.30078125,137949773824.0,18993217536.0
2009-10-15,18052.900390625,216182292480.0,15104095232.0
2009-10-16,18380.5,174429569024.0,14224485376.0
2009-10-19,19236.400390625,165942706176.0,18808473600.0
2009-10-20,19994.701171875,225974681600.0,21914994688.0
2009-10-21,20187.5,263351648256.0,20991612928.0
2009-10-22,20071.5,246984081408.0,16916428800.0
2009-10-23,20715.701171875,198531137536.0,21827565568.0
2009-10-26,20763.099609375,253823549440.0,18438039552.0
2009-10-27,21735.701171875,218126761984.0,19131701248.0
2009-10-28,21591.099609375,228281679872.0,16013889536.0
2009-10-29,20948.599609375,186879836160.0,16914665472.0
2009-10-30,21204.0,190164959232.0,16947265536.0
2009-11-02,22043.80078125,216258166784.0,21242923008.0
2009-11-03,22753.30078125,253179805696.0,24290048000.0
2009-11-04,23153.400390625,288886587392.0,23670697984.0
2009-11-05,23365.80078125,279897899008.0,22379137024.0
2009-11-06,23811.400390625,253119184896.0,25533419520.0
2009-11-09,23994.099609375,296682586112.0,21670500352.0
2009-11-10,24085.099609375,254775427072.0,22163851264.0
2009-11-11,23966.099609375,263905132544.0,19626358784.0
2009-11-12,23975.900390625,232121565184.0,21315110912.0
2009-11-13,24374.5,247733272576.0,22419501056.0
2009-11-16,25782.80078125,265794928640.0,29815484416.0
2009-11-17,26129.900390625,362071326720.0,25372518400.0
2009-11-18,26288.701171875,312209965056.0,24527648768.0
2009-11-19,26767.900390625,293584437248.0,26870673408.0
2009-11-20,27048.099609375,318497751040.0,27193589760.0
2009-11-23,27644.80078125,323920429056.0,26104576000.0
2009-11-24,27530.0,326414565376.0,38111064064.0
2009-11-25,28668.701171875,466112020480.0,29080117248.0
2009-11-26,28212.701171875,352468926464.0,33784555520.0
2009-11-27,27251.099609375,414017880064.0,23462209536.0
2009-11-30,28116.400390625,286243192832.0,21320943616.0
2009-12-01,28777.900390625,263110803456.0,25254191104.0
2009-12-02,29212.80078125,309535080448.0,27030704128.0
2009-12-03,29199.0,335308881920.0,24754501632.0
2009-12-04,29481.80078125,313912098816.0,32187752448.0
2009-12-07,29552.900390625,404951367680.0,21038329856.0
2009-12-08,28974.400390625,270700986368.0,21439188992.0
2009-12-09,27820.599609375,268519981056.0,17869365248.0
2009-12-10,27202.5,226374402048.0,14819294208.0
2009-12-11,26395.400390625,188608004096.0,14759286784.0
2009-12-14,26072.30078125,186691289088.0,17821261824.0
2009-12-15,25564.400390625,223521701888.0,16113923072.0
2009-12-16,24933.900390625,208543842304.0,15473947648.0
2009-12-17,23826.599609375,196394205184.0,15925582848.0
2009-12-18,22720.0,198273007616.0,15526800384.0
2009-12-21,22273.400390625,189930831872.0,11281773568.0
2009-12-22,21247.400390625,142405206016.0,12946545664.0
2009-12-23,21043.900390625,161955135488.0,11973454848.0
2009-12-24,21602.201171875,147137839104.0,15610643456.0
2009-12-25,21320.80078125,201350561792.0,13283745792.0
2009-12-28,21486.201171875,172626493440.0,14201200640.0
2009-12-29,21475.599609375,181533523968.0,15721441280.0
2009-12-30,21836.5,193829535744.0,19019227136.0
2009-12-31,21976.30078125,246502506496.0,16940090368.0
2010-01-04,21864.599609375,215114514432.0,16579817472.0
2010-01-05,22424.400390625,215399677952.0,19625406464.0
2010-01-06,22592.599609375,263323222016.0,19221723136.0
2010-01-07,22405.900390625,259969368064.0,19994224640.0
2010-01-08,22416.701171875,260572905472.0,15537231872.0
2010-01-11,23683.599609375,204078432256.0,20474439680.0
2010-01-12,24441.701171875,276812365824.0,21616261120.0
2010-01-13,24521.900390625,287441944576.0,24081612800.0
2010-01-14,25209.80078125,321740931072.0,21619722240.0
2010-01-15,25337.099609375,286000807936.0,19259701248.0
2010-01-18,25670.30078125,256644726784.0,20861263872.0
2010-01-19,25694.099609375,275856556032.0,20364955648.0
2010-01-20,25192.0,268540739584.0,24640919552.0
2010-01-21,25011.701171875,320279969792.0,17264082944.0
2010-01-22,24507.400390625,224612515840.0,20410777600.0
2010-01-25,23544.900390625,257419231232.0,12230257664.0
2010-01-26,22344.599609375,153101254656.0,14418080768.0
2010-01-27,21537.099609375,179145719808.0,11801794560.0
2010-01-28,21175.599609375,148562018304.0,11441725440.0
2010-01-29,20863.80078125,143917137920.0,12947359744.0
2010-02-01,20337.400390625,163135766528.0,13979972608.0
2010-02-02,19938.099609375,175823912960.0,12795332608.0
2010-02-03,20317.400390625,159943065600.0,16024817664.0
2010-02-04,20312.5,197986435072.0,16242562048.0
2010-02-05,19775.30078125,194904244224.0,16125499392.0
2010-02-08,19203.30078125,192691027968.0,10405515264.0
2010-02-09,18618.900390625,125902094336.0,9864278016.0
2010-02-10,18298.701171875,114434883584.0,8881412096.0
2010-02-11,17736.80078125,114253135872.0,8878448640.0
2010-02-12,17457.701171875,111143501824.0,8684658688.0
2010-02-22,17093.80078125,112828162048.0,10519514112.0
2010-02-23,17072.400390625,130039414784.0,12517855232.0
2010-02-24,17456.400390625,159093489664.0,15152140288.0
2010-02-25,18206.701171875,184679448576.0,18968172544.0
2010-02-26,18443.400390625,235919966208.0,16471987200.0
2010-03-01,19035.201171875,211004882944.0,17899294720.0
2010-03-02,19226.0,226016755712.0,17557319680.0
2010-03-03,19816.0,221309255680.0,19043325952.0
2010-03-04,19594.599609375,238528757760.0,20844619776.0
2010-03-05,19507.900390625,258332409856.0,14612274176.0
2010-03-08,19400.201171875,181855682560.0,12961604608.0
2010-03-09,19354.900390625,161648312320.0,14845890560.0
2010-03-10,18976.30078125,185076973568.0,13565684736.0
2010-03-11,18719.599609375,170131324928.0,12604251136.0
2010-03-12,18184.80078125,163200909312.0,11625198592.0
2010-03-15,17613.099609375,152767561728.0,10094590976.0
2010-03-16,17313.099609375,129879678976.0,9417493504.0
2010-03-17,17735.701171875,121043394560.0,13832922112.0
2010-03-18,17829.599609375,177709137920.0,14587175936.0
2010-03-19,18003.201171875,187275837440.0,14347666432.0
2010-03-22,18180.0,181533147136.0,15284048896.0
2010-03-23,18135.099609375,192395329536.0,14776987648.0
2010-03-24,18219.701171875,190537482240.0,14716008448.0
2010-03-25,18081.0,191940165632.0,14983498752.0
2010-03-26,18335.80078125,195846520832.0,14247916544.0
2010-03-29,19117.80078125,185438519296.0,19166007296.0
2010-03-30,19436.599609375,248633507840.0,15775305728.0
2010-03-31,19635.599609375,213235138560.0,15930172416.0
2010-04-01,20414.900390625,218130661376.0,20232378368.0
2010-04-02,20932.599609375,272997466112.0,19669819392.0
2010-04-06,21286.900390625,263466467328.0,18733735936.0
2010-04-07,21366.5,252424880128.0,16691982336.0
2010-04-08,21522.30078125,229341151232.0,18463027200.0
2010-04-09,21970.099609375,256381566976.0,17195214848.0
2010-04-12,22692.099609375,243483803648.0,22327136256.0
2010-04-13,23265.201171875,310798385152.0,23557019648.0
2010-04-14,23469.30078125,337954963456.0,17663928320.0
2010-04-15,23321.30078125,246437969920.0,17822736384.0
2010-04-16,22865.5,247134257152.0,13597616128.0
2010-04-19,22225.599609375,186517258240.0,20797480960.0
2010-04-20,22471.400390625,271649783808.0,17078301696.0
2010-04-21,23369.400390625,225820786688.0,19481247744.0
2010-04-22,23669.30078125,270380400640.0,20137672704.0
2010-04-23,23590.900390625,278913089536.0,17605466112.0
2010-04-26,23343.0,252134604800.0,15039972352.0
2010-04-27,22796.900390625,214173810688.0,17494833152.0
2010-04-28,22644.701171875,233534406656.0,13555675136.0
2010-04-29,21811.5,185848840192.0,14587342848.0
2010-04-30,21231.701171875,198699057152.0,14346402816.0
2010-05-04,20458.5,188945367040.0,10626284544.0
2010-05-05,20836.30078125,138192617472.0,14753950720.0
2010-05-06,20030.201171875,191755501568.0,14826178560.0
2010-05-07,19579.099609375,201523462144.0,14369244160.0
2010-05-10,19166.5,187744763904.0,13089341440.0
2010-05-11,18540.099609375,166196379648.0,13826634752.0
2010-05-12,18048.30078125,173275709440.0,12778998784.0
2010-05-13,18314.201171875,151442489344.0,12940468224.0
2010-05-14,18044.0,151945428992.0,11608835072.0
2010-05-17,16785.30078125,141670187008.0,12716093440.0
2010-05-18,17022.099609375,146082136064.0,13190738944.0
2010-05-19,16813.201171875,146626330624.0,11525081088.0
2010-05-20,16254.1005859375,137433374720.0,10779022336.0
2010-05-21,16575.201171875,129070743552.0,13472878592.0
2010-05-24,17683.30078125,154083803136.0,18148726784.0
2010-05-25,17525.099609375,216813830144.0,15022643200.0
2010-05-26,17287.201171875,181134508032.0,11227008000.0
2010-05-27,17606.599609375,137563701248.0,14266105856.0
2010-05-28,17677.80078125,172609699840.0,14478640128.0
2010-05-31,17026.201171875,182624337920.0,13138857984.0
2010-06-01,16608.5,0.0,12437536768.0
2010-06-02,16470.5,148420853760.0,10569747456.0
2010-06-03,16201.400390625,125798162432.0,11844755456.0
2010-06-04,15967.7001953125,148083752960.0,9804695552.0
2010-06-07,15718.900390625,119127908352.0,11245669376.0
2010-06-08,15655.400390625,141262733312.0,10948336640.0
2010-06-09,16347.400390625,139836997632.0,15874776064.0
2010-06-10,16350.5,191524929536.0,13845889024.0
2010-06-11,16190.0,165757878272.0,11948112896.0
2010-06-17,15776.2998046875,150038659072.0,9698370560.0
2010-06-18,15176.2001953125,125860372480.0,11688998912.0
2010-06-21,15621.5,142748139520.0,12857802752.0
2010-06-22,15502.7998046875,146062426112.0,11098171392.0
2010-06-23,15238.5,126340366336.0,10369449984.0
2010-06-24,14790.5,123244339200.0,8519257088.0
2010-06-25,14340.2001953125,100858298368.0,8911425536.0
2010-06-28,13791.400390625,105146122240.0,7506687488.0
2010-06-29,13122.0,88946147328.0,12152099840.0
2010-06-30,12746.0,132570062848.0,9239482368.0
2010-07-01,12314.0,97095737344.0,8512206336.0
2010-07-02,12264.2998046875,89837641728.0,11254256640.0
2010-07-05,11937.6005859375,116158578688.0,8152602624.0
2010-07-06,12203.6005859375,83038969856.0,10307916800.0
2010-07-07,12251.6005859375,107308146688.0,9749460992.0
2010-07-08,12091.400390625,103432273920.0,9493058560.0
2010-07-09,12767.2998046875,101963382784.0,14304230400.0
2010-07-12,13159.7001953125,153741869056.0,14052028416.0
2010-07-13,13009.2998046875,152369299456.0,11629641728.0
2010-07-14,13153.6005859375,126739955712.0,12085410816.0
2010-07-15,12888.7998046875,131371794432.0,14987778048.0
2010-07-16,12826.2998046875,126847475712.0,10864299008.0
2010-07-19,13388.400390625,104558223360.0,13706802176.0
2010-07-20,14329.7001953125,141127385088.0,18996695040.0
2010-07-21,14813.400390625,203033722880.0,18302633984.0
2010-07-22,15246.7001953125,194794586112.0,16683253760.0
2010-07-23,15550.0,172115673088.0,17605332992.0
2010-07-26,15821.2001953125,182200369152.0,15388162048.0
2010-07-27,15852.1005859375,166750011392.0,14312608768.0
2010-07-28,16780.30078125,160601931776.0,20611035136.0
2010-07-29,17436.80078125,220723806208.0,22165006336.0
2010-07-30,17452.0,232954347520.0,16078358528.0
2010-08-02,18033.0,178407342080.0,18654480384.0
2010-08-03,18169.701171875,206994259968.0,20848041984.0
2010-08-04,18517.400390625,236901335040.0,18368772096.0
2010-08-05,18693.30078125,206666678272.0,18562557952.0
2010-08-06,19369.599609375,212382695424.0,20054597632.0
2010-08-09,19901.5,232203927552.0,19894886400.0
2010-08-10,19542.5,237557039104.0,20768221184.0
2010-08-11,19547.30078125,244260438016.0,14471457792.0
2010-08-12,19235.400390625,171046977536.0,15779223552.0
2010-08-13,19400.5,188428992512.0,14773194752.0
2010-08-16,20218.30078125,173238812672.0,20519761920.0
2010-08-17,20636.201171875,240428515328.0,20067426304.0
2010-08-18,20897.0,238229929984.0,21380071424.0
2010-08-19,21200.701171875,240166141952.0,20906287104.0
2010-08-20,20967.30078125,249099206656.0,19647924224.0
2010-08-23,20829.900390625,235172478976.0,15199554560.0
2010-08-24,20910.099609375,183110418432.0,17576740864.0
2010-08-25,20406.5,201988603904.0,17764960256.0
2010-08-26,20260.599609375,204258770944.0,14097220608.0
2010-08-27,19978.599609375,165732646912.0,12234150912.0
2010-08-30,20705.400390625,153704333312.0,18438789120.0
2010-08-31,21133.201171875,233995698176.0,19400308736.0
2010-09-01,21297.80078125,255437864960.0,21840031744.0
2010-09-02,22053.099609375,277202305024.0,21018525696.0
2010-09-03,22562.201171875,273850220544.0,21876205568.0
2010-09-06,23034.0,286170513408.0,23563798528.0
2010-09-07,23115.400390625,297781526528.0,18696929280.0
2010-09-08,23365.701171875,229356994560.0,19212328960.0
2010-09-09,23344.201171875,250265731072.0,22644692992.0
2010-09-10,23512.201171875,294022152192.0,19321200640.0
2010-09-13,23962.099609375,254489706496.0,19713878016.0
2010-09-14,24065.201171875,261308809216.0,20266643456.0
2010-09-15,23640.599609375,263571947520.0,20145489920.0
2010-09-16,23059.30078125,259055239168.0,19433162752.0
2010-09-17,22574.400390625,238963654656.0,14063058944.0
2010-09-20,21863.701171875,179257671680.0,13349658624.0
2010-09-21,21139.30078125,165448564736.0,9956282368.0
2010-09-27,21473.099609375,129279475712.0,12554609664.0
2010-09-28,21224.701171875,162339618816.0,14972017664.0
2010-09-29,20851.701171875,200748646400.0,14143190016.0
2010-09-30,20992.099609375,187211857920.0,13907558400.0
2010-10-08,22146.900390625,180773732352.0,20946294784.0
2010-10-11,24516.201171875,279414669312.0,31592396800.0
2010-10-12,25676.0,420213522432.0,26353842176.0
2010-10-13,26888.599609375,357624840192.0,29972471808.0
2010-10-14,27727.30078125,396875104256.0,33955850240.0
2010-10-15,29358.900390625,434207948800.0,34413727744.0
2010-10-18,30135.30078125,442604716032.0,38531182592.0
2010-10-19,31117.201171875,476924182528.0,26190753792.0
2010-10-20,32088.0,336541843456.0,31935342592.0
2010-10-21,32242.30078125,438139486208.0,25734930432.0
2010-10-22,32294.400390625,352840581120.0,24783478784.0
2010-10-25,33976.0,346381418496.0,30978981888.0
2010-10-26,34567.19921875,436931821568.0,31817533440.0
2010-10-27,34204.40234375,450617442304.0,28849586176.0
2010-10-28,33889.30078125,404892909568.0,23226107904.0
2010-10-29,33891.0,329508061184.0,23842639872.0
2010-11-01,35504.19921875,347812102144.0,30018142208.0
2010-11-02,36313.69921875,444889432064.0,35933913088.0
2010-11-03,35576.69921875,535473291264.0,28943548416.0
2010-11-04,36217.5,410881556480.0,27182630912.0
2010-11-05,37046.5,383911854080.0,32039071744.0
2010-11-08,40461.90234375,453744361472.0,32142952448.0
2010-11-09,40395.0,445254631424.0,31243915264.0
2010-11-10,40323.0,439889100800.0,29784807424.0
2010-11-11,40552.0,440916115456.0,33475733504.0
2010-11-12,38620.30078125,501011939328.0,36974125056.0
2010-11-15,38600.69921875,523973820416.0,24287309824.0
2010-11-16,36733.19921875,349159391232.0,27068022784.0
2010-11-17,34824.69921875,391639236608.0,19648102400.0
2010-11-18,34284.69921875,283001094144.0,16199326720.0
2010-11-19,34331.6015625,231530496000.0,20056766464.0
2010-11-22,34167.0,291475947520.0,21607493632.0
2010-11-23,32962.40234375,323857743872.0,19553959936.0
2010-11-24,33232.6015625,285336928256.0,19305035776.0
2010-11-25,33220.0,289924743168.0,21837776896.0
2010-11-26,32333.701171875,319099142144.0,17958664192.0
2010-11-29,31851.0,267113349120.0,16902122496.0
2010-11-30,31087.201171875,257338982400.0,22514896896.0
2010-12-01,30067.900390625,325285937152.0,13546518528.0
2010-12-02,29663.80078125,197850054656.0,16796384256.0
2010-12-03,28750.5,245724413952.0,13714052096.0
2010-12-06,27915.0,202547085312.0,14049369088.0
2010-12-07,27655.099609375,201378267136.0,13926289408.0
2010-12-08,26921.80078125,203950063616.0,13881950208.0
2010-12-09,25915.30078125,205934886912.0,14840600576.0
2010-12-10,25685.400390625,201687564288.0,12703830016.0
2010-12-13,26742.701171875,183218569216.0,19728635904.0
2010-12-14,27036.0,286526832640.0,19329949696.0
2010-12-15,26920.30078125,281553764352.0,17879339008.0
2010-12-16,26384.30078125,271256748032.0,14396023808.0
2010-12-17,25779.599609375,212377223168.0,11965223936.0
2010-12-20,25627.599609375,181170913280.0,18264676352.0
2010-12-21,26032.201171875,276113162240.0,17676310528.0
2010-12-22,25657.099609375,256515932160.0,16182793216.0
2010-12-23,24871.701171875,237089996800.0,14419977216.0
2010-12-24,24031.900390625,206893547520.0,13104355328.0
2010-12-27,23563.0,182036742144.0,15390686208.0
2010-12-28,22725.599609375,218839302144.0,13086765056.0
2010-12-29,22497.0,173870792704.0,10153048064.0
2010-12-30,22142.0,142120681472.0,11386044416.0
2010-12-31,22534.30078125,158289346560.0,13000682496.0
2011-01-04,23316.80078125,196666392576.0,17113340928.0
2011-01-05,23436.701171875,257763295232.0,15981101056.0
2011-01-06,23125.099609375,240491806720.0,13378007040.0
2011-01-07,23130.701171875,202639540224.0,16755184640.0
2011-01-10,22405.400390625,231679213568.0,13825476608.0
2011-01-11,21976.099609375,194640609280.0,12209681408.0
2011-01-12,21713.701171875,166077005824.0,11870998528.0
2011-01-13,21255.900390625,152517656576.0,11037208576.0
2011-01-14,20489.80078125,149949071360.0,11678166016.0
2011-01-17,19578.701171875,159165251584.0,13727600640.0
2011-01-18,19090.099609375,179287441408.0,8924653568.0
2011-01-19,19346.0,116175708160.0,11499757568.0
2011-01-20,18558.701171875,151791992832.0,12764894208.0
2011-01-21,18708.201171875,165016616960.0,13721943040.0
2011-01-24,18238.599609375,170340024320.0,12518106112.0
2011-01-25,17619.201171875,157927079936.0,10062897152.0
2011-01-26,17504.0,126698930176.0,8890787840.0
2011-01-27,17956.0,113159421952.0,14776474624.0
2011-01-28,18055.5,181492744192.0,12379879424.0
2011-01-31,18346.80078125,160300302336.0,13056207872.0
2011-02-01,18198.30078125,170554179584.0,10631217152.0
2011-02-09,18015.900390625,146420039680.0,12503876608.0
2011-02-10,18598.701171875,168247148544.0,14576355328.0
2011-02-11,19100.701171875,196589780992.0,16440835072.0
2011-02-14,20537.701171875,222321131520.0,22734526464.0
2011-02-15,21501.80078125,302776811520.0,22436784128.0
2011-02-16,22376.80078125,309673099264.0,19455639552.0
2011-02-17,23031.099609375,275775619072.0,20314382336.0
2011-02-18,23006.400390625,294844661760.0,17644308480.0
2011-02-21,23917.0,254455840768.0,18641651712.0
2011-02-22,24016.5,263139278848.0,23488897024.0
2011-02-23,24228.80078125,336354672640.0,16985253888.0
2011-02-24,24360.099609375,241978359808.0,17127694336.0
2011-02-25,24269.099609375,241790173184.0,15664069632.0
2011-02-28,24826.599609375,223038504960.0,18542067712.0
2011-03-01,25330.201171875,260854022144.0,21166569472.0
2011-03-02,25445.201171875,297064660992.0,20026388480.0
2011-03-03,25401.900390625,276977483776.0,21844129792.0
2011-03-04,25707.400390625,291273146368.0,17536811008.0
2011-03-07,26914.30078125,235585257472.0,24287567872.0
2011-03-08,27185.0,341042331648.0,19849003008.0
2011-03-09,27314.201171875,286597808128.0,19346239488.0
2011-03-10,27242.900390625,280389025792.0,19344545792.0
2011-03-11,27087.701171875,287413993472.0,18379335680.0
2011-03-14,27291.400390625,271130198016.0,18321424384.0
2011-03-15,27360.099609375,267912314880.0,23632060416.0
2011-03-16,27820.099609375,324182147072.0,20403460096.0
2011-03-17,27365.201171875,286599249920.0,21007118336.0
2011-03-18,27145.599609375,289462747136.0,15734129664.0
2011-03-21,26620.30078125,220804677632.0,15268449280.0
2011-03-22,26211.599609375,215481958400.0,14587268096.0
2011-03-23,26370.80078125,206639579136.0,17271031808.0
2011-03-24,26151.900390625,236710445056.0,17197402112.0
2011-03-25,26688.099609375,239431483392.0,21210388480.0
2011-03-28,27306.900390625,293145509888.0,24387092480.0
2011-03-29,27316.5,339670532096.0,25751998464.0
2011-03-30,27059.701171875,332723879936.0,19486521344.0
2011-03-31,26382.900390625,255707217920.0,16796707840.0
2011-04-01,26271.0,220679471104.0,15041191936.0
2011-04-06,26580.80078125,201102475264.0,20604284928.0
2011-04-07,26657.701171875,276928200704.0,18860931072.0
2011-04-08,26871.900390625,250424950784.0,17738014720.0
2011-04-11,27034.400390625,246448373760.0,22764353536.0
2011-04-12,27015.099609375,303473033216.0,22252730368.0
2011-04-13,27131.30078125,271773253632.0,19638192128.0
2011-04-14,26915.0,243907543040.0,19987687424.0
2011-04-15,26901.099609375,249290194944.0,19911174144.0
2011-04-18,27067.900390625,249095045120.0,21550186496.0
2011-04-19,27034.400390625,270678081536.0,22947360768.0
2011-04-20,27009.80078125,285496246272.0,18985807872.0
2011-04-21,27176.599609375,246480928768.0,19538423808.0
2011-04-22,26803.900390625,259049406464.0,18595682304.0
2011-04-25,26218.5,235625693184.0,18611662848.0
2011-04-26,25412.400390625,241747574784.0,15070208000.0
2011-04-27,24755.0,192528302080.0,16007401472.0
2011-04-28,23797.201171875,194445983744.0,15925911552.0
2011-04-29,23589.400390625,193156513792.0,12869640192.0
2011-05-03,23407.701171875,151981604864.0,14014928896.0
2011-05-04,22697.5,166076743680.0,16087062528.0
2011-05-05,22265.5,197462228992.0,13193555968.0
2011-05-06,21953.0,157263003648.0,13895762944.0
2011-05-09,21754.30078125,171921391616.0,12498101248.0
2011-05-10,21545.599609375,155832074240.0,12480425984.0
2011-05-11,21308.099609375,158910824448.0,14332631040.0
2011-05-12,20808.900390625,178220105728.0,15505347584.0
2011-05-13,20848.099609375,189127802880.0,14234174464.0
2011-05-16,20486.099609375,172894928896.0,13688962048.0
2011-05-17,20322.30078125,164578492416.0,15368892416.0
2011-05-18,20210.80078125,188773810176.0,12373823488.0
2011-05-19,19811.701171875,152185716736.0,12702221312.0
2011-05-20,19492.701171875,155614609408.0,11315966976.0
2011-05-23,18812.80078125,141724762112.0,15497959424.0
2011-05-24,18627.201171875,183861084160.0,12281460736.0
2011-05-25,18152.30078125,151728275456.0,12019156992.0
2011-05-26,17798.201171875,144617422848.0,12419217408.0
2011-05-27,17188.201171875,151033085952.0,12888135680.0
2011-05-30,16650.900390625,149340094464.0,10298662912.0
2011-05-31,16765.701171875,119635058688.0,10849470464.0
2011-06-01,16662.900390625,129741938688.0,11130167296.0
2011-06-02,16409.5,133962891264.0,13178851328.0
2011-06-03,16430.900390625,153509560320.0,10849761280.0
2011-06-07,16400.80078125,133839249408.0,10467269632.0
2011-06-08,16436.701171875,132057366528.0,12203380736.0
2011-06-09,16038.7998046875,147199410176.0,13096144896.0
2011-06-10,15948.0,155064762368.0,11487421440.0
2011-06-13,15654.1005859375,136222203904.0,9869365248.0
2011-06-14,15946.6005859375,119091609600.0,13107094528.0
2011-06-15,15727.0,0.0,11903471616.0
2011-06-16,15211.400390625,142319484928.0,11190293504.0
2011-06-17,14775.0,127820644352.0,9987943424.0
2011-06-20,14451.1005859375,119675944960.0,9266734080.0
2011-06-21,14526.6005859375,107872542720.0,10274342912.0
2011-06-22,14312.5,121298452480.0,9508097024.0
2011-06-23,14664.0,111787958272.0,12102318080.0
2011-06-24,15864.7998046875,145773297664.0,19691796480.0
2011-06-27,16503.201171875,240432005120.0,16583400448.0
2011-06-28,16715.701171875,205182320640.0,14167508992.0
2011-06-29,16767.201171875,178507710464.0,13982627840.0
2011-06-30,17202.30078125,169477390336.0,14643072000.0
2011-07-01,17475.400390625,178366185472.0,15079443456.0
2011-07-04,18549.80078125,186838810624.0,19780677632.0
2011-07-05,19092.0,248976441344.0,18302386176.0
2011-07-06,19366.5,230350503936.0,17028073472.0
2011-07-07,19802.900390625,217452789760.0,19282608128.0
2011-07-08,19717.400390625,253882335232.0,14304296960.0
2011-07-11,19784.900390625,184532205568.0,14330458112.0
2011-07-12,19579.099609375,184755945472.0,16335448064.0
2011-07-13,20059.80078125,206909128704.0,15360129024.0
2011-07-14,20496.201171875,199961329664.0,17625128960.0
2011-07-15,20967.80078125,235040800768.0,18603282432.0
2011-07-18,21260.0,246903324672.0,17811587072.0
2011-07-19,21019.201171875,235026087936.0,15358530560.0
2011-07-20,20823.099609375,201635004416.0,13928546304.0
2011-07-21,20341.5,181593751552.0,13572832256.0
2011-07-22,20095.0,175853977600.0,11881724928.0
2011-07-25,19518.0,155993423872.0,17651161088.0
2011-07-26,19246.5,215390912512.0,11649234944.0
2011-07-27,19376.5,142032732160.0,13034824704.0
2011-07-28,19156.900390625,167379386368.0,12845626368.0
2011-07-29,18717.599609375,168408743936.0,12129767424.0
2011-08-01,18380.599609375,153866551296.0,9827101696.0
2011-08-02,18070.0,128200818688.0,11663729664.0
2011-08-03,17928.599609375,149789753344.0,11083201536.0
2011-08-04,17671.80078125,148639367168.0,10335447040.0
2011-08-05,17303.201171875,136871026688.0,13076435968.0
2011-08-08,16957.5,165975539712.0,17647806464.0
2011-08-09,17248.099609375,211525746688.0,16655036416.0
2011-08-10,17685.201171875,195717529600.0,16133065728.0
2011-08-11,18143.900390625,194662957056.0,15752676352.0
2011-08-12,18387.599609375,191247286272.0,16231351296.0
2011-08-15,18679.0,191976357888.0,15363776512.0
2011-08-16,18474.400390625,179445628928.0,14195805184.0
2011-08-17,18092.201171875,172383797248.0,11929955328.0
2011-08-18,17633.400390625,141549125632.0,12135804928.0
2011-08-19,17256.201171875,148106493952.0,11607154688.0
2011-08-22,16785.400390625,140682526720.0,10109336576.0
2011-08-23,16764.30078125,125852786688.0,10298388480.0
2011-08-24,16554.099609375,127062261760.0,11322574848.0
2011-08-25,17162.701171875,145669455872.0,16283836416.0
2011-08-26,17156.701171875,187720990720.0,12899075072.0
2011-08-29,16932.201171875,158945607680.0,12419342336.0
2011-08-30,16724.099609375,154064699392.0,12644165632.0
2011-08-31,16388.5,154973732864.0,9946552320.0
2011-09-01,15924.2001953125,123256201216.0,9442241536.0
2011-09-02,15379.400390625,113183973376.0,8827407360.0
2011-09-05,14711.900390625,103979982848.0,8856885248.0
2011-09-06,14246.1005859375,104580489216.0,7922914816.0
2011-09-07,14427.7998046875,94485438464.0,9820487680.0
2011-09-08,14087.6005859375,115518111744.0,9151191040.0
2011-09-09,13737.7998046875,111497854976.0,8229513728.0
2011-09-13,13254.900390625,97664335872.0,8015577600.0
2011-09-14,13196.400390625,93368492032.0,8660714496.0
2011-09-15,13043.6005859375,99099418624.0,9117461504.0
2011-09-16,12831.2001953125,103856177152.0,8101671936.0
2011-09-19,12341.5,94355259392.0,8163510784.0
2011-09-20,12208.0,90252894208.0,7777817600.0
2011-09-21,12938.7001953125,88594841600.0,13934748672.0
2011-09-22,12686.7001953125,157259137024.0,12266520576.0
2011-09-23,12621.1005859375,136427528192.0,10879508480.0
2011-09-26,12313.900390625,121128345600.0,9488246784.0
2011-09-27,12273.1005859375,104131821568.0,9160664064.0
2011-09-28,11955.7998046875,102613213184.0,9185606656.0
2011-09-29,11594.0,102273433600.0,9786817536.0
2011-09-30,11333.6005859375,103733592064.0,7781126656.0
2011-10-10,11017.7001953125,81209671680.0,6714929152.0
2011-10-11,11067.0,70425264128.0,10172233728.0
2011-10-12,11860.900390625,110535491584.0,14377401344.0
2011-10-13,12368.6005859375,147606306816.0,14323989504.0
2011-10-14,12264.900390625,150206988288.0,10071936000.0
2011-10-17,12298.900390625,109003792384.0,9836527616.0
2011-10-18,11993.900390625,113055498240.0,12277623808.0
2011-10-19,11808.6005859375,127302443008.0,9429692416.0
2011-10-20,11486.2001953125,99952345088.0,10571277312.0
2011-10-21,11077.7001953125,108749815808.0,7931528192.0
2011-10-24,11398.400390625,81944469504.0,11213282304.0
2011-10-25,12069.900390625,112756342784.0,14763235328.0
2011-10-26,12725.900390625,153642893312.0,17336274944.0
2011-10-27,12875.7001953125,180635648000.0,13388504064.0
2011-10-28,13715.2001953125,140199624704.0,17735915520.0
2011-10-31,13996.7001953125,189414096896.0,14338298880.0
2011-11-01,14212.7001953125,161243217920.0,14837110784.0
2011-11-02,14990.6005859375,164883890176.0,17685272576.0
2011-11-03,15973.6005859375,198692847616.0,23333109760.0
2011-11-04,16338.0,269135233024.0,17093437440.0
2011-11-07,16181.0,191876136960.0,13233359872.0
2011-11-08,15910.7998046875,149501558784.0,13137517568.0
2011-11-09,16132.5,145135943680.0,13447353344.0
2011-11-10,15976.6005859375,154938753024.0,15050795008.0
2011-11-11,15785.2998046875,173665386496.0,11867753472.0
2011-11-14,16276.400390625,136292237312.0,14469543936.0
2011-11-15,16435.201171875,170773069824.0,13951401984.0
2011-11-16,16168.1005859375,164265902080.0,16161060864.0
2011-11-17,15947.5,180627865600.0,11579611136.0
2011-11-18,15413.6005859375,135001047040.0,12518155264.0
2011-11-21,15053.7998046875,140599820288.0,8742282240.0
2011-11-22,14686.7998046875,100229996544.0,8871180288.0
2011-11-23,14242.7001953125,101064376320.0,8616620032.0
2011-11-24,13956.1005859375,99894026240.0,9161178112.0
2011-11-25,13559.2998046875,103467794432.0,8159122432.0
2011-11-28,13291.0,96859348992.0,8057038336.0
2011-11-29,13403.1005859375,95087058944.0,9655347200.0
2011-11-30,12982.0,115049472000.0,12921815040.0
2011-12-01,13660.2998046875,141077561344.0,15892212736.0
2011-12-02,13236.7001953125,175326117888.0,10022924288.0
2011-12-05,12633.5,109909188608.0,8813444096.0
2011-12-06,12351.400390625,95213961216.0,7658324992.0
2011-12-07,12053.5,82300198912.0,6851678208.0
2011-12-08,11895.1005859375,75401977856.0,8696374272.0
2011-12-09,11486.0,95937331200.0,6893618176.0
2011-12-12,11040.6005859375,76788113408.0,6592509952.0
2011-12-13,10649.7001953125,69366054912.0,9631091712.0
2011-12-14,10248.900390625,95703646208.0,7363616256.0
2011-12-15,9974.7001953125,74679828480.0,9500469248.0
2011-12-16,10285.2001953125,90432299008.0,9618239488.0
2011-12-19,10325.7001953125,95909781504.0,9814427648.0
2011-12-20,10245.900390625,98210537472.0,9203913728.0
2011-12-21,9942.5,93664321536.0,8642202624.0
2011-12-22,9910.400390625,89439854592.0,10232985600.0
2011-12-23,9936.1005859375,97691590656.0,8991476736.0
2011-12-26,9677.0,86829514752.0,7375860224.0
2011-12-27,9330.5,71025508352.0,7966316032.0
2011-12-28,9288.2001953125,76412682240.0,8576214528.0
2011-12-29,9192.900390625,79457509376.0,7646190080.0
2011-12-30,9350.7998046875,70574219264.0,8658094080.0
2012-01-04,9080.400390625,82403524608.0,8297290752.0
2012-01-05,8857.2998046875,79524954112.0,9692261376.0
2012-01-06,8916.5,87923113984.0,8410342400.0
2012-01-09,9569.900390625,75452317696.0,12365362176.0
2012-01-10,10625.7998046875,113293770752.0,18220210176.0
2012-01-11,10976.2001953125,166580633600.0,14646621184.0
2012-01-12,11111.5,139183423488.0,12244974592.0
2012-01-13,10935.6005859375,119161241600.0,12115118080.0
2012-01-16,10446.6005859375,119297015808.0,7903244800.0
2012-01-17,11375.5,79591292928.0,14076645376.0
2012-01-18,11480.0,134958768128.0,14445067264.0
2012-01-19,11695.900390625,142640644096.0,11629329408.0
2012-01-20,11880.0,113405288448.0,11245905920.0
2012-01-30,11675.2998046875,112095100928.0,9400016896.0
2012-01-31,11456.400390625,93105307648.0,7989903360.0
2012-02-01,11225.2998046875,77934379008.0,8807710720.0
2012-02-02,11457.2001953125,88223621120.0,10250224640.0
2012-02-03,11807.6005859375,102075719680.0,13211261952.0
2012-02-06,12028.7001953125,128875298816.0,12866313216.0
2012-02-07,11814.1005859375,126848335872.0,11311126528.0
2012-02-08,12466.7998046875,108269682688.0,14317863936.0
2012-02-09,12927.1005859375,144602660864.0,16873565184.0
2012-02-10,13225.7998046875,166770671616.0,15951628288.0
2012-02-13,13524.2998046875,151148756992.0,15101074432.0
2012-02-14,13506.0,150949527552.0,12990541824.0
2012-02-15,14015.400390625,128366133248.0,17191944192.0
2012-02-16,14206.0,166662963200.0,16833637376.0
2012-02-17,14107.5,163238903808.0,12746918912.0
2012-02-20,14339.900390625,126986600448.0,15799314432.0
2012-02-21,14558.2001953125,158028054528.0,14402622464.0
2012-02-22,15404.2001953125,147982729216.0,20961126400.0
2012-02-23,15863.0,214081748992.0,19649292288.0
2012-02-24,16621.5,204210110464.0,22407831552.0
2012-02-27,17495.30078125,222697390080.0,26432591872.0
2012-02-28,17706.701171875,268425216000.0,20491548672.0
2012-02-29,17471.80078125,208438919168.0,16158718976.0
2012-03-01,17296.30078125,171574329344.0,13009241088.0
2012-03-02,17716.701171875,138757980160.0,17532760064.0
2012-03-05,17962.0,180445724672.0,19249838080.0
2012-03-06,17853.0,204422004736.0,17798608896.0
2012-03-07,17692.0,189860823040.0,16434085888.0
2012-03-08,17928.701171875,174930591744.0,16345524224.0
2012-03-09,18312.201171875,173825769472.0,17284831232.0
2012-03-12,18562.80078125,191929401344.0,18005395456.0
2012-03-13,18800.30078125,204832276480.0,17901920256.0
2012-03-14,19057.599609375,199280951296.0,30068035584.0
2012-03-15,18994.900390625,323824877568.0,20175304704.0
2012-03-16,19416.5,212836663296.0,17404166144.0
2012-03-19,19609.30078125,193876115456.0,17059743744.0
2012-03-20,19057.30078125,194085830656.0,16438631424.0
2012-03-21,18998.701171875,178662948864.0,15916019712.0
2012-03-22,18544.5,178525077504.0,13222059008.0
2012-03-23,17847.900390625,143338274816.0,12809389056.0
2012-03-26,17262.900390625,138406739968.0,9675102208.0
2012-03-27,16857.900390625,106168426496.0,10567230464.0
2012-03-28,16044.0,123570454528.0,14351160320.0
2012-03-29,15535.6005859375,149875474432.0,12655649792.0
2012-03-30,15115.2998046875,127496552448.0,10465459200.0
2012-04-05,15505.0,105286180864.0,13042764800.0
2012-04-06,15436.2001953125,134059606016.0,12141403136.0
2012-04-09,14944.7998046875,127763210240.0,10365126656.0
2012-04-10,14948.900390625,106010443776.0,12010701824.0
2012-04-11,14846.7998046875,121373769728.0,12984915968.0
2012-04-12,15363.7998046875,125592223744.0,16804838400.0
2012-04-13,15711.0,163151331328.0,17475692544.0
2012-04-16,15659.2998046875,176372973568.0,15088475136.0
2012-04-17,15365.400390625,141538230272.0,14921346048.0
2012-04-18,15957.0,138829365248.0,18084880384.0
2012-04-19,16001.7001953125,173406748672.0,15701337088.0
2012-04-20,16392.80078125,162449145856.0,18487205888.0
2012-04-23,16482.900390625,179303989248.0,19893891072.0
2012-04-24,16731.599609375,195181854720.0,21382965248.0
2012-04-25,17184.701171875,202573692928.0,21088813056.0
2012-04-26,17260.201171875,193120239616.0,18950848512.0
2012-04-27,16994.099609375,182290808832.0,14833897472.0
2012-05-02,17599.0,145415553024.0,19878952960.0
2012-05-03,17745.201171875,205124812800.0,16690267136.0
2012-05-04,17851.201171875,178604474368.0,17125348352.0
2012-05-07,18271.701171875,182959882240.0,17788401664.0
2012-05-08,18356.30078125,197062737920.0,17142966272.0
2012-05-09,18003.599609375,187487338496.0,16278290432.0
2012-05-10,17799.400390625,176540090368.0,13451006976.0
2012-05-11,17478.30078125,146298781696.0,13063680000.0
2012-05-14,17299.900390625,144314974208.0,15164147712.0
2012-05-15,17063.0,162319859712.0,13494511616.0
2012-05-16,16604.5,141470384128.0,12828012544.0
2012-05-17,16686.201171875,132895522816.0,14188166144.0
2012-05-18,16293.900390625,143573090304.0,14538127360.0
2012-05-21,16033.6005859375,142372143104.0,12370754560.0
2012-05-22,16094.7998046875,127149809664.0,12739170304.0
2012-05-23,16037.6005859375,133930074112.0,14204407808.0
2012-05-24,15808.5,152411160576.0,13526075392.0
2012-05-25,15451.6005859375,143007776768.0,12750960640.0
2012-05-28,15773.2998046875,126928412672.0,15916960768.0
2012-05-29,16396.599609375,154662682624.0,19218284544.0
2012-05-30,16406.80078125,198224986112.0,15387184128.0
2012-05-31,16320.400390625,159163940864.0,14089254912.0
2012-06-01,16152.2998046875,149458518016.0,13392041984.0
2012-06-04,15690.1005859375,145094541312.0,15066902528.0
2012-06-05,15388.7998046875,157269819392.0,11201935360.0
2012-06-06,15039.2001953125,117801394176.0,10031637504.0
2012-06-07,14685.5,106675691520.0,10685985792.0
2012-06-08,14454.2001953125,111826386944.0,11695870976.0
2012-06-11,14542.5,118748823552.0,11513706496.0
2012-06-12,14205.5,119137083392.0,10930438144.0
2012-06-13,14500.900390625,110482210816.0,13530251264.0
2012-06-14,14344.6005859375,140508250112.0,12678590464.0
2012-06-15,14315.2001953125,135107190784.0,12222030848.0
2012-06-18,14347.1005859375,130649333760.0,11322176512.0
2012-06-19,14118.1005859375,123427110912.0,11416141824.0
2012-06-20,13854.7998046875,122165157888.0,10242007040.0
2012-06-21,13511.5,108254265344.0,10832738304.0
2012-06-25,13039.900390625,112332234752.0,10938309632.0
2012-06-26,12824.400390625,0.0,9906030592.0
2012-06-27,12618.2998046875,98485960704.0,9708867584.0
2012-06-28,12341.5,99807084544.0,10140905472.0
2012-06-29,12506.1005859375,104988164096.0,10957440000.0
2012-07-02,12696.2001953125,111582666752.0,11319783424.0
2012-07-03,12782.900390625,125479346176.0,11857087488.0
2012-07-04,12657.7001953125,130410389504.0,10526227456.0
2012-07-05,12325.5,113674354688.0,10620752896.0
2012-07-06,12821.7998046875,109507051520.0,13496142848.0
2012-07-09,12682.2001953125,144081797120.0,13204877312.0
2012-07-10,12456.0,141625540608.0,10426584064.0
2012-07-11,12468.900390625,109088677888.0,10080346112.0
2012-07-12,12926.2001953125,106360070144.0,14063559680.0
2012-07-13,12831.400390625,154332921856.0,10804461568.0
2012-07-16,12485.2001953125,118801326080.0,12668436480.0
2012-07-17,12433.1005859375,131723132928.0,9928213504.0
2012-07-18,12473.400390625,103929274368.0,11744637952.0
2012-07-19,12660.400390625,116832100352.0,13822760960.0
2012-07-20,12428.2001953125,132488929280.0,11363197952.0
2012-07-23,12108.900390625,107734073344.0,9938026496.0
2012-07-24,11998.900390625,96126722048.0,9527908352.0
2012-07-25,11676.0,92572852224.0,9110949888.0
2012-07-26,11421.400390625,88936824832.0,9677445120.0
2012-07-27,11240.2001953125,94127161344.0,9085193216.0
2012-07-30,10894.7001953125,92310773760.0,9114889216.0
2012-07-31,10605.2001953125,84482015232.0,9161493504.0
2012-08-01,10664.1005859375,84578648064.0,9364167680.0
2012-08-02,10463.2998046875,86959161344.0,9442331648.0
2012-08-03,10601.7998046875,85202526208.0,9891593216.0
2012-08-06,11033.1005859375,93900013568.0,12851517440.0
2012-08-07,11284.5,124948619264.0,13446979584.0
2012-08-08,11374.1005859375,127414902784.0,12862289920.0
2012-08-09,11710.5,123549401088.0,13414747136.0
2012-08-10,11745.0,133673508864.0,12557187072.0
2012-08-13,11586.6005859375,122703216640.0,12877333504.0
2012-08-14,11732.7998046875,123370037248.0,12518894592.0
2012-08-15,11450.7001953125,121453821952.0,10280331264.0
2012-08-16,11133.0,96204242944.0,8757559296.0
2012-08-17,10933.6005859375,83577970688.0,8312289792.0
2012-08-20,10817.1005859375,82156077056.0,8793760768.0
2012-08-21,11018.2998046875,82595495936.0,11608945664.0
2012-08-22,10953.7001953125,112997507072.0,11396879360.0
2012-08-23,11050.400390625,109259022336.0,11348539392.0
2012-08-24,10827.7001953125,110337540096.0,11503794176.0
2012-08-27,10569.2998046875,107452071936.0,11019120640.0
2012-08-28,10550.6005859375,99838746624.0,9857438720.0
2012-08-29,10361.2998046875,88665276416.0,9748208640.0
2012-08-30,10319.7998046875,89922183168.0,11695469568.0
2012-08-31,10144.900390625,109015490560.0,8407329792.0
2012-09-03,10366.2001953125,73993920512.0,10903216128.0
2012-09-04,10275.6005859375,99224322048.0,10638946304.0
2012-09-05,10279.5,99583967232.0,10500368384.0
2012-09-06,10330.2998046875,94473445376.0,10440640512.0
2012-09-07,11696.0,93237608448.0,24138346496.0
2012-09-10,12360.7998046875,215983783936.0,19099985920.0
2012-09-11,12465.6005859375,178943082496.0,15023092736.0
2012-09-12,12710.1005859375,139792531456.0,15427760128.0
2012-09-13,12572.6005859375,142133411840.0,14469881856.0
2012-09-14,12804.7001953125,132748926976.0,16026729472.0
2012-09-17,12426.7998046875,145869455360.0,13495980032.0
2012-09-18,12084.2001953125,120638267392.0,9618792448.0
2012-09-19,11966.5,87033962496.0,9497635840.0
2012-09-20,11556.400390625,87221624832.0,12162245632.0
2012-09-21,11355.1005859375,107880054784.0,10588375040.0
2012-09-24,11291.7001953125,94123130880.0,9854791680.0
2012-09-25,10958.7998046875,86793543680.0,8518140928.0
2012-09-26,10499.0,76265496576.0,8904733696.0
2012-09-27,10890.2998046875,75896774656.0,12784064512.0
2012-09-28,11239.2001953125,111242477568.0,13137615872.0
2012-10-08,11024.7998046875,118112370688.0,9425616896.0
2012-10-09,11510.2998046875,84614660096.0,14502095872.0
2012-10-10,11701.7001953125,129005191168.0,14598947840.0
2012-10-11,11572.7998046875,123934556160.0,13863622656.0
2012-10-12,11485.5,119276126208.0,12186684416.0
2012-10-15,11294.900390625,103033389056.0,10258846720.0
2012-10-16,11237.900390625,91157045248.0,10479475712.0
2012-10-17,11154.2998046875,95936577536.0,10700748800.0
2012-10-18,11523.5,92054388736.0,15417287680.0
2012-10-19,11443.400390625,127393579008.0,12351181824.0
2012-10-22,11439.2001953125,103601315840.0,11177610240.0
2012-10-23,11323.5,97016684544.0,13063593984.0
2012-10-24,11222.2001953125,109009592320.0,12879618048.0
2012-10-25,11097.5,97195950080.0,14531850240.0
2012-10-26,10875.1005859375,105466036224.0,13142671360.0
2012-10-29,10640.900390625,101621047296.0,9084606464.0
2012-10-30,10500.7001953125,73041477632.0,10101758976.0
2012-10-31,10415.0,79953534976.0,10047833088.0
2012-11-01,10792.2998046875,79783600128.0,14151768064.0
2012-11-02,10876.6005859375,116337934336.0,13000992768.0
2012-11-05,10867.400390625,103374913536.0,12299866112.0
2012-11-06,10857.0,100434460672.0,12681508864.0
2012-11-07,10737.5,103353606144.0,10385656832.0
2012-11-08,10428.6005859375,88473632768.0,11626509312.0
2012-11-09,10220.7998046875,93665140736.0,9250763776.0
2012-11-12,10176.400390625,73792495616.0,9707425792.0
2012-11-13,9882.400390625,79134777344.0,10530960384.0
2012-11-14,9742.7998046875,84309549056.0,8579340288.0
2012-11-15,9420.900390625,70756335616.0,8916883456.0
2012-11-16,9234.0,71416176640.0,8573283328.0
2012-11-19,9152.1005859375,69750726656.0,7905904640.0
2012-11-20,8958.900390625,68101660672.0,7709072896.0
2012-11-21,9030.6005859375,65594068992.0,9569417216.0
2012-11-22,8784.7001953125,77645733888.0,8087241728.0
2012-11-23,8722.0,65934643200.0,8441541120.0
2012-11-26,8483.400390625,69487501312.0,7611961856.0
2012-11-27,8230.7998046875,62546423808.0,9910809600.0
2012-11-28,8009.5,75821228032.0,8634457088.0
2012-11-29,7836.60009765625,65317531648.0,8331350016.0
2012-11-30,7927.30029296875,63126188032.0,9299747840.0
2012-12-03,7805.80029296875,67959824384.0,10008697856.0
2012-12-04,7995.89990234375,76533047296.0,10447206400.0
2012-12-05,8944.6005859375,78875312128.0,19105677312.0
2012-12-06,9103.0,146595381248.0,13169262592.0
2012-12-07,9829.2998046875,101961875456.0,18832173056.0
2012-12-10,10495.900390625,144231104512.0,19227291648.0
2012-12-11,10631.7001953125,148874706944.0,15764492288.0
2012-12-12,10724.2998046875,123316723712.0,13256782848.0
2012-12-13,10544.7998046875,104495759360.0,12380359680.0
2012-12-14,11906.7998046875,95972548608.0,25831702528.0
2012-12-17,12811.7001953125,203117592576.0,23427246080.0
2012-12-18,13262.2998046875,193812185088.0,20895012864.0
2012-12-19,13415.7001953125,175049637888.0,16158204928.0
2012-12-20,13666.7001953125,138326474752.0,16885758976.0
2012-12-21,13857.7998046875,147140722688.0,17883580416.0
2012-12-24,13993.5,161756413952.0,14198468608.0
2012-12-25,14990.6005859375,133824716800.0,24587393024.0
2012-12-26,15502.900390625,214657646592.0,21678000128.0
2012-12-27,15698.0,191377555456.0,22420627456.0
2012-12-28,16048.7998046875,195069902848.0,19434942464.0
2012-12-31,16614.0,172125831168.0,21100482560.0
2013-01-04,16993.400390625,192208551936.0,22745772032.0
2013-01-07,17337.80078125,206965342208.0,20003717120.0
2013-01-08,17762.099609375,181632548864.0,22138726400.0
2013-01-09,18030.099609375,208991436800.0,22243878912.0
2013-01-10,18206.701171875,206730526720.0,20836337664.0
2013-01-11,17991.0,187547828224.0,22276444160.0
2013-01-14,19154.701171875,202621566976.0,25408552960.0
2013-01-15,20084.701171875,242028085248.0,29461614592.0
2013-01-16,20433.0,278350331904.0,27097163776.0
2013-01-17,20094.099609375,254477303808.0,20725473280.0
2013-01-18,20434.5,196380999680.0,21947576320.0
2013-01-21,20688.80078125,203113611264.0,23295965184.0
2013-01-22,20665.701171875,215936221184.0,25435865088.0
2013-01-23,20566.599609375,235275845632.0,20249264128.0
2013-01-24,20530.599609375,184780865536.0,26767605760.0
2013-01-25,20029.400390625,247379181568.0,15902434304.0
2013-01-28,20692.5,151050567680.0,21042618368.0
2013-01-29,21110.701171875,206699298816.0,23499825152.0
2013-01-30,21325.900390625,228934205440.0,24521517056.0
2013-01-31,21257.80078125,225974845440.0,22722719744.0
2013-02-01,21640.5,208943595520.0,22990561280.0
2013-02-04,22020.201171875,221700784128.0,26828189696.0
2013-02-05,22269.0,261653708800.0,23558504448.0
2013-02-06,22112.701171875,216769478656.0,18984257536.0
2013-02-07,21928.599609375,186343800832.0,18973853696.0
2013-02-08,21988.701171875,189081567232.0,18267564032.0
2013-02-18,21863.201171875,184310906880.0,20046845952.0
2013-02-19,21397.099609375,197280563200.0,21081827328.0
2013-02-20,21537.400390625,200022294528.0,19292325888.0
2013-02-21,21389.201171875,189208297472.0,24562421760.0
2013-02-22,21035.30078125,239191982080.0,16862532608.0
2013-02-25,20852.701171875,170906206208.0,15670464512.0
2013-02-26,20679.900390625,156499623936.0,20233439232.0
2013-02-27,20559.201171875,203459248128.0,17019695104.0
2013-02-28,21174.900390625,169543106560.0,21486350336.0
2013-03-01,21416.80078125,214072655872.0,21451329536.0
2013-03-04,21139.201171875,219451293696.0,28242864128.0
2013-03-05,21799.701171875,272405413888.0,22364385280.0
2013-03-06,22334.30078125,219804909568.0,25730455552.0
2013-03-07,22279.701171875,250515996672.0,25253408768.0
2013-03-08,21720.80078125,248396496896.0,17645731840.0
2013-03-11,21120.80078125,173342851072.0,15020339200.0
2013-03-12,20603.80078125,143408365568.0,20549816320.0
2013-03-13,19965.900390625,194136752128.0,15529162752.0
2013-03-14,19494.599609375,145520951296.0,13366807552.0
2013-03-15,19479.701171875,128672677888.0,18771382272.0
2013-03-18,18974.0,181777448960.0,15413697536.0
2013-03-19,18740.400390625,150650880000.0,14869005312.0
2013-03-20,19476.599609375,141659127808.0,20988979200.0
2013-03-21,19684.201171875,198864404480.0,20215433216.0
2013-03-22,19504.30078125,195846455296.0,17409587200.0
2013-03-25,19276.80078125,163987226624.0,16752491520.0
2013-03-26,18974.201171875,162019966976.0,17460498432.0
2013-03-27,18851.099609375,168694906880.0,16271490048.0
2013-03-28,18373.80078125,159335022592.0,20358283264.0
2013-03-29,18015.0,189645783040.0,14131818496.0
2013-04-01,17894.701171875,134161342464.0,13620045824.0
2013-04-02,17594.400390625,130987352064.0,15829443584.0
2013-04-03,17203.599609375,153389694976.0,14365797376.0
2013-04-08,17109.0,134348447744.0,15040031744.0
2013-04-09,17073.900390625,144257728512.0,14282878976.0
2013-04-10,16833.701171875,138677993472.0,13828384768.0
2013-04-11,16460.201171875,136827265024.0,12655671296.0
2013-04-12,15967.0,118300016640.0,11749608448.0
2013-04-15,15493.900390625,110350958592.0,12187287552.0
2013-04-16,15473.5,110220771328.0,13164094464.0
2013-04-17,15369.7001953125,121139560448.0,11925793792.0
2013-04-18,15273.7998046875,118214311936.0,12544444416.0
2013-04-19,15974.0,124372697088.0,18640037888.0
2013-04-22,16224.1005859375,180957855744.0,17517015040.0
2013-04-23,15935.400390625,170941956096.0,17414582272.0
2013-04-24,16443.30078125,169344303104.0,17056161792.0
2013-04-25,16360.6005859375,169552756736.0,18301444096.0
2013-04-26,15963.400390625,183494508544.0,14265110528.0
2013-05-02,15812.2998046875,138261086208.0,12045012992.0
2013-05-03,16206.2998046875,120101060608.0,16053975040.0
2013-05-06,16680.201171875,160109051904.0,17276360704.0
2013-05-07,16788.400390625,175298461696.0,16127635456.0
2013-05-08,17025.599609375,165562351616.0,17290639360.0
2013-05-09,17307.701171875,174928773120.0,19015081984.0
2013-05-10,17465.80078125,199262355456.0,17381586944.0
2013-05-13,17542.400390625,178820202496.0,16634949632.0
2013-05-14,17263.80078125,168680030208.0,16065552384.0
2013-05-15,17358.900390625,162922954752.0,14662004736.0
2013-05-16,18004.201171875,153783336960.0,21300000768.0
2013-05-17,18739.30078125,222692802560.0,23440773120.0
2013-05-20,19781.900390625,230434471936.0,26206464000.0
2013-05-21,20480.30078125,273410392064.0,24723032064.0
2013-05-22,20676.0,254218010624.0,24758374400.0
2013-05-23,20792.400390625,251293859840.0,23837442048.0
2013-05-24,20993.5,231694483456.0,19561097216.0
2013-05-27,21272.701171875,198900432896.0,21235857408.0
2013-05-28,21724.80078125,221214703616.0,24491210752.0
2013-05-29,21981.30078125,246228844544.0,23295404032.0
2013-05-30,21986.701171875,231096008704.0,21531928576.0
2013-05-31,21755.400390625,217576669184.0,20929658880.0
2013-06-03,21546.099609375,215623303168.0,19003521024.0
2013-06-04,21066.201171875,198435586048.0,19955761152.0
2013-06-05,20687.201171875,196257153024.0,14610422784.0
2013-06-06,20025.0,149204746240.0,15828622336.0
2013-06-07,19524.30078125,158415912960.0,17138983936.0
2013-06-13,18872.900390625,169472491520.0,17106641920.0
2013-06-14,18987.80078125,160030261248.0,15039808512.0
2013-06-17,18825.400390625,152385847296.0,15148804096.0
2013-06-18,18613.701171875,160549060608.0,13821777920.0
2013-06-19,18276.099609375,141691518976.0,14633271296.0
2013-06-20,17452.599609375,145715576832.0,14693340160.0
2013-06-21,17212.80078125,144941613056.0,14905295872.0
2013-06-24,16317.400390625,141023559680.0,19723143168.0
2013-06-25,16834.0,175897706496.0,24590247936.0
2013-06-26,17294.0,209217241088.0,19171354624.0
2013-06-27,17131.5,178596118528.0,20001353728.0
2013-06-28,17125.5,185515229184.0,17973504000.0
2013-07-01,17232.0,157663772672.0,14818693120.0
2013-07-02,17496.80078125,139802918912.0,16975464448.0
2013-07-03,17498.30078125,170265493504.0,18066425856.0
2013-07-04,17796.900390625,175936421888.0,19524642816.0
2013-07-05,17628.80078125,186561331200.0,17628542976.0
2013-07-08,16861.099609375,167141883904.0,16179237888.0
2013-07-09,16553.80078125,147379355648.0,12211736576.0
2013-07-10,17013.201171875,0.0,16934206464.0
2013-07-11,18259.201171875,156021129216.0,27937427456.0
2013-07-12,18363.5,250170703872.0,22264920064.0
2013-07-15,18904.201171875,213732016128.0,19926138880.0
2013-07-16,19485.201171875,199821148160.0,19753254912.0
2013-07-17,19266.900390625,194903162880.0,20376600576.0
2013-07-18,19073.80078125,199182172160.0,18155237376.0
2013-07-19,18725.201171875,175990358016.0,21037836288.0
2013-07-22,18887.900390625,206186479616.0,16538421248.0
2013-07-23,19582.5,163841196032.0,21801721856.0
2013-07-24,19878.900390625,216362598400.0,21857501184.0
2013-07-25,19556.5,225078231040.0,20610791424.0
2013-07-26,19219.900390625,209269096448.0,15831746560.0
2013-07-29,18593.099609375,158778327040.0,16141694976.0
2013-07-30,18300.5,156823388160.0,15804751872.0
2013-07-31,18055.400390625,154964197376.0,14535154688.0
2013-08-01,18626.0,141923368960.0,18752100352.0
2013-08-02,18721.5,184167694336.0,19710609408.0
2013-08-05,18924.30078125,195735781376.0,17598003200.0
2013-08-06,19309.099609375,174238924800.0,21416755200.0
2013-08-07,19267.80078125,208400891904.0,21718251520.0
2013-08-08,19176.30078125,210947801088.0,17116006400.0
2013-08-09,19226.599609375,169344286720.0,19019794432.0
2013-08-12,19985.599609375,188719841280.0,24815357952.0
2013-08-13,20204.30078125,238857420800.0,21961101312.0
2013-08-14,20259.80078125,200305917952.0,22164869120.0
2013-08-15,19959.400390625,208387129344.0,19100895232.0
2013-08-16,19990.0,186552713216.0,26780166144.0
2013-08-19,20254.599609375,244404371456.0,18160898048.0
2013-08-20,20171.099609375,173790691328.0,19858503680.0
2013-08-21,20043.80078125,191287672832.0,17548269568.0
2013-08-22,19905.400390625,167624556544.0,18453577728.0
2013-08-23,20006.30078125,179096027136.0,21957285888.0
2013-08-26,20520.099609375,217485721600.0,21774626816.0
2013-08-27,20775.0,210632572928.0,22444937216.0
2013-08-28,21032.099609375,213835415552.0,27677181952.0
2013-08-29,21021.099609375,259743924224.0,23185926144.0
2013-08-30,21087.201171875,208719052800.0,29111683072.0
2013-09-02,21346.400390625,256863895552.0,24299253760.0
2013-09-03,21731.201171875,215865032704.0,23970582528.0
2013-09-04,21846.80078125,215195992064.0,24571047936.0
2013-09-05,21833.80078125,221909827584.0,22411941888.0
2013-09-06,22135.80078125,213014593536.0,23629975552.0
2013-09-09,23243.80078125,222377656320.0,34124787712.0
2013-09-10,24276.099609375,310033121280.0,36479008768.0
2013-09-11,24890.0,324692410368.0,39348629504.0
2013-09-12,25287.400390625,343119626240.0,32033120256.0
2013-09-13,25254.201171875,277563080704.0,27335131136.0
2013-09-16,25281.400390625,245224177664.0,25280931840.0
2013-09-17,24694.201171875,241328455680.0,25171259392.0
2013-09-18,24461.30078125,237027950592.0,19392288768.0
2013-09-23,24930.30078125,191529205760.0,23236634624.0
2013-09-24,25130.30078125,235754471424.0,27217152000.0
2013-09-25,25138.599609375,272079863808.0,27296466944.0
2013-09-26,24467.0,271157624832.0,24249894912.0
2013-09-27,24088.80078125,240749314048.0,18757349376.0
2013-09-30,24064.30078125,193393983488.0,16701095936.0
2013-10-08,24404.30078125,178566660096.0,22704066560.0
2013-10-09,24710.099609375,236558385152.0,23605073920.0
2013-10-10,24675.0,244856995840.0,27199791104.0
2013-10-11,25268.099609375,278432153600.0,27543820288.0
2013-10-14,25838.900390625,277692645376.0,29424175104.0
2013-10-15,26030.099609375,298998792192.0,28193628160.0
2013-10-16,25357.30078125,284671049728.0,27870382080.0
2013-10-17,25067.099609375,275668434944.0,23617044480.0
2013-10-18,24798.099609375,234887069696.0,19231451136.0
2013-10-21,25510.0,193121976320.0,25586073600.0
2013-10-22,25388.5,261214076928.0,28538347520.0
2013-10-23,24826.80078125,293083152384.0,27005671424.0
2013-10-24,24166.400390625,262443286528.0,18720178176.0
2013-10-25,23480.30078125,184326406144.0,20969631744.0
2013-10-28,23021.400390625,207785492480.0,17102345216.0
2013-10-29,22750.5,167659241472.0,26467063808.0
2013-10-30,22830.701171875,243687407616.0,21043916800.0
2013-10-31,22138.701171875,192511574016.0,19940657152.0
2013-11-01,21583.900390625,183312826368.0,16245289984.0
2013-11-04,21183.701171875,155229224960.0,14142938112.0
2013-11-05,21154.30078125,138255482880.0,17154253824.0
2013-11-06,20738.599609375,163928997888.0,19146893312.0
2013-11-07,20125.599609375,185167249408.0,15497259008.0
2013-11-08,19461.400390625,149123940352.0,15235536896.0
2013-11-11,19046.5,144063823872.0,12838594560.0
2013-11-12,18927.201171875,124798509056.0,14693975040.0
2013-11-13,18299.900390625,143678570496.0,15751648256.0
2013-11-14,18393.5,148586774528.0,15726273536.0
2013-11-15,19166.099609375,156923674624.0,22566219776.0
2013-11-18,20391.701171875,228689281024.0,26815576064.0
2013-11-19,20671.201171875,268265127936.0,22698409984.0
2013-11-20,20935.0,230819069952.0,21683109888.0
2013-11-21,21133.400390625,211433521152.0,24514521088.0
2013-11-22,21004.30078125,238713159680.0,21197494272.0
2013-11-25,20936.599609375,207021277184.0,19827451904.0
2013-11-26,20781.400390625,198055936000.0,18542077952.0
2013-11-27,21197.400390625,185206996992.0,21190017024.0
2013-11-28,21659.599609375,220522496000.0,24643409920.0
2013-11-29,21889.400390625,249023496192.0,21023789056.0
2013-12-02,21692.599609375,227551936512.0,30886553600.0
2013-12-03,22027.30078125,303939223552.0,20849596416.0
2013-12-04,22717.900390625,211971883008.0,27335553024.0
2013-12-05,22602.900390625,267888640000.0,22373005312.0
2013-12-06,22272.599609375,220996796416.0,18909673472.0
2013-12-09,22177.400390625,187317207040.0,17529344000.0
2013-12-10,22041.201171875,180686372864.0,20069117952.0
2013-12-11,21614.0,196812587008.0,19447928832.0
2013-12-12,21354.599609375,188206333952.0,16276791296.0
2013-12-13,21044.80078125,167386660864.0,16217543680.0
2013-12-16,20591.80078125,163311026176.0,18745458688.0
2013-12-17,20053.80078125,186977157120.0,14903261184.0
2013-12-18,19509.201171875,149387919360.0,12606958592.0
2013-12-19,18942.599609375,128607232000.0,13801393152.0
2013-12-20,18489.099609375,138045947904.0,15526804480.0
2013-12-23,18130.0,150491774976.0,12863322112.0
2013-12-24,18006.599609375,129686126592.0,13338117120.0
2013-12-25,18032.599609375,138753130496.0,13466753024.0
2013-12-26,17611.701171875,144554131456.0,15475002368.0
2013-12-27,17847.599609375,160668876800.0,15439967232.0
2013-12-30,17860.5,159774212096.0,15328768000.0
2013-12-31,17924.30078125,158639259648.0,15482814464.0
2014-01-02,17976.0,161436499968.0,14461926400.0
2014-01-03,17974.400390625,157721444352.0,17263837184.0
2014-01-06,17582.400390625,182657122304.0,17908193280.0
2014-01-07,17557.701171875,178123522048.0,13373905920.0
2014-01-08,17725.201171875,139248353280.0,15739784192.0
2014-01-09,17549.5,173636452352.0,16434079744.0
2014-01-10,17216.900390625,179794640896.0,14983308288.0
2014-01-13,16974.400390625,146867552256.0,13400381440.0
2014-01-14,17158.5,134725697536.0,14712543232.0
2014-01-15,17196.80078125,144556113920.0,14490812416.0
2014-01-16,17142.701171875,153521963008.0,15141192704.0
2014-01-17,16815.30078125,160770572288.0,13660713984.0
2014-01-20,16492.5,143363325952.0,12432158720.0
2014-01-21,16648.099609375,134432210944.0,13360359424.0
2014-01-22,17427.400390625,147167182848.0,20168734720.0
2014-01-23,17818.900390625,212723531776.0,18439086080.0
2014-01-24,18393.701171875,209317167104.0,20142753792.0
2014-01-27,18576.400390625,224429047808.0,19798489088.0
2014-01-28,18494.201171875,217262620672.0,15735710720.0
2014-01-29,18651.0,175055683584.0,15722899456.0
2014-01-30,18293.80078125,178658770944.0,13419631616.0
2014-02-07,18696.0,156505604096.0,15790964736.0
2014-02-10,19991.099609375,179974733824.0,25840158720.0
2014-02-11,20862.599609375,287273746432.0,28094830592.0
2014-02-12,21603.701171875,306310643712.0,25451474944.0
2014-02-13,21845.201171875,277718302720.0,28134903808.0
2014-02-14,22384.099609375,299732992000.0,22272448512.0
2014-02-17,23472.30078125,243390316544.0,27871582208.0
2014-02-18,24039.400390625,307558744064.0,28406792192.0
2014-02-19,24506.701171875,315624947712.0,29074810880.0
2014-02-20,24529.30078125,301860454400.0,29384108032.0
2014-02-21,24318.201171875,295327531008.0,22322518016.0
2014-02-24,24484.5,230494781440.0,24041293824.0
2014-02-25,24136.599609375,253957226496.0,29341652992.0
2014-02-26,24210.5,330258415616.0,22499233792.0
2014-02-27,24052.701171875,236441845760.0,25595316224.0
2014-02-28,24199.80078125,271296495616.0,21636626432.0
2014-03-03,24649.900390625,227750461440.0,23452794880.0
2014-03-04,24503.900390625,239232647168.0,22529781760.0
2014-03-05,24159.099609375,239199453184.0,20868538368.0
2014-03-06,23997.701171875,217917849600.0,21069918208.0
2014-03-07,23686.400390625,219442053120.0,20244154368.0
2014-03-10,22706.30078125,214210265088.0,21856393216.0
2014-03-11,22350.701171875,217035292672.0,17822873600.0
2014-03-12,22051.30078125,179837255680.0,19249125376.0
2014-03-13,22008.701171875,184687542272.0,18145978368.0
2014-03-14,21511.400390625,171475189760.0,16604981248.0
2014-03-17,21703.599609375,159464800256.0,17005254656.0
2014-03-18,21724.201171875,173048004608.0,18886811648.0
2014-03-19,21554.099609375,200359706624.0,19140210688.0
2014-03-20,20997.0,190723719168.0,21367965696.0
2014-03-21,21713.80078125,207001206784.0,25125287936.0
2014-03-24,22027.5,225209532416.0,25750046720.0
2014-03-25,22039.80078125,224442957824.0,23775211520.0
2014-03-26,21871.80078125,205201948672.0,18969415680.0
2014-03-27,21493.0,176450666496.0,21631389696.0
2014-03-28,21094.701171875,200408285184.0,22328143872.0
2014-03-31,20594.0,202534977536.0,16437771264.0
2014-04-01,20485.599609375,147660488704.0,14843079680.0
2014-04-02,20323.80078125,137755836416.0,18282559488.0
2014-04-03,20108.701171875,163614834688.0,18789607424.0
2014-04-04,19994.099609375,164685086720.0,15319915520.0
2014-04-08,20435.599609375,144291905536.0,21868548096.0
2014-04-09,20600.80078125,201937731584.0,19040350208.0
2014-04-10,21253.099609375,187861581824.0,26198908928.0
2014-04-11,21338.5,250268975104.0,21913759744.0
2014-04-14,21327.599609375,210759696384.0,18276055040.0
2014-04-15,21106.701171875,178262523904.0,19633129472.0
2014-04-16,20855.599609375,188044181504.0,16377268224.0
2014-04-17,20546.201171875,157756112896.0,16233099264.0
2014-04-18,20287.099609375,157000957952.0,15386516480.0
2014-04-21,19906.80078125,148547371008.0,17604931584.0
2014-04-22,19823.0,173714030592.0,17884737536.0
2014-04-23,19403.80078125,173770424320.0,14192861184.0
2014-04-24,18989.201171875,139130912768.0,14531823616.0
2014-04-25,18546.0,140941279232.0,17025146880.0
2014-04-28,17988.80078125,154913767424.0,16960928768.0
2014-04-29,17931.80078125,150487236608.0,13532930048.0
2014-04-30,17707.0,121157885952.0,12885048320.0
2014-05-05,17609.80078125,117644713984.0,13725131776.0
2014-05-06,17573.400390625,124528082944.0,14295197696.0
2014-05-07,17111.400390625,136944336896.0,13960286208.0
2014-05-08,16922.30078125,131479715840.0,14255216640.0
2014-05-09,16612.701171875,129113604096.0,13975576576.0
2014-05-12,17256.400390625,126139645952.0,20095162368.0
2014-05-13,17233.400390625,173191610368.0,17302353920.0
2014-05-14,16989.5,151688904704.0,13678745600.0
2014-05-15,16553.0,123914715136.0,14251682816.0
2014-05-16,16284.1005859375,135032700928.0,12515802112.0
2014-05-19,15910.1005859375,117771558912.0,11875535872.0
2014-05-20,15744.900390625,111201189888.0,11865958400.0
2014-05-21,15671.7998046875,117607481344.0,11729669120.0
2014-05-22,15650.1005859375,111358386176.0,14601774080.0
2014-05-23,15720.5,140855148544.0,12707723264.0
2014-05-26,15990.6005859375,126232764416.0,14395044864.0
2014-05-27,15866.1005859375,152464883712.0,13503376384.0
2014-05-28,16303.2001953125,137464774656.0,16618194944.0
2014-05-29,16283.400390625,168980529152.0,16319398912.0
2014-05-30,16331.6005859375,168260075520.0,14815751168.0
2014-06-03,16237.900390625,148047069184.0,13959960576.0
2014-06-04,16037.400390625,138910613504.0,14049452032.0
2014-06-05,16204.7001953125,136234582016.0,13588185088.0
2014-06-06,16078.2001953125,137999958016.0,13759215616.0
2014-06-09,15911.6005859375,141003063296.0,13102289920.0
2014-06-10,16232.5,133145149440.0,15526294528.0
2014-06-11,16379.2998046875,157650698240.0,15399362560.0
2014-06-12,16467.900390625,160020316160.0,16172978176.0
2014-06-13,16973.80078125,163876470784.0,19008303104.0
2014-06-16,17396.900390625,193221591040.0,18997254144.0
2014-06-17,17376.0,194106556416.0,17712269312.0
2014-06-18,17302.900390625,176112304128.0,17380917248.0
2014-06-19,16914.900390625,166852608000.0,18351542272.0
2014-06-20,16840.900390625,173933002752.0,13376442368.0
2014-06-23,16908.201171875,124865961984.0,14305273856.0
2014-06-24,16974.80078125,142594916352.0,14667141120.0
2014-06-25,16731.400390625,148936278016.0,13965154304.0
2014-06-26,17127.0,140101582848.0,17281826816.0
2014-06-27,17489.30078125,175933194240.0,20399972352.0
2014-06-30,18013.701171875,196007084032.0,20595564544.0
2014-07-01,18428.701171875,202933551104.0,20801517568.0
2014-07-02,18854.701171875,208489136128.0,22342576128.0
2014-07-03,19410.900390625,219192901632.0,24868175872.0
2014-07-04,19587.400390625,234591207424.0,21779021824.0
2014-07-07,19772.5,211954040832.0,20161026048.0
2014-07-08,20066.201171875,202598940672.0,20289650688.0
2014-07-09,20126.80078125,208376348672.0,23704731648.0
2014-07-10,20188.701171875,244221820928.0,20147666944.0
2014-07-11,20427.400390625,205192855552.0,21181911040.0
2014-07-14,21009.0,205996556288.0,23395098624.0
2014-07-15,21354.599609375,232957018112.0,25531332608.0
2014-07-16,21297.599609375,247380393984.0,25123641344.0
2014-07-17,20981.201171875,225458634752.0,19528296448.0
2014-07-18,20874.099609375,0.0,19592898560.0
2014-07-21,20670.900390625,177319624704.0,17948194816.0
2014-07-22,21148.201171875,169679880192.0,22624968704.0
2014-07-23,21221.30078125,209008836608.0,25043572736.0
2014-07-24,21709.0,226125021184.0,29012795392.0
2014-07-25,22084.30078125,254821580800.0,24995948544.0
2014-07-28,23625.599609375,217521438720.0,38624571392.0
2014-07-29,24629.80078125,329619210240.0,34933420032.0
2014-07-30,25233.599609375,315980578816.0,32652156928.0
2014-07-31,25712.0,301662961664.0,29733595136.0
2014-08-01,25942.099609375,274475302912.0,34500415488.0
2014-08-04,26667.701171875,312426135552.0,30478866432.0
2014-08-05,27120.099609375,278090809344.0,32088504320.0
2014-08-06,27443.0,297946316800.0,32453529600.0
2014-08-07,27319.701171875,291526082560.0,31844820992.0
2014-08-08,27280.099609375,286697259008.0,25315829760.0
2014-08-11,27901.701171875,239323119616.0,28272254976.0
2014-08-12,28141.30078125,274842697728.0,29142632448.0
2014-08-13,28442.900390625,287624986624.0,32530708480.0
2014-08-14,28411.400390625,308768505856.0,31854665728.0
2014-08-15,28753.5,303745564672.0,29203963904.0
2014-08-18,29461.30078125,284096528384.0,32511322112.0
2014-08-19,30037.30078125,321227358208.0,35501371392.0
2014-08-20,30132.80078125,356411572224.0,32720265216.0
2014-08-21,30241.0,317984899072.0,31591380992.0
2014-08-22,30490.80078125,311653302272.0,30185541632.0
2014-08-25,30207.5,310349201408.0,29895796736.0
2014-08-26,29698.30078125,297466527744.0,30274449408.0
2014-08-27,29315.599609375,294141788160.0,23090710528.0
2014-08-28,28633.400390625,232132132864.0,23563577344.0
2014-08-29,28348.099609375,236350373888.0,19573454848.0
2014-09-01,28718.400390625,200245264384.0,24591325184.0
2014-09-02,29805.80078125,259012968448.0,34993627136.0
2014-09-03,30833.599609375,362324459520.0,38714912768.0
2014-09-04,31845.5,397922205696.0,37479702528.0
2014-09-05,32593.701171875,391781679104.0,38749724672.0
2014-09-09,33141.5,390150258688.0,36653940736.0
2014-09-10,33419.30078125,369639948288.0,35857514496.0
2014-09-11,34097.0,359450935296.0,41868443648.0
2014-09-12,34522.5,430777171968.0,35290681344.0
2014-09-15,35310.90234375,346212696064.0,39998181376.0
2014-09-16,35236.1015625,404167819264.0,53665366016.0
2014-09-17,35364.40234375,494158839808.0,37203275776.0
2014-09-18,35200.30078125,335240232960.0,33519005696.0
2014-09-19,35184.1015625,300824166400.0,31119642624.0
2014-09-22,34594.0,302920335360.0,32119801856.0
2014-09-23,34694.69921875,316726247424.0,29262075904.0
2014-09-24,35553.30078125,296903049216.0,39329804288.0
2014-09-25,35969.0,384239566848.0,40666533888.0
2014-09-26,35800.0,404462108672.0,32266305536.0
2014-09-29,36431.69921875,321883930624.0,36392103936.0
2014-09-30,36652.90234375,370919473152.0,34211149824.0
2014-10-08,37381.69921875,347182989312.0,36956471296.0
2014-10-09,38077.80078125,386875555840.0,43945168896.0
2014-10-10,38248.5,446221287424.0,41959096320.0
2014-10-13,38352.6015625,416389169152.0,37575999488.0
2014-10-14,38175.69921875,377383157760.0,36880199680.0
2014-10-15,38310.5,368012361728.0,36859719680.0
2014-10-16,38050.19921875,364535054336.0,42241683456.0
2014-10-17,37761.6015625,411099725824.0,38064398336.0
2014-10-20,37706.6015625,376991580160.0,28847083520.0
2014-10-21,36875.0,301306478592.0,30049953792.0
2014-10-22,35955.1015625,307166674944.0,27447896064.0
2014-10-23,35053.69921875,289244446720.0,29510152192.0
2014-10-24,34220.90234375,292554539008.0,23114690560.0
2014-10-27,33727.30078125,235243618304.0,23129954304.0
2014-10-28,34644.30078125,238479638528.0,31709050880.0
2014-10-29,36097.30078125,329020014592.0,45285945344.0
2014-10-30,36854.5,451236397056.0,46764937216.0
2014-10-31,37793.90234375,432618536960.0,50002354176.0
2014-11-03,38635.90234375,452822106112.0,47133118464.0
2014-11-04,38981.1015625,421831639040.0,48135761920.0
2014-11-05,38957.30078125,425278111744.0,42205425664.0
2014-11-06,39015.6015625,379639955456.0,36599877632.0
2014-11-07,39417.90234375,354580561920.0,46969294848.0
2014-11-10,40461.80078125,466233524224.0,45821440000.0
2014-11-11,40931.40234375,435273924608.0,61576044544.0
2014-11-12,41423.80078125,574040309760.0,38082392064.0
2014-11-13,41328.0,374387703808.0,45484457984.0
2014-11-14,40685.6015625,450984476672.0,34341201920.0
2014-11-17,40630.6015625,338595807232.0,33913671680.0
2014-11-18,40092.19921875,349690593280.0,31516743680.0
2014-11-19,39724.1015625,314673725440.0,30655934464.0
2014-11-20,39083.69921875,322326560768.0,27446435840.0
2014-11-21,39571.40234375,291384295424.0,34408452096.0
2014-11-24,41883.5,365260734464.0,56612978688.0
2014-11-25,43388.30078125,574289739776.0,50306699264.0
2014-11-26,44921.90234375,523195088896.0,53205590016.0
2014-11-27,46723.5,565592653824.0,57808801792.0
2014-11-28,48922.0,608913129472.0,70239379456.0
2014-12-01,50248.30078125,699477655552.0,66956750848.0
2014-12-02,52674.80078125,679371735040.0,64130105344.0
2014-12-03,55998.1015625,662439854080.0,84934557696.0
2014-12-04,60025.40234375,896781451264.0,80457105408.0
2014-12-05,62829.40234375,868261888000.0,95145484288.0
2014-12-08,66666.203125,1049502023680.0,85951381504.0
2014-12-09,67064.8046875,959775113216.0,111490842624.0
2014-12-10,69953.1015625,1242406715392.0,74199580672.0
2014-12-11,70044.6015625,838673301504.0,71686496256.0
2014-12-12,69986.203125,774882394112.0,61159419904.0
2014-12-15,70410.5,682482466816.0,60968435712.0
2014-12-16,71791.3046875,695658414080.0,66632433664.0
2014-12-17,72816.0,776111849472.0,76995821568.0
2014-12-18,71869.6015625,889208176640.0,61687275520.0
2014-12-19,72153.3984375,720208199680.0,73143820288.0
2014-12-22,71882.1015625,784380264448.0,92101525504.0
2014-12-23,69332.0,916685979648.0,60466085888.0
2014-12-24,67477.1015625,625055563776.0,52988334080.0
2014-12-25,68237.8984375,570060636160.0,52495630336.0
2014-12-26,69640.8046875,567319003136.0,63191109632.0
2014-12-29,69973.8984375,709472157696.0,71063445504.0
2014-12-30,68840.8046875,816696918016.0,56244662272.0
2014-12-31,69232.3046875,655005384704.0,56433176576.0
2015-01-05,71447.3046875,639885639680.0,74831503360.0
2015-01-06,72322.3984375,826771832832.0,71203815424.0
2015-01-07,71839.3046875,819208781824.0,55909765120.0
2015-01-08,69578.1015625,664679219200.0,53429235712.0
2015-01-09,68892.8984375,620777766912.0,57081786368.0
2015-01-12,66894.8046875,683823071232.0,46066954240.0
2015-01-13,65528.40234375,556781993984.0,35416395776.0
2015-01-14,63760.0,459509235712.0,36150001664.0
2015-01-15,64353.40234375,446862098432.0,40751034368.0
2015-01-16,64739.69921875,516543873024.0,48637014016.0
2015-01-19,61290.0,611737534464.0,59473674240.0
2015-01-20,63065.6015625,685123567616.0,53697527808.0
2015-01-21,66409.703125,691642564608.0,62169239552.0
2015-01-22,67209.8046875,790803447808.0,54520197120.0
2015-01-23,67113.8046875,695721721856.0,54999216128.0
2015-01-26,67423.0,696320589824.0,49900933120.0
2015-01-27,67582.1015625,628140933120.0,57740976128.0
2015-01-28,66265.5,712498937856.0,46902779904.0
2015-01-29,64572.6015625,593280892928.0,43080916992.0
2015-01-30,62537.40234375,515756785664.0,41302110208.0
2015-02-02,60035.6015625,497374756864.0,38396424192.0
2015-02-03,60642.19921875,456027373568.0,39385366528.0
2015-02-04,59711.0,505713065984.0,40482873344.0
2015-02-05,59485.19921875,522486775808.0,48176402432.0
2015-02-06,57666.30078125,618864181248.0,39674269696.0
2015-02-09,56657.0,490821222400.0,32611579904.0
2015-02-10,56369.80078125,425752723456.0,30165938176.0
2015-02-11,55769.69921875,391156662272.0,30041143296.0
2015-02-12,55207.6015625,403999195136.0,32770646016.0
2015-02-13,55953.40234375,430827765760.0,42755571712.0
2015-02-16,56674.69921875,552612069376.0,38964391936.0
2015-02-17,56701.19921875,531916947456.0,37689823232.0
2015-02-25,56030.0,503529635840.0,38524194816.0
2015-02-26,57302.80078125,508774940672.0,46578982912.0
2015-02-27,58114.80078125,586685218816.0,48027738112.0
2015-03-02,60648.0,611817422848.0,58720063488.0
2015-03-03,61509.90234375,783256322048.0,63416164352.0
2015-03-04,62643.6015625,833027244032.0,51084312576.0
2015-03-05,63300.1015625,682300342272.0,54377111552.0
2015-03-06,62541.6015625,728799838208.0,48399798272.0
2015-03-09,63604.0,642720595968.0,50562547712.0
2015-03-10,63967.40234375,645686493184.0,48017297408.0
2015-03-11,64498.0,641848442880.0,47551463424.0
2015-03-12,65365.90234375,634147438592.0,55469363200.0
2015-03-13,66224.703125,721565908992.0,50665480192.0
2015-03-16,69887.1015625,660798373888.0,65189859328.0
2015-03-17,73673.6015625,897148911616.0,83451961344.0
2015-03-18,77738.3046875,1098024026112.0,86576439296.0
2015-03-19,80185.8046875,1103090679808.0,84783824896.0
2015-03-20,83257.5,1087507398656.0,81332740096.0
2015-03-23,87509.1015625,1145781092352.0,85726117888.0
2015-03-24,91317.3046875,1206751592448.0,102859800576.0
2015-03-25,93146.8046875,1415308771328.0,85368872960.0
2015-03-26,93463.3984375,1236362592256.0,79488344064.0
2015-03-27,93622.6015625,1179523219456.0,64462680064.0
2015-03-30,96833.0,931258171392.0,86122659840.0
2015-03-31,98226.8046875,1198243053568.0,87789666304.0
2015-04-01,100523.3984375,1274039500800.0,73405882368.0
2015-04-02,102472.5,1109216067584.0,79965323264.0
2015-04-03,104731.6015625,1214342758400.0,79774228480.0
2015-04-07,108466.3984375,1237093187584.0,91340734464.0
2015-04-08,110705.203125,1384880144384.0,97774419968.0
2015-04-09,111386.8046875,1523869548544.0,92889128960.0
2015-04-10,113530.5,1464058904576.0,77563068416.0
2015-04-13,116835.203125,1231274639360.0,92136357888.0
2015-04-14,117896.8046875,1419221532672.0,92816760832.0
2015-04-15,115070.0,1422476836864.0,91986075648.0
2015-04-16,116728.0,1327812444160.0,80716873728.0
2015-04-17,120074.203125,1190764478464.0,103223156736.0
2015-04-20,121470.703125,1501449814016.0,122323279872.0
2015-04-21,124782.1015625,1772150718464.0,94140145664.0
2015-04-22,129491.3046875,1409506607104.0,104163909632.0
2015-04-23,131550.0,1626725154816.0,104354177024.0
2015-04-24,131989.40625,1649037410304.0,97926144000.0
2015-04-27,135165.796875,1555147390976.0,101345697792.0
2015-04-28,133526.296875,1609521430528.0,109893246976.0
2015-04-29,133432.109375,1672859353088.0,78999601152.0
2015-04-30,132005.0,1277381836800.0,80017096704.0
2015-05-04,131534.109375,1318925238272.0,75529265152.0
2015-05-05,126128.6015625,1214561779712.0,87045988352.0
2015-05-06,123404.203125,1339481653248.0,74562117632.0
2015-05-07,118097.1015625,1231502704640.0,61787439104.0
2015-05-08,120426.5,965016027136.0,64913313792.0
2015-05-11,125539.6015625,1070688239616.0,80275881984.0
2015-05-12,128933.6015625,1381401755648.0,85255569408.0
2015-05-13,129737.203125,1511523090432.0,85438881792.0
2015-05-14,129552.703125,1509975392256.0,78322425856.0
2015-05-15,127564.8984375,1363762610176.0,74606280704.0
2015-05-18,127402.703125,1302420520960.0,67077046272.0
2015-05-19,130781.3046875,1226869178368.0,75074412544.0
2015-05-20,133609.296875,1389572653056.0,88966815744.0
2015-05-21,137547.90625,1618431180800.0,81681670144.0
2015-05-22,141573.5,1518461386752.0,108713975808.0
2015-05-25,148013.296875,1956140941312.0,110081392640.0
2015-05-26,155261.40625,1988647976960.0,114816712704.0
2015-05-27,158549.703125,2108386443264.0,112251944960.0
2015-05-28,151653.90625,2104139972608.0,130044854272.0
2015-05-29,153560.703125,2357614084096.0,101982248960.0
2015-06-01,160997.609375,1852509782016.0,95469109248.0
2015-06-02,166329.5,1760964247552.0,101666430976.0
2015-06-03,167140.0,1925542707200.0,101557690368.0
2015-06-04,167684.109375,1972993916928.0,107246813184.0
2015-06-05,172241.796875,1982114562048.0,121303121920.0
2015-06-08,175526.40625,2250617651200.0,127195447296.0
2015-06-09,175077.609375,2259308511232.0,107460157440.0
2015-06-10,175410.296875,1931118247936.0,95354626048.0
2015-06-11,175637.90625,1815008903168.0,91318919168.0
2015-06-12,177385.0,1794201878528.0,100828954624.0
2015-06-15,174811.796875,1962576052224.0,104185774080.0
2015-06-16,167018.0,1992975974400.0,90138591232.0
2015-06-17,168624.203125,1698573713408.0,84678000640.0
2015-06-18,160306.296875,1534113742848.0,79444328448.0
2015-06-19,147615.796875,1459248824320.0,73940443136.0
2015-06-23,148012.609375,1284149608448.0,76347334656.0
2015-06-24,150831.796875,1295696658432.0,87280427008.0
2015-06-25,144884.109375,1488227663872.0,90225410048.0
2015-06-26,132823.703125,1548001869824.0,85616607232.0
2015-06-29,127238.8984375,1340035563520.0,102889906176.0
2015-06-30,136417.109375,1532465250304.0,110482604032.0
2015-07-01,129604.6015625,1659938930688.0,94476173312.0
2015-07-02,122360.0,1527003742208.0,90364993536.0
2015-07-03,114948.3046875,1285932449792.0,85962448896.0
2015-07-06,116585.0,1150193631232.0,122313785344.0
2015-07-07,112429.0,1549445627904.0,92394979328.0
2015-07-08,109861.6015625,1075949142016.0,98644508672.0
2015-07-09,116728.703125,1113517326336.0,86098345984.0
2015-07-10,122624.5,948918419456.0,74304749568.0
2015-07-13,128164.5,926172315648.0,87363518464.0
2015-07-14,128492.8984375,1171486015488.0,95269732352.0
2015-07-15,122651.0,1319548616704.0,94354612224.0
2015-07-16,122993.1015625,1244070150144.0,81417265152.0
2015-07-17,127752.0,1076491845632.0,78643355648.0
2015-07-20,129447.203125,1099402182656.0,89527533568.0
2015-07-21,129935.1015625,1318563741696.0,81521262592.0
2015-07-22,130249.703125,1205986131968.0,85375492096.0
2015-07-23,133867.609375,1282759327744.0,92838748160.0
2015-07-24,132649.5,1396616462336.0,102603857920.0
2015-07-27,121757.5,0.0,91776155648.0
2015-07-28,119799.8046875,1387292655616.0,93455982592.0
2015-07-29,123674.6015625,1301999386624.0,72863653888.0
2015-07-30,119013.8046875,1079170957312.0,75555520512.0
2015-07-31,114891.0,1155459842048.0,58475311104.0
2015-08-03,109646.3046875,877128646656.0,60595036160.0
2015-08-04,113382.203125,847184986112.0,62285869056.0
2015-08-05,110607.1015625,905380233216.0,63621681152.0
2015-08-06,107040.703125,959200034816.0,47541477376.0
2015-08-07,108719.703125,706513600512.0,59116408832.0
2015-08-10,114910.203125,893337075712.0,81815764992.0
2015-08-11,116296.8046875,1225939877888.0,88875343872.0
2015-08-12,114357.703125,1334052257792.0,72590376960.0
2015-08-13,116554.6015625,1102373322752.0,71539884032.0
2015-08-14,117294.8984375,1075208716288.0,79309922304.0
2015-08-17,118796.3046875,1220271931392.0,78577500160.0
2015-08-18,111703.3984375,1185690812416.0,93057925120.0
2015-08-19,114152.0,1388203606016.0,80521633792.0
2015-08-20,108919.3984375,1145277775872.0,67256889344.0
2015-08-21,102039.5,981173796864.0,62840008704.0
2015-08-24,92324.703125,868215422976.0,52610592768.0
2015-08-25,84701.703125,630222487552.0,56817180672.0
2015-08-26,82702.703125,644963827712.0,79076917248.0
2015-08-27,85979.0,892502671360.0,67048534016.0
2015-08-28,91351.203125,764263137280.0,75710758912.0
2015-08-31,89088.203125,898390360064.0,66279763968.0
2015-09-01,85047.703125,795625717760.0,67734454272.0
2015-09-02,83293.5,724820819968.0,69588254720.0
2015-09-07,81965.3984375,747963154432.0,52380733440.0
2015-09-08,83247.8046875,601952681984.0,45449568256.0
2015-09-09,86020.703125,523390615552.0,68540551168.0
2015-09-10,83512.8046875,843713544192.0,49737801728.0
2015-09-11,82170.0,609913339904.0,41394520064.0
2015-09-14,77481.3984375,515338731520.0,58572238848.0
2015-09-15,72258.203125,679972634624.0,44630134784.0
2015-09-16,75859.0,476981755904.0,51083517952.0
2015-09-17,74467.5,565916794880.0,58994962432.0
2015-09-18,73681.8984375,697190645760.0,39579889664.0
2015-09-21,75087.8046875,471857627136.0,46594826240.0
2015-09-22,75295.3046875,572501721088.0,53763993600.0
2015-09-23,73443.203125,671887982592.0,46705836032.0
2015-09-24,73246.6015625,578396225536.0,43338268672.0
2015-09-25,70186.3984375,549827510272.0,46203994112.0
2015-09-28,69627.3984375,561072177152.0,32015060992.0
2015-09-29,67003.5,403961020416.0,33692055552.0
2015-09-30,65617.6015625,420371103744.0,29570443264.0
2015-10-08,67991.6015625,370713165824.0,46357499904.0
2015-10-09,68836.3046875,586627678208.0,47563288576.0
2015-10-12,73518.5,595745112064.0,72519180288.0
2015-10-13,74779.8046875,923592359936.0,59082809344.0
2015-10-14,74376.1015625,765408182272.0,58998648832.0
2015-10-15,77349.8046875,768325255168.0,62322659328.0
2015-10-16,80355.203125,824817942528.0,75080433664.0
2015-10-19,81893.1015625,993022115840.0,73066766336.0
2015-10-20,83769.8046875,995540795392.0,64637923328.0
2015-10-21,81120.0,903996833792.0,87796752384.0
2015-10-22,84254.5,1170505072640.0,64883654656.0
2015-10-23,87356.8046875,891975041024.0,72398233600.0
2015-10-26,88918.0,1039348269056.0,75516862464.0
2015-10-27,89842.8046875,1105398464512.0,69258764288.0
2015-10-28,87343.3984375,991777062912.0,63364530176.0
2015-10-29,86763.6015625,915528089600.0,51597012992.0
2015-10-30,85704.3046875,748571328512.0,53760626688.0
2015-11-02,82677.8046875,800893370368.0,50349936640.0
2015-11-03,80952.0,742187532288.0,41593204736.0
2015-11-04,85984.8046875,625264099328.0,67654516736.0
2015-11-05,89925.3046875,992667172864.0,98037088256.0
2015-11-06,93836.703125,1372182151168.0,80500801536.0
2015-11-09,97743.5,1173065302016.0,92323012608.0
2015-11-10,99466.6015625,1366746857472.0,82910396416.0
2015-11-11,101111.3984375,1253903564800.0,74160209920.0
2015-11-12,101608.0,1140229537792.0,76376809472.0
2015-11-13,99569.8984375,1230505508864.0,70679330816.0
2015-11-16,100053.8046875,1136452567040.0,56715718656.0
2015-11-17,100232.0,907683037184.0,78532378624.0
2015-11-18,97296.0,1271118036992.0,60253986816.0
2015-11-19,98305.3046875,942235254784.0,54099820544.0
2015-11-20,99316.8046875,858781122560.0,67407065088.0
2015-11-23,98202.3046875,1078467428352.0,67668381696.0
2015-11-24,97605.6015625,1071877652480.0,53167202304.0
2015-11-25,98705.0,857744998400.0,59679367168.0
2015-11-26,98054.1015625,1018678738944.0,65520975872.0
2015-11-27,92496.5,1105427955712.0,72351358976.0
2015-11-30,92763.0,1141123579904.0,62597193728.0
2015-12-01,91348.703125,981329182720.0,51990269952.0
2015-12-02,90471.6015625,840502280192.0,56366301184.0
2015-12-03,91339.3984375,837072912384.0,52892516352.0
2015-12-04,89684.0,794023493632.0,51802550272.0
2015-12-07,89313.8046875,821316812800.0,45356171264.0
2015-12-08,86641.3046875,748670353408.0,48368480256.0
2015-12-09,85058.5,787210436608.0,42628091904.0
2015-12-10,83608.5,716303171584.0,42712403968.0
2015-12-11,81330.703125,727136206848.0,38562820096.0
2015-12-14,81951.703125,631313924096.0,42829471744.0
2015-12-15,81739.203125,670698897408.0,42678751232.0
2015-12-16,81236.703125,713092431872.0,42732650496.0
2015-12-17,84356.1015625,726762520576.0,61000601600.0
2015-12-18,84758.203125,994451783680.0,57752518656.0
2015-12-21,86248.3046875,957265674240.0,59576446976.0
2015-12-22,86958.5,940697124864.0,54694006784.0
2015-12-23,86757.8984375,872208007168.0,60781412352.0
2015-12-24,85529.1015625,994548580352.0,45805731840.0
2015-12-25,84626.8046875,747691638784.0,41054937088.0
2015-12-28,82855.703125,682470735872.0,54407589888.0
2015-12-29,82444.3984375,892788604928.0,39411105792.0
2015-12-30,82309.8046875,656852582400.0,41162719232.0
2015-12-31,79876.6015625,709442666496.0,39770292224.0
2016-01-04,72946.3984375,685321682944.0,38707511296.0
2016-01-05,72545.0,594496847872.0,55832158208.0
2016-01-06,74160.1015625,809313304576.0,49023967232.0
2016-01-07,66112.203125,697916522496.0,14160490496.0
2016-01-08,67672.3984375,187467169792.0,56875393024.0
2016-01-11,63483.69921875,759427301376.0,52991475712.0
2016-01-12,62990.5,661964128256.0,42358050816.0
2016-01-13,60144.19921875,549486886912.0,40160968704.0
2016-01-14,61956.0,517697830912.0,43959250944.0
2016-01-15,59345.90234375,550902759424.0,41813344256.0
2016-01-18,59619.69921875,537109954560.0,35668688896.0
2016-01-19,61735.30078125,471590862848.0,43489939456.0
2016-01-20,61135.6015625,581988581376.0,44441817088.0
2016-01-21,58203.40234375,594779176960.0,40003670016.0
2016-01-22,58350.69921875,535016505344.0,33653663744.0
2016-01-25,57840.30078125,445526507520.0,31698509824.0
2016-01-26,53669.80078125,422088179712.0,42296938496.0
2016-01-27,53344.90234375,521843081216.0,43521183744.0
2016-01-28,50329.5,509068705792.0,33868849152.0
2016-01-29,51745.69921875,398529429504.0,36607254528.0
2016-02-01,50202.90234375,427762417664.0,30897911808.0
2016-02-02,51336.30078125,369735860224.0,32460814336.0
2016-02-03,50755.30078125,402541248512.0,30621386752.0
2016-02-04,51501.40234375,375330144256.0,34888077312.0
2016-02-05,50078.40234375,441108103168.0,28753672192.0
2016-02-15,49204.5,362741989376.0,26557693952.0
2016-02-16,51449.1015625,328229355520.0,39479443456.0
2016-02-17,52854.1015625,499315671040.0,44635717632.0
2016-02-18,53373.90234375,568766300160.0,45483651072.0
2016-02-19,53357.6015625,589551173632.0,35261571072.0
2016-02-22,55204.69921875,480571326464.0,46663032832.0
2016-02-23,55204.1015625,601013813248.0,42674548736.0
2016-02-24,55804.69921875,572165193728.0,43445178368.0
2016-02-25,52789.30078125,579649404928.0,53815242752.0
2016-02-26,52619.5,664841355264.0,39828385792.0
2016-02-29,49771.6015625,485526339584.0,41452965888.0
2016-03-01,50820.90234375,460777422848.0,39625646080.0
2016-03-02,54253.6015625,461863256064.0,53912555520.0
2016-03-03,55399.0,612395057152.0,57493598208.0
2016-03-04,54805.90234375,662690922496.0,57186451456.0
2016-03-07,55575.30078125,639864274944.0,41528967168.0
2016-03-08,55844.90234375,478019846144.0,46344835072.0
2016-03-09,53838.90234375,532048576512.0,36293955584.0
2016-03-10,51740.6015625,426104520704.0,28935350272.0
2016-03-11,50293.40234375,354591277056.0,25370703872.0
2016-03-14,52088.40234375,303734947840.0,40028880896.0
2016-03-15,51219.30078125,503191404544.0,33422743552.0
2016-03-16,50423.69921875,427430674432.0,34443685888.0
2016-03-17,52646.69921875,422935101440.0,43231670272.0
2016-03-18,56738.90234375,571394097152.0,62952181760.0
2016-03-21,60932.80078125,815803596800.0,68886593536.0
2016-03-22,61727.5,902426132480.0,54835785728.0
2016-03-23,62822.19921875,756261191680.0,46395322368.0
2016-03-24,62375.5,669558833152.0,50641408000.0
2016-03-25,62105.5,737017724928.0,38426955776.0
2016-03-28,61629.30078125,552847081472.0,44087013376.0
2016-03-29,59939.6015625,625219534848.0,38909865984.0
2016-03-30,62117.69921875,536819859456.0,43986845696.0
2016-03-31,62661.5,627542720512.0,47014559744.0
2016-04-01,61975.90234375,696125751296.0,42132594688.0
2016-04-05,64173.0,582277201920.0,51856494592.0
2016-04-06,64704.1015625,712791818240.0,49224032256.0
2016-04-07,63932.5,700636790784.0,48601968640.0
2016-04-08,62885.80078125,697827262464.0,40907116544.0
2016-04-11,64286.90234375,584267595776.0,46482018304.0
2016-04-12,63270.80078125,666665811968.0,39919730688.0
2016-04-13,65484.1015625,581893881856.0,61923557376.0
2016-04-14,65801.1015625,822642606080.0,44808568832.0
2016-04-15,65115.1015625,624045588480.0,40722923520.0
2016-04-18,63491.80078125,584876097536.0,39120977920.0
2016-04-19,62810.80078125,556468207616.0,34442805248.0
2016-04-20,61440.19921875,505322078208.0,58603421696.0
2016-04-21,60073.69921875,799423725568.0,40222588928.0
2016-04-22,59222.6015625,541391912960.0,30731425792.0
2016-04-25,57559.40234375,421920735232.0,27940286464.0
2016-04-26,56951.5,390582272000.0,26855231488.0
2016-04-27,55809.30078125,381548691456.0,29977296896.0
2016-04-28,54929.40234375,427491786752.0,30787336192.0
2016-04-29,53721.90234375,430931673088.0,24922849280.0
2016-05-03,55377.40234375,366107328512.0,37141987328.0
2016-05-04,55376.90234375,536801771520.0,37041295360.0
2016-05-05,55237.90234375,534911418368.0,32510054400.0
2016-05-06,53970.80078125,473756106752.0,46505459712.0
2016-05-09,51876.69921875,660925054976.0,38118563840.0
2016-05-10,50599.19921875,498771230720.0,25708972032.0
2016-05-11,49591.69921875,346037583872.0,28909264896.0
2016-05-12,48980.80078125,392483995648.0,29165262848.0
2016-05-13,48022.80078125,379781939200.0,25629390848.0
2016-05-16,48314.1015625,347084554240.0,26326396928.0
2016-05-17,47992.6015625,361618669568.0,30055086080.0
2016-05-18,46613.6015625,430614446080.0,31724572672.0
2016-05-19,46367.90234375,415875465216.0,26749874176.0
2016-05-20,46251.0,375250911232.0,25806964736.0
2016-05-23,46760.5,365423329280.0,28899809280.0
2016-05-24,45772.6015625,418844311552.0,26684135424.0
2016-05-25,45112.40234375,371174113280.0,25489842176.0
2016-05-26,45062.5,371216515072.0,28030830592.0
2016-05-27,44529.30078125,391085129728.0,26911039488.0
2016-05-30,43714.80078125,378105430016.0,24457529344.0
2016-05-31,47162.19921875,333229195264.0,46969909248.0
2016-06-01,48901.0,630389211136.0,45314646016.0
2016-06-02,49893.90234375,653515620352.0,39092768768.0
2016-06-03,51002.80078125,560154214400.0,42294140928.0
2016-06-06,51299.69921875,644210950144.0,34992934912.0
2016-06-07,51237.19921875,527595798528.0,33216190464.0
2016-06-08,51128.69921875,508757114880.0,35072061440.0
2016-06-13,49108.69921875,545524350976.0,40174477312.0
2016-06-14,48634.30078125,588520751104.0,28849016832.0
2016-06-15,50668.40234375,412324757504.0,39571034112.0
2016-06-16,51190.80078125,572635283456.0,40816177152.0
2016-06-17,51677.30078125,593571938304.0,39746572288.0
2016-06-20,51525.40234375,570127548416.0,33576728576.0
2016-06-21,51268.69921875,499701940224.0,39868792832.0
2016-06-22,51729.30078125,592357228544.0,32716468224.0
2016-06-23,51335.19921875,485632933888.0,35280093184.0
2016-06-24,51763.6015625,523259904000.0,46094921728.0
2016-06-27,53339.80078125,646251806720.0,39102337024.0
2016-06-28,54556.0,582540197888.0,44149932032.0
2016-06-29,55218.6015625,664495915008.0,44220805120.0
2016-06-30,55114.1015625,643854958592.0,37716942848.0
2016-07-01,54661.69921875,574820057088.0,34552979456.0
2016-07-04,56341.30078125,519954825216.0,47527759872.0
2016-07-05,57391.1015625,658087608320.0,49828126720.0
2016-07-06,58068.5,707377561600.0,46156107776.0
2016-07-07,58928.90234375,663050846208.0,50297249792.0
2016-07-08,58473.40234375,732967141376.0,39537811456.0
2016-07-11,58848.69921875,589843333120.0,48614924288.0
2016-07-12,60444.5,699270758400.0,54221869056.0
2016-07-13,61614.30078125,734190370816.0,53825015808.0
2016-07-14,61258.30078125,728590581760.0,41472413696.0
2016-07-15,60488.69921875,587522310144.0,39715422208.0
2016-07-18,59705.80078125,567682793472.0,39567077376.0
2016-07-19,59226.1015625,557279608832.0,35502985216.0
2016-07-20,58364.30078125,516232642560.0,33859420160.0
2016-07-21,58103.80078125,504856018944.0,37885345792.0
2016-07-22,57227.6015625,556290736128.0,37137383424.0
2016-07-25,56518.30078125,539423637504.0,33706455040.0
2016-07-26,56585.30078125,491208114176.0,34551152640.0
2016-07-27,56039.19921875,484662476800.0,59758129152.0
2016-07-28,55885.40234375,805781241856.0,40780357632.0
2016-07-29,54515.80078125,556366561280.0,31734773760.0
2016-08-01,52780.90234375,430973288448.0,31833968640.0
2016-08-02,51769.19921875,416934035456.0,24315486208.0
2016-08-03,51055.0,0.0,29035108352.0
2016-08-04,50618.80078125,381375512576.0,29965324288.0
2016-08-05,49687.40234375,404432977920.0,30037518336.0
2016-08-08,49826.19921875,401908105216.0,32308910080.0
2016-08-09,50172.6015625,413819240448.0,35430256640.0
2016-08-10,49774.69921875,462907310080.0,35182600192.0
2016-08-11,48674.80078125,468113227776.0,34156951552.0
2016-08-12,48884.0,450014248960.0,33765634048.0
2016-08-15,52318.80078125,426331242496.0,58175799296.0
2016-08-16,54096.5,750301216768.0,53860810752.0
2016-08-17,54705.90234375,708931092480.0,45275119616.0
2016-08-18,55263.40234375,618095116288.0,48274923520.0
2016-08-19,55088.1015625,634726121472.0,40894832640.0
2016-08-22,54185.69921875,536180031488.0,39872933888.0
2016-08-23,53622.5,533870968832.0,34989907968.0
2016-08-24,52964.90234375,459785175040.0,32809324544.0
2016-08-25,52509.30078125,448631668736.0,37406224384.0
2016-08-26,52149.90234375,510663393280.0,33671768064.0
2016-08-29,51617.40234375,474914095104.0,31189520384.0
2016-08-30,50949.80078125,431562489856.0,30529552384.0
2016-08-31,50670.5,422077595648.0,31399370752.0
2016-09-01,49833.80078125,440794087424.0,33423251456.0
2016-09-02,49261.69921875,454552420352.0,31465259008.0
2016-09-05,48846.30078125,430628306944.0,30770477056.0
2016-09-06,49926.0,409685950464.0,38909083648.0
2016-09-07,50375.80078125,532017086464.0,41895960576.0
2016-09-08,50142.1015625,560133832704.0,32859805696.0
2016-09-09,49659.90234375,448725712896.0,35557650432.0
2016-09-12,48881.6015625,480715833344.0,42403749888.0
2016-09-13,48553.0,539436711936.0,29809696768.0
2016-09-14,47535.69921875,396541526016.0,28550305792.0
2016-09-19,47230.30078125,374491086848.0,26114215936.0
2016-09-20,46488.1015625,345280184320.0,26484418560.0
2016-09-21,45834.6015625,355783966720.0,25929172992.0
2016-09-22,45994.1015625,351352782848.0,31000664064.0
2016-09-23,45341.19921875,416848707584.0,29051172864.0
2016-09-26,44299.80078125,395437998080.0,32344885248.0
2016-09-27,44019.90234375,424689467392.0,26957588480.0
2016-09-28,43124.40234375,350043406336.0,23297978368.0
2016-09-29,42618.6015625,304952016896.0,25020184576.0
2016-09-30,42010.80078125,323000795136.0,22888009728.0
2016-10-10,43382.40234375,298293788672.0,34445332480.0
2016-10-11,44123.6015625,453801836544.0,36048654336.0
2016-10-12,44166.90234375,462937784320.0,32415911936.0
2016-10-13,44320.80078125,425013116928.0,34220429312.0
2016-10-14,44279.0,431783903232.0,33376546816.0
2016-10-17,44221.40234375,423223132160.0,35328172032.0
2016-10-18,45467.69921875,463304949760.0,37148770304.0
2016-10-19,45889.6015625,482381987840.0,38259802112.0
2016-10-20,46138.5,494729822208.0,35551662080.0
2016-10-21,46478.69921875,474539098112.0,38748794880.0
2016-10-24,47826.6015625,505538838528.0,44991721472.0
2016-10-25,48486.19921875,563222413312.0,40875208704.0
2016-10-26,48734.5,538118324224.0,40919957504.0
2016-10-27,48488.30078125,546756460544.0,33554862080.0
2016-10-28,48162.30078125,453469601792.0,37362266112.0
2016-10-31,47806.0,510739021824.0,31552331776.0
2016-11-01,48336.19921875,434837618688.0,33730170880.0
2016-11-02,48572.6015625,483410378752.0,38994108416.0
2016-11-03,49850.0,547889872896.0,45583736832.0
2016-11-04,50003.69921875,639992791040.0,40136888320.0
2016-11-07,49970.40234375,566027419648.0,38456393728.0
2016-11-08,50267.80078125,511043567616.0,39044648960.0
2016-11-09,51043.6015625,525599211520.0,48731979776.0
2016-11-10,52509.69921875,653140164608.0,48557105152.0
2016-11-11,54374.40234375,654628945920.0,59188224000.0
2016-11-14,56112.1015625,759797121024.0,61406679040.0
2016-11-15,56602.0,767409455104.0,48085716992.0
2016-11-16,56846.5,630184411136.0,47134068736.0
2016-11-17,56515.30078125,626936578048.0,42561404928.0
2016-11-18,56016.69921875,545083129856.0,40808026112.0
2016-11-21,56415.19921875,543795445760.0,43147751424.0
2016-11-22,57554.80078125,592698343424.0,48505745408.0
2016-11-23,57871.6015625,663258464256.0,49414397952.0
2016-11-24,57975.0,679488389120.0,45953159168.0
2016-11-25,58374.6015625,633311330304.0,45384830976.0
2016-11-28,58987.1015625,611992666112.0,50047426560.0
2016-11-29,59491.19921875,641535836160.0,54771998720.0
2016-11-30,59064.80078125,689253908480.0,43708895232.0
2016-12-01,59245.80078125,563008634880.0,42569216000.0
2016-12-02,58326.80078125,559131066368.0,46569189376.0
2016-12-05,57191.19921875,596900904960.0,40504639488.0
2016-12-06,56090.40234375,510577410048.0,31044485120.0
2016-12-07,55808.30078125,419606790144.0,33391663104.0
2016-12-08,54783.40234375,437269987328.0,33914005504.0
2016-12-09,54407.0,454268944384.0,36884238336.0
2016-12-12,53118.1015625,486400327680.0,51673694208.0
2016-12-13,52924.30078125,651132469248.0,36151717888.0
2016-12-14,52185.30078125,457565569024.0,37339172864.0
2016-12-15,52092.6015625,468467908608.0,35794075648.0
2016-12-16,51785.69921875,458013671424.0,33085497344.0
2016-12-19,50932.0,433277665280.0,31192692736.0
2016-12-20,49934.1015625,399135244288.0,30821210112.0
2016-12-21,49896.1015625,384045580288.0,34047154176.0
2016-12-22,49216.0,429299695616.0,31310630912.0
2016-12-23,48094.5,396727156736.0,31354828800.0
2016-12-26,47786.0,404342800384.0,29485621248.0
2016-12-27,47059.69921875,378009550848.0,27707473920.0
2016-12-28,46112.1015625,362717282304.0,27382048768.0
2016-12-29,45325.69921875,351296552960.0,26224279552.0
2016-12-30,44563.40234375,342196027392.0,26390290432.0
2017-01-03,44623.90234375,342959226880.0,28374876160.0
2017-01-04,45366.0,359042285568.0,34348597248.0
2017-01-05,45503.30078125,450335113216.0,34629857280.0
2017-01-06,45271.90234375,449640529920.0,35113869312.0
2017-01-09,45434.5,454373572608.0,32529920000.0
2017-01-10,45188.5,415066554368.0,33787672576.0
2017-01-11,44472.80078125,417137262592.0,32923607040.0
2017-01-12,43626.5,404252131328.0,29533435904.0
2017-01-13,42783.19921875,363443552256.0,30158712832.0
2017-01-16,42678.0,383398510592.0,45014589440.0
2017-01-17,42749.90234375,521338191872.0,27688429568.0
2017-01-18,41970.30078125,355269050368.0,25063254016.0
2017-01-19,40991.30078125,316460531712.0,23811196928.0
2017-01-20,40996.0,297683419136.0,24840863744.0
2017-01-23,40927.90234375,322694545408.0,26554898432.0
2017-01-24,40207.40234375,331535876096.0,25038997504.0
2017-01-25,39574.30078125,305815486464.0,22258944000.0
2017-01-26,39007.0,283201142784.0,21717067776.0
2017-02-03,38068.1015625,269617823744.0,19033227264.0
2017-02-06,38263.69921875,239762276352.0,25254000640.0
2017-02-07,38299.90234375,328927477760.0,26828175360.0
2017-02-08,38820.19921875,350857101312.0,29576921088.0
2017-02-09,39809.5,386132574208.0,36545024000.0
2017-02-10,40762.6015625,458257661952.0,42757451776.0
2017-02-13,41897.80078125,498064883712.0,40142696448.0
2017-02-14,42193.80078125,484086972416.0,35014795264.0
2017-02-15,42656.19921875,430812233728.0,42522226688.0
2017-02-16,43218.30078125,519132872704.0,38092828672.0
2017-02-17,43412.5,450962653184.0,40639176704.0
2017-02-20,44517.5,498878316544.0,41024557056.0
2017-02-21,45371.1015625,498112299008.0,40008257536.0
2017-02-22,46048.0,498387320832.0,40036605952.0
2017-02-23,46450.1015625,501574336512.0,40802406400.0
2017-02-24,46678.19921875,517570494464.0,36138233856.0
2017-02-27,46435.40234375,475939373056.0,35479138304.0
2017-02-28,46369.80078125,466807029760.0,30596583424.0
2017-03-01,46792.30078125,418804432896.0,37007831040.0
2017-03-02,46624.1015625,495893970944.0,35721097216.0
2017-03-03,46487.90234375,486331875328.0,32121780224.0
2017-03-06,47044.90234375,449148846080.0,33278873600.0
2017-03-07,47327.0,478565859328.0,34094721024.0
2017-03-08,47045.6015625,495154626560.0,32102914048.0
2017-03-09,46567.30078125,455318011904.0,32745400320.0
2017-03-10,46207.80078125,450007302144.0,28346593280.0
2017-03-13,46746.90234375,417562689536.0,32867940352.0
2017-03-14,46613.40234375,474231504896.0,30774398976.0
2017-03-15,46410.1015625,459636768768.0,30010243072.0
2017-03-16,47518.6015625,442279002112.0,37487276032.0
2017-03-17,47813.30078125,550044827648.0,40366804992.0
2017-03-20,48042.69921875,599876632576.0,33942568960.0
2017-03-21,48216.5,495433482240.0,32179650560.0
2017-03-22,48451.40234375,496080322560.0,37110509568.0
2017-03-23,49028.80078125,545495678976.0,37857079296.0
2017-03-24,49714.30078125,578413789184.0,40381374464.0
2017-03-27,49877.69921875,562080972800.0,38028009472.0
2017-03-28,49339.90234375,536852332544.0,31969185792.0
2017-03-29,49223.5,465572691968.0,40026578944.0
2017-03-30,48957.5,539523383296.0,45574152192.0
2017-03-31,48739.80078125,581675450368.0,35533029376.0
2017-04-05,50495.69921875,463296790528.0,44891734016.0
2017-04-06,51187.80078125,575635783680.0,43573764096.0
2017-04-07,51649.19921875,552738488320.0,44063596544.0
2017-04-10,52209.6015625,565991309312.0,47158706176.0
2017-04-11,54190.6015625,625176805376.0,54783778816.0
2017-04-12,54385.6015625,709653692416.0,52482109440.0
2017-04-13,54262.90234375,652689342464.0,41175339008.0
2017-04-14,53352.69921875,492766068736.0,43244630016.0
2017-04-17,52356.30078125,510686756864.0,40643252224.0
2017-04-18,51549.1015625,499987251200.0,37249826816.0
2017-04-19,51060.6015625,467491946496.0,41117356032.0
2017-04-20,50591.30078125,493102432256.0,36382806016.0
2017-04-21,49366.6015625,464559046656.0,30885126144.0
2017-04-24,47714.1015625,382248714240.0,34578907136.0
2017-04-25,47384.69921875,411530559488.0,30703237120.0
2017-04-26,47427.5,386603581440.0,33448452096.0
2017-04-27,47991.0,430302494720.0,41560387584.0
2017-04-28,47771.6015625,520506638336.0,32686096384.0
2017-05-02,47355.6015625,416126468096.0,31162550272.0
2017-05-03,46681.80078125,401313464320.0,33133895680.0
2017-05-04,46345.69921875,431024046080.0,35359019008.0
2017-05-05,45464.69921875,452836360192.0,34164301824.0
2017-05-08,44148.90234375,436197621760.0,34417733632.0
2017-05-09,43768.19921875,418893037568.0,27340795904.0
2017-05-10,42686.69921875,347894251520.0,31651356672.0
2017-05-11,43010.69921875,402168283136.0,36408606720.0
2017-05-12,42666.30078125,426629758976.0,30023258112.0
2017-05-15,42193.40234375,373342601216.0,26834513920.0
2017-05-16,43360.90234375,349309206528.0,36099964928.0
2017-05-17,43727.80078125,460372738048.0,36023562240.0
2017-05-18,42918.30078125,473133645824.0,30850607104.0
2017-05-19,42285.0,399830810624.0,27281436672.0
2017-05-22,41373.6015625,353654145024.0,31090653184.0
2017-05-23,40642.0,386825879552.0,34745135104.0
2017-05-24,40556.69921875,420409802752.0,28413270016.0
2017-05-25,41235.80078125,342084943872.0,36511064064.0
2017-05-26,41057.69921875,428462080000.0,31131457536.0
2017-05-31,40892.5,379314962432.0,30923638784.0
2017-06-01,39999.1015625,388731305984.0,31783342080.0
2017-06-02,40105.30078125,381755097088.0,29049425920.0
2017-06-05,39829.30078125,341020868608.0,26697916416.0
2017-06-06,39367.19921875,321814134784.0,24132073472.0
2017-06-07,40871.6015625,297662021632.0,36773859328.0
2017-06-08,41130.6015625,455444299776.0,33338640384.0
2017-06-09,41388.69921875,426209280000.0,32334860288.0
2017-06-12,40978.80078125,405131231232.0,30360344576.0
2017-06-13,41195.80078125,386933129216.0,28256991232.0
2017-06-14,40936.5,356786208768.0,29938331648.0
2017-06-15,41462.80078125,382165319680.0,32513083392.0
2017-06-16,41121.40234375,412862971904.0,28682272768.0
2017-06-19,41151.1015625,362968809472.0,28242339840.0
2017-06-20,41267.19921875,350737694720.0,31613487104.0
2017-06-21,41461.40234375,398241169408.0,30200621056.0
2017-06-22,41582.69921875,392011251712.0,38074744832.0
2017-06-23,41856.0,477707534336.0,32563605504.0
2017-06-26,42938.0,405070282752.0,35036749824.0
2017-06-27,42896.6015625,438835314688.0,30846392320.0
2017-06-28,42446.80078125,382672306176.0,30014572544.0
2017-06-29,42353.80078125,371458932736.0,27796856832.0
2017-06-30,41983.40234375,351231574016.0,26528978944.0
2017-07-03,42170.30078125,337622106112.0,29648076800.0
2017-07-04,42022.90234375,369479680000.0,30166804480.0
2017-07-05,42601.5,383792054272.0,31738112000.0
2017-07-06,43331.0,409642926080.0,37669765120.0
2017-07-07,43957.0,476124643328.0,37093539840.0
2017-07-10,44464.1015625,465997266944.0,41086185472.0
2017-07-11,44376.0,500297728000.0,37518675968.0
2017-07-12,44731.1015625,456986001408.0,37511983104.0
2017-07-13,44958.90234375,448226197504.0,36706828288.0
2017-07-14,44615.80078125,437722447872.0,32059011072.0
2017-07-17,44289.5,385209303040.0,50972848128.0
2017-07-18,44780.0,568984862720.0,36604137472.0
2017-07-19,46579.30078125,411959492608.0,48585297920.0
2017-07-20,47328.19921875,524105547776.0,43600781312.0
2017-07-21,47303.5,502896558080.0,38405128192.0
2017-07-24,47892.30078125,443732590592.0,42956050432.0
2017-07-25,47595.30078125,492487376896.0,38505582592.0
2017-07-26,47685.40234375,434024087552.0,40655020032.0
2017-07-27,48593.19921875,460432080896.0,47845167104.0
2017-07-28,48646.19921875,552080441344.0,38804217856.0
2017-07-31,49817.30078125,458542874624.0,48185778176.0
2017-08-01,50334.30078125,540017524736.0,46955708416.0
2017-08-02,50945.5,541536550912.0,51460710400.0
2017-08-03,51100.19921875,584180695040.0,45797822464.0
2017-08-04,51128.6015625,521810673664.0,51274981376.0
2017-08-07,51348.0,566551511040.0,42405527552.0
2017-08-08,51553.6015625,459264688128.0,48052359168.0
2017-08-09,51724.0,526693007360.0,44832083968.0
2017-08-10,51423.6015625,496948477952.0,45890269184.0
2017-08-11,50357.30078125,523513659392.0,48549163008.0
2017-08-14,51136.19921875,0.0,39235088384.0
2017-08-15,50979.40234375,471761944576.0,37202821120.0
2017-08-16,50841.6015625,454906642432.0,39347163136.0
2017-08-17,51416.80078125,490804248576.0,42685489152.0
2017-08-18,50996.0,525031505920.0,38863757312.0
2017-08-21,51162.6015625,479577899008.0,37237252096.0
2017-08-22,50792.0,455278034944.0,37767987200.0
2017-08-23,49868.6015625,484376707072.0,35049271296.0
2017-08-24,48858.19921875,430708883456.0,32525885440.0
2017-08-25,49413.6015625,407398219776.0,37981663232.0
2017-08-28,51393.30078125,465830281216.0,48968671232.0
2017-08-29,51520.69921875,640363659264.0,42783285248.0
2017-08-30,52085.5,564890959872.0,45160415232.0
2017-08-31,52400.0,560703406080.0,42749304832.0
2017-09-01,53505.0,545435844608.0,51836981248.0
2017-09-04,54508.0,640298254336.0,52052324352.0
2017-09-05,54550.30078125,645909118976.0,44203417600.0
2017-09-06,55079.1015625,562153783296.0,46526853120.0
2017-09-07,55103.5,600722112512.0,47189745664.0
2017-09-08,55058.6015625,628231962624.0,41607368704.0
2017-09-11,55875.6015625,552126906368.0,44616921088.0
2017-09-12,57062.19921875,589100417024.0,56948174848.0
2017-09-13,57018.5,756392919040.0,41112604672.0
2017-09-14,56821.5,539021213696.0,45776347136.0
2017-09-15,56201.80078125,585614098432.0,44650029056.0
2017-09-18,56242.1015625,564811202560.0,39576522752.0
2017-09-19,55667.19921875,515795353600.0,40359579648.0
2017-09-20,55978.0,523402903552.0,41209507840.0
2017-09-21,55154.5,541181247488.0,41820438528.0
2017-09-22,54334.6015625,552040529920.0,37285429248.0
2017-09-25,53025.1015625,486869696512.0,35250728960.0
2017-09-26,52235.19921875,467914096640.0,29978451968.0
2017-09-27,51893.40234375,401072848896.0,31270699008.0
2017-09-28,51108.90234375,417688649728.0,33148884992.0
2017-09-29,50835.40234375,441014812672.0,32518717440.0
2017-10-09,51952.40234375,433911037952.0,40712130560.0
2017-10-10,52406.5,537610420224.0,39306379264.0
2017-10-11,52485.90234375,541763829760.0,41043550208.0
2017-10-12,52172.40234375,567881564160.0,35958784000.0
2017-10-13,52012.19921875,480860569600.0,33430941696.0
2017-10-16,51568.69921875,458283646976.0,40971030528.0
2017-10-17,50661.19921875,545349468160.0,28201293824.0
2017-10-18,49927.40234375,389108596736.0,33520128000.0
2017-10-19,49155.5,441597624320.0,34023340032.0
2017-10-20,48771.5,432937762816.0,27073529856.0
2017-10-23,48396.30078125,362210066432.0,28466610176.0
2017-10-24,47916.6015625,383333892096.0,29568860160.0
2017-10-25,47724.1015625,406828482560.0,28242499584.0
2017-10-26,48460.30078125,388967530496.0,36670271488.0
2017-10-27,48342.80078125,511659606016.0,34643025920.0
2017-10-30,48406.40234375,462693793792.0,43048566784.0
2017-10-31,48585.69921875,561753686016.0,30875795456.0
2017-11-01,48752.6015625,431463006208.0,34282264576.0
2017-11-02,48351.90234375,481382367232.0,34723725312.0
2017-11-03,48091.6015625,469586477056.0,35167285248.0
2017-11-06,48797.30078125,464927391744.0,33242347520.0
2017-11-07,49650.19921875,464461299712.0,38335160320.0
2017-11-08,50259.0,525270908928.0,39466713088.0
2017-11-09,50538.0,557823361024.0,34389098496.0
2017-11-10,51391.19921875,481616101376.0,39287009280.0
2017-11-13,52473.80078125,567477731328.0,41735827456.0
2017-11-14,52694.0,595891191808.0,41346387968.0
2017-11-15,52185.1015625,603044380672.0,34742181888.0
2017-11-16,52166.1015625,523872993280.0,33603672064.0
2017-11-17,52024.1015625,490340352000.0,48515153920.0
2017-11-20,52588.80078125,645498863616.0,35945582592.0
2017-11-21,53488.1015625,488886632448.0,39738814464.0
2017-11-22,53925.69921875,562115575808.0,40967294976.0
2017-11-23,52686.30078125,565548351488.0,41088409600.0
2017-11-24,52124.0,554006478848.0,31864109056.0
2017-11-27,50769.40234375,439792631808.0,33021716480.0
2017-11-28,50629.40234375,431002648576.0,28373661696.0
2017-11-29,50558.69921875,371104219136.0,35643383808.0
2017-11-30,49560.5,456684240896.0,30614077440.0
2017-12-01,49210.69921875,402230345728.0,28706506752.0
2017-12-04,48514.80078125,387337289728.0,30487238656.0
2017-12-05,48048.5,406974169088.0,38516477952.0
2017-12-06,47966.19921875,482251964416.0,30985379840.0
2017-12-07,46791.1015625,393068150784.0,26721718272.0
2017-12-08,46736.1015625,349735059456.0,27906199552.0
2017-12-11,47181.19921875,372641529856.0,29010149376.0
2017-12-12,46168.69921875,401742495744.0,27529334784.0
2017-12-13,45832.90234375,378380550144.0,24543524864.0
2017-12-14,45267.30078125,335850471424.0,26626600960.0
2017-12-15,44439.0,357885673472.0,28764547072.0
2017-12-18,43629.69921875,376313446400.0,25644886016.0
2017-12-19,43522.5,342345744384.0,24514627584.0
2017-12-20,42984.5,332674400256.0,27755954176.0
2017-12-21,43311.6015625,362348347392.0,29261803520.0
2017-12-22,42759.30078125,384834797568.0,25292654592.0
2017-12-25,42372.80078125,337099784192.0,29461268480.0
2017-12-26,42369.69921875,381083844608.0,28210980864.0
2017-12-27,42105.40234375,364322684928.0,31709274112.0
2017-12-28,42606.80078125,409831473152.0,33484607488.0
2017-12-29,42619.40234375,424071659520.0,28105422848.0
2018-01-02,43777.90234375,365624950784.0,36554072064.0
2018-01-03,45263.1015625,445202825216.0,41170300928.0
2018-01-04,46140.90234375,531327778816.0,38688759808.0
2018-01-05,46649.80078125,496082452480.0,40046411776.0
2018-01-08,47959.80078125,498659360768.0,43906629632.0
2018-01-09,48347.0,558126923776.0,37509738496.0
2018-01-10,48741.5,482144157696.0,40490721280.0
2018-01-11,48945.5,515994583040.0,36329299968.0
2018-01-12,48771.0,476954525696.0,35964993536.0
2018-01-15,48970.80078125,460945129472.0,45578170368.0
2018-01-16,50030.19921875,585290547200.0,40382582784.0
2018-01-17,50891.5,534915645440.0,47404400640.0
2018-01-18,51134.90234375,609607352320.0,37512884224.0
2018-01-19,51586.30078125,484496113664.0,43039236096.0
2018-01-22,52451.0,541048995840.0,39792754688.0
2018-01-23,53123.80078125,516827807744.0,41224781824.0
2018-01-24,54315.6015625,521071788032.0,46313615360.0
2018-01-25,54600.30078125,600405770240.0,45651361792.0
2018-01-26,54502.6015625,580927291392.0,39774347264.0
2018-01-29,54304.80078125,501571125248.0,43487735808.0
2018-01-30,53309.30078125,554819780608.0,34387628032.0
2018-01-31,52660.90234375,437370224640.0,40132149248.0
2018-02-01,52038.6015625,493639663616.0,48437465088.0
2018-02-02,52116.40234375,566550003712.0,39205212160.0
2018-02-05,51931.90234375,462380793856.0,36586905600.0
2018-02-06,50571.40234375,447098421248.0,47644049408.0
2018-02-07,50578.40234375,559019327488.0,44563677184.0
2018-02-08,50269.5,526107475968.0,35517632512.0
2018-02-09,48665.90234375,411592327168.0,44890644480.0
2018-02-12,48903.90234375,493595590656.0,29783111680.0
2018-02-13,48392.6015625,349411278848.0,29323300864.0
2018-02-14,47033.19921875,346871463936.0,20010414080.0
2018-02-22,47349.1015625,236684165120.0,27444338688.0
2018-02-23,46801.69921875,324980768768.0,28589127680.0
2018-02-26,47989.0,332379160576.0,38825844736.0
2018-02-27,47618.90234375,466924437504.0,36967059456.0
2018-02-28,47397.6015625,460741246976.0,33718059008.0
2018-03-01,47785.80078125,424555511808.0,34871021568.0
2018-03-02,47144.1015625,432196517888.0,33510291456.0
2018-03-05,46855.80078125,416570900480.0,30398730240.0
2018-03-06,47908.6015625,386109964288.0,40130600960.0
2018-03-07,47283.6015625,498059444224.0,34740748288.0
2018-03-08,47197.6015625,428251643904.0,31468965888.0
2018-03-09,48202.1015625,402793234432.0,40246624256.0
2018-03-12,49972.80078125,511721308160.0,46745919488.0
2018-03-13,49734.0,606640668672.0,40451289088.0
2018-03-14,49055.6015625,502088990720.0,35316502528.0
2018-03-15,48661.0,445540368384.0,33573392384.0
2018-03-16,47741.1015625,434979897344.0,31018893312.0
2018-03-19,47355.0,395787862016.0,30338875392.0
2018-03-20,47060.1015625,396647497728.0,31682086912.0
2018-03-21,46833.5,401950277632.0,37044178944.0
2018-03-22,46397.5,481281376256.0,32588517376.0
2018-03-23,45812.30078125,423579549696.0,55693488128.0
2018-03-26,46693.19921875,634733723648.0,38171033600.0
2018-03-27,48321.40234375,470652256256.0,41151447040.0
2018-03-28,47917.5,540130836480.0,36797235200.0
2018-03-29,48504.0,499610910720.0,36253515776.0
2018-03-30,49307.40234375,478688313344.0,36339703808.0
2018-04-02,50043.19921875,496542711808.0,41608683520.0
2018-04-03,49476.0,574277681152.0,36001751040.0
2018-04-04,48914.40234375,482760818688.0,33975572480.0
2018-04-09,48658.6015625,471741595648.0,32495661056.0
2018-04-10,48890.1015625,436566753280.0,36751093760.0
2018-04-11,49002.30078125,485003132928.0,36644433920.0
2018-04-12,48086.6015625,481399767040.0,31961856000.0
2018-04-13,47173.69921875,428510052352.0,28906983424.0
2018-04-16,46875.6015625,396150308864.0,34212159488.0
2018-04-17,45759.69921875,450431844352.0,34909650944.0
2018-04-18,46664.6015625,466136858624.0,37453803520.0
2018-04-19,46991.5,494192787456.0,36367204352.0
2018-04-20,45860.80078125,482890842112.0,35152240640.0
2018-04-23,45212.5,447085346816.0,31081771008.0
2018-04-24,46357.6015625,393570910208.0,35281444864.0
2018-04-25,46072.0,452150558720.0,31038394368.0
2018-04-26,44963.6015625,419331309568.0,32001044480.0
2018-04-27,44792.90234375,424805695488.0,29560483840.0
2018-05-02,44369.69921875,411860860928.0,29439934464.0
2018-05-03,44713.69921875,384978550784.0,31735820288.0
2018-05-04,43978.30078125,407233232896.0,26908780544.0
2018-05-07,44835.19921875,360249917440.0,31271471104.0
2018-05-08,45251.40234375,421675892736.0,32921952256.0
2018-05-09,44736.80078125,443497119744.0,29182861312.0
2018-05-10,44716.69921875,382391255040.0,31355164672.0
2018-05-11,44122.1015625,412479029248.0,31052781568.0
2018-05-14,43925.19921875,413944184832.0,29852665856.0
2018-05-15,44025.40234375,406899949568.0,28208896000.0
2018-05-16,43603.1015625,377871761408.0,29567787008.0
2018-05-17,42776.5,401651040256.0,26430783488.0
2018-05-18,42656.90234375,356912988160.0,29072701440.0
2018-05-21,43494.30078125,375972134912.0,35502727168.0
2018-05-22,43635.0,460956041216.0,32359211008.0
2018-05-23,43210.0,438045114368.0,34386341888.0
2018-05-24,42704.0,460487524352.0,28211912704.0
2018-05-25,42101.6015625,381970677760.0,30074421248.0
2018-05-28,41826.69921875,398285963264.0,29789392896.0
2018-05-29,41389.19921875,397773504512.0,30372859904.0
2018-05-30,40442.80078125,407386652672.0,35195404288.0
2018-05-31,41377.6015625,437750267904.0,31306373120.0
2018-06-01,40642.6015625,406950739968.0,29213040640.0
2018-06-04,40329.40234375,375217061888.0,25994530816.0
2018-06-05,40889.30078125,345450807296.0,27118862336.0
2018-06-06,40657.80078125,370513379328.0,26536181760.0
2018-06-07,40196.80078125,359742668800.0,27503708160.0
2018-06-08,39571.19921875,359894908928.0,28608741376.0
2018-06-11,38929.40234375,353877557248.0,23946639360.0
2018-06-12,39177.5,320691503104.0,25543958528.0
2018-06-13,38362.1015625,350827577344.0,26211379200.0
2018-06-14,37759.0,342681878528.0,24581085184.0
2018-06-15,37099.1015625,317157769216.0,30385694720.0
2018-06-19,36274.19921875,355751165952.0,44375232512.0
2018-06-20,36711.0,473115951104.0,31383312384.0
2018-06-21,35978.90234375,347951104000.0,32729450496.0
2018-06-22,36091.80078125,356098146304.0,27830941696.0
2018-06-25,35582.40234375,299114070016.0,27161456640.0
2018-06-26,35675.30078125,307709444096.0,28895762432.0
2018-06-27,35178.30078125,325623382016.0,28809631744.0
2018-06-28,34428.19921875,326021644288.0,27182907392.0
2018-06-29,35546.40234375,305933090816.0,30679545856.0
2018-07-02,35213.5,342887071744.0,31804325888.0
2018-07-03,35975.0,357417943040.0,33573529600.0
2018-07-04,35064.1015625,393677045760.0,29443420160.0
2018-07-05,34133.6015625,329513959424.0,29266249728.0
2018-07-06,34481.5,315310669824.0,32233275392.0
2018-07-09,35253.5,356207755264.0,28320937984.0
2018-07-10,35288.30078125,325753733120.0,28065177600.0
2018-07-11,34601.0,325833949184.0,30558703616.0
2018-07-12,36061.90234375,340917649408.0,35808374784.0
2018-07-13,36185.19921875,415534022656.0,30445260800.0
2018-07-16,35931.90234375,365868744704.0,27486570496.0
2018-07-17,35545.19921875,325223907328.0,26518218752.0
2018-07-18,35105.5,308511211520.0,29597849600.0
2018-07-19,34549.69921875,337239900160.0,27588155392.0
2018-07-20,35113.69921875,310777643008.0,31552749568.0
2018-07-23,35997.1015625,348182052864.0,37277941760.0
2018-07-24,37782.19921875,410778828800.0,47364653056.0
2018-07-25,38000.40234375,492530597888.0,38055333888.0
2018-07-26,37673.1015625,397095337984.0,39717576704.0
2018-07-27,37023.5,380072656896.0,33495089152.0
2018-07-30,36430.90234375,310520414208.0,32960360448.0
2018-07-31,35811.90234375,326485540864.0,26660175872.0
2018-08-01,35152.6015625,272943923200.0,32235403264.0
2018-08-02,34845.90234375,328280145920.0,38467997696.0
2018-08-03,33825.69921875,378917421056.0,27949805568.0
2018-08-06,32931.30078125,284558196736.0,28825305088.0
2018-08-07,33932.0,290711961600.0,32111486976.0
2018-08-08,33161.90234375,316434317312.0,31892647936.0
2018-08-09,34277.90234375,305055498240.0,35113226240.0
2018-08-10,34200.1015625,346826473472.0,28087562240.0
2018-08-13,34218.90234375,288010928128.0,28802752512.0
2018-08-14,33588.5,300345720832.0,26136416256.0
2018-08-15,32550.201171875,268244074496.0,27909449728.0
2018-08-16,31938.30078125,277724856320.0,27680126976.0
2018-08-17,31084.30078125,270448820224.0,26482239488.0
2018-08-20,31206.701171875,265282650112.0,26023290880.0
2018-08-21,31553.5,0.0,26175152128.0
2018-08-22,30712.5,280640094208.0,22686629888.0
2018-08-23,30625.701171875,229129732096.0,23827927040.0
2018-08-24,30153.701171875,252031614976.0,24074639360.0
2018-08-27,31232.201171875,239022473216.0,31075551232.0
2018-08-28,31253.5,323041755136.0,28089417728.0
2018-08-29,30708.201171875,291222913024.0,25412274176.0
2018-08-30,29967.80078125,246151872512.0,26307078144.0
2018-08-31,29355.900390625,253277650944.0,24830373888.0
2018-09-03,29189.201171875,248347459584.0,24716675072.0
2018-09-04,29517.30078125,242857295872.0,27012831232.0
2018-09-05,28891.099609375,267733254144.0,27107676160.0
2018-09-06,28557.099609375,258568536064.0,24322041856.0
2018-09-07,28578.201171875,249369296896.0,26761717760.0
2018-09-10,27920.900390625,271902277632.0,25868756992.0
2018-09-11,27622.0,247658774528.0,23550713856.0
2018-09-12,27192.0,220950380544.0,21786009600.0
2018-09-13,27450.30078125,217626853376.0,26312337408.0
2018-09-14,27098.201171875,260714954752.0,25979574272.0
2018-09-17,26356.400390625,250638106624.0,22994475008.0
2018-09-18,26976.400390625,206667005952.0,27600949248.0
2018-09-19,27916.400390625,253498114048.0,34170814464.0
2018-09-20,27785.5,319652331520.0,28897359872.0
2018-09-21,28871.201171875,250283851776.0,35517796352.0
2018-09-25,28595.0,321242136576.0,26171840512.0
2018-09-26,29229.599609375,242238652416.0,32213987328.0
2018-09-27,28971.5,310139387904.0,31508523008.0
2018-09-28,29198.30078125,285859971072.0,28935788544.0
2018-10-08,28307.30078125,262969065472.0,31358486528.0
2018-10-09,28090.900390625,288624607232.0,25112123392.0
2018-10-10,27859.5,231654588416.0,25243424768.0
2018-10-11,27063.400390625,235807571968.0,43120300032.0
2018-10-12,27674.099609375,358114197504.0,37966389248.0
2018-10-15,27134.099609375,308606435328.0,27577917440.0
2018-10-16,26522.0,238564261888.0,27659630592.0
2018-10-17,26759.0,235807932416.0,30077372416.0
2018-10-18,25905.80078125,258322333696.0,28741134336.0
2018-10-19,27007.80078125,239469281280.0,33149519872.0
2018-10-22,29760.80078125,286734909440.0,46878572544.0
2018-10-23,29816.099609375,421582602240.0,39897559040.0
2018-10-24,29967.201171875,357304664064.0,34273949696.0
2018-10-25,30001.201171875,296929918976.0,35320467456.0
2018-10-26,29906.80078125,292352360448.0,34291179520.0
2018-10-29,29142.900390625,282429718528.0,28903239680.0
2018-10-30,29808.099609375,255230853120.0,35512049664.0
2018-10-31,30542.701171875,310720462848.0,37457862656.0
2018-11-01,31565.599609375,314646298624.0,43625172992.0
2018-11-02,33873.40234375,383072862208.0,49270931456.0
2018-11-05,34464.1015625,450948530176.0,45291274240.0
2018-11-06,34116.1015625,393320726528.0,37348716544.0
2018-11-07,34045.19921875,313702383616.0,39939133440.0
2018-11-08,33534.40234375,338714296320.0,36840255488.0
2018-11-09,32912.80078125,296402681856.0,34579845120.0
2018-11-12,33811.90234375,274105401344.0,42418384896.0
2018-11-13,35324.5,339006554112.0,60226248704.0
2018-11-14,35634.69921875,455241695232.0,55246184448.0
2018-11-15,36533.80078125,410658340864.0,48896000000.0
2018-11-16,37668.19921875,403599720448.0,55887638528.0
2018-11-19,38343.80078125,475315896320.0,52629139456.0
2018-11-20,37592.40234375,439775756288.0,50045698048.0
2018-11-21,37522.69921875,421598429184.0,42326683648.0
2018-11-22,36861.5,346966130688.0,37391024128.0
2018-11-23,35365.80078125,305145610240.0,45433192448.0
2018-11-26,34445.5,358191661056.0,31867344896.0
2018-11-27,33831.1015625,254767529984.0,30657593344.0
2018-11-28,33801.5,250857537536.0,36476887040.0
2018-11-29,32779.6015625,292113154048.0,37935398912.0
2018-11-30,32576.400390625,310399631360.0,32783980544.0
2018-12-03,34426.5,266917478400.0,47470850048.0
2018-12-04,34571.80078125,424684158976.0,39337725952.0
2018-12-05,34234.0,330075897856.0,38000201728.0
2018-12-06,33340.1015625,322039840768.0,35029073920.0
2018-12-07,32653.701171875,310735831040.0,27628265472.0
2018-12-10,31748.30078125,240790388736.0,28143644672.0
2018-12-11,31262.201171875,240541564928.0,26127671296.0
2018-12-12,30618.30078125,218321616896.0,26564018176.0
2018-12-13,31050.201171875,222550360064.0,34773094400.0
2018-12-14,30243.701171875,304663265280.0,34512863232.0
2018-12-17,29878.599609375,291826073600.0,27660466176.0
2018-12-18,29219.099609375,238124105728.0,27339091968.0
2018-12-19,28349.400390625,229839519744.0,25379432448.0
2018-12-20,28098.30078125,217063145472.0,27363741696.0
2018-12-21,27570.80078125,231021953024.0,27661633536.0
2018-12-24,27377.099609375,236103172096.0,24096964608.0
2018-12-25,27281.5,213208793088.0,33687214080.0
2018-12-26,26859.201171875,275758940160.0,26988087296.0
2018-12-27,26475.900390625,231240351744.0,31313047552.0
2018-12-28,26399.80078125,263797211136.0,27478880256.0
2019-01-02,26202.201171875,239674654720.0,25643390976.0
2019-01-03,25970.400390625,226129772544.0,29687093248.0
2019-01-04,27252.80078125,251884142592.0,39998726144.0
2019-01-07,28391.701171875,322026700800.0,42540306432.0
2019-01-08,28501.599609375,347059847168.0,38702624768.0
2019-01-09,29448.900390625,299554242560.0,45801234432.0
2019-01-10,29493.201171875,378970701824.0,38689828864.0
2019-01-11,29657.0,313204015104.0,36607094784.0
2019-01-14,29303.400390625,295955595264.0,36046057472.0
2019-01-15,29890.201171875,283028815872.0,38295941120.0
2019-01-16,29855.701171875,319383175168.0,36491513856.0
2019-01-17,29611.80078125,304443949056.0,37224230912.0
2019-01-18,30107.0,293969035264.0,41091964928.0
2019-01-21,30452.80078125,326431342592.0,36801388544.0
2019-01-22,29933.201171875,312965693440.0,34070202368.0
2019-01-23,29510.099609375,278502408192.0,29964259328.0
2019-01-24,29652.099609375,243855425536.0,35561779200.0
2019-01-25,29659.599609375,300372066304.0,37095010304.0
2019-01-28,29563.5,312713117696.0,34915422208.0
2019-01-29,29246.099609375,299639144448.0,36406022144.0
2019-01-30,28444.0,293605769216.0,28345614336.0
2019-01-31,28313.701171875,237100154880.0,36013846528.0
2019-02-01,28947.400390625,285585014784.0,31258302464.0
2019-02-11,30185.599609375,261551308800.0,36600512512.0
2019-02-12,31158.400390625,319604326400.0,44227276800.0
2019-02-13,33120.1015625,364894748672.0,56104554496.0
2019-02-14,34055.5,473748275200.0,50632507392.0
2019-02-15,34479.6015625,417098366976.0,50246553600.0
2019-02-18,37386.5,418036383744.0,65622933504.0
2019-02-19,39311.90234375,547282124800.0,72444362752.0
2019-02-20,40149.40234375,605403152384.0,61098385408.0
2019-02-21,41645.30078125,499013156864.0,72903647232.0
2019-02-22,44234.0,618152198144.0,71743021056.0
2019-02-25,51408.80078125,621799538688.0,117042790400.0
2019-02-26,55295.6015625,1039572336640.0,125298130944.0
2019-02-27,57195.40234375,1096803876864.0,102379675648.0
2019-02-28,57313.0,890591444992.0,77083885568.0
2019-03-01,58453.80078125,661846360064.0,74492502016.0
2019-03-04,62606.5,664030740480.0,113040580608.0
2019-03-05,65548.8046875,1045766602752.0,98633383936.0
2019-03-06,69450.5,895916179456.0,124591136768.0
2019-03-07,72908.8046875,1105579999232.0,126769119232.0
2019-03-08,72005.1015625,1165905362944.0,128569065472.0
2019-03-11,75054.1015625,1183357468672.0,98365546496.0
2019-03-12,78178.703125,943974318080.0,117348106240.0
2019-03-13,77295.203125,1136475373568.0,106796646400.0
2019-03-14,74802.8984375,1050620526592.0,85420195840.0
2019-03-15,74879.203125,812001263616.0,76234244096.0
2019-03-18,76672.703125,750021967872.0,83664945152.0
2019-03-19,76233.8984375,832140476416.0,78188961792.0
2019-03-20,75671.8984375,775293566976.0,80894926848.0
2019-03-21,76445.8984375,779560091648.0,92918890496.0
2019-03-22,76128.703125,885473804288.0,83167674368.0
2019-03-25,74868.1015625,801433845760.0,84016234496.0
2019-03-26,72566.1015625,818941001728.0,80146874368.0
2019-03-27,72110.703125,767965986816.0,66777116672.0
2019-03-28,70153.0,664504303616.0,65290653696.0
2019-03-29,72913.1015625,663436656640.0,80978354176.0
2019-04-01,77257.703125,835853418496.0,100447936512.0
2019-04-02,78723.0,1043182321664.0,100316987392.0
2019-04-03,80038.3984375,1037943439360.0,92072026112.0
2019-04-04,81344.5,932817403904.0,98196529152.0
2019-04-08,82304.703125,1004205047808.0,104826724352.0
2019-04-09,81857.8984375,1066348314624.0,80356081664.0
2019-04-10,81586.3984375,839788003328.0,85389041664.0
2019-04-11,79334.6015625,898436497408.0,79657852928.0
2019-04-12,77632.0,816912269312.0,66019094528.0
2019-04-15,76513.8984375,656874012672.0,75149221888.0
2019-04-16,77971.203125,775310475264.0,76907823104.0
2019-04-17,78249.203125,790674669568.0,81051336704.0
2019-04-18,76943.3046875,829807198208.0,74790043648.0
2019-04-19,76556.6015625,753088266240.0,72413044736.0
2019-04-22,75151.3984375,720098361344.0,78979375104.0
2019-04-23,73386.5,803874209792.0,73148481536.0
2019-04-24,72879.5,732690972672.0,64511819776.0
2019-04-25,69719.0,651998855168.0,75532361728.0
2019-04-26,67823.3984375,733039427584.0,62012309504.0
2019-04-29,65327.90234375,623705063424.0,64802582528.0
2019-04-30,64323.6015625,645424611328.0,48569315328.0
2019-05-06,59939.0,496305143808.0,68113698816.0
2019-05-07,59969.6015625,657286627328.0,54951940096.0
2019-05-08,58647.6015625,537754861568.0,52067627008.0
2019-05-09,56572.5,488542076928.0,44462907392.0
2019-05-10,58861.0,433813127168.0,62852349952.0
2019-05-13,57214.1015625,609894400000.0,48019197952.0
2019-05-14,55753.30078125,466044780544.0,46668021760.0
2019-05-15,56403.19921875,455380369408.0,51904917504.0
2019-05-16,56043.80078125,512602767360.0,55831191552.0
2019-05-17,54081.90234375,522031529984.0,61496922112.0
2019-05-20,53012.90234375,573470146560.0,48404430848.0
2019-05-21,53367.80078125,462514618368.0,49855512576.0
2019-05-22,52354.30078125,479310348288.0,48176525312.0
2019-05-23,50475.0,469158559744.0,47601115136.0
2019-05-24,48901.19921875,464464445440.0,39565352960.0
2019-05-27,49706.0,380759703552.0,46721568768.0
2019-05-28,49684.69921875,452504059904.0,49944199168.0
2019-05-29,49173.6015625,499228934144.0,44675604480.0
2019-05-30,48255.5,445801431040.0,46975819776.0
2019-05-31,47533.69921875,453415763968.0,44373450752.0
2019-06-03,46760.40234375,437339521024.0,48910802944.0
2019-06-04,45473.40234375,479023857664.0,42703687680.0
2019-06-05,44837.90234375,422310117376.0,40566317056.0
2019-06-06,43226.40234375,407643586560.0,40738738176.0
2019-06-10,43148.80078125,386545713152.0,37163941888.0
2019-06-11,45783.40234375,366598619136.0,57650524160.0
2019-06-12,45574.5,565165883392.0,53569802240.0
2019-06-13,45465.40234375,513251704832.0,48131768320.0
2019-06-14,44265.80078125,449653473280.0,48881487872.0
2019-06-17,43264.40234375,448748912640.0,35895304192.0
2019-06-18,42248.90234375,335588950016.0,34116311040.0
2019-06-19,43336.40234375,321672314880.0,50574823424.0
2019-06-20,45515.6015625,503834279936.0,60821995520.0
2019-06-21,47263.40234375,602739113984.0,63837732864.0
2019-06-24,47223.19921875,621455933440.0,49670901760.0
2019-06-25,46956.69921875,494858043392.0,52447072256.0
2019-06-26,45977.0,513137016832.0,39874846720.0
2019-06-27,46415.40234375,391565836288.0,45418409984.0
2019-06-28,45387.19921875,475605434368.0,42440040448.0
2019-07-01,47968.5,415313559552.0,58817626112.0
2019-07-02,48272.80078125,613764300800.0,52084928512.0
2019-07-03,47775.1015625,538460520448.0,47270457344.0
2019-07-04,47103.5,487926792192.0,42718797824.0
2019-07-05,46514.69921875,438334619648.0,35572465664.0
2019-07-08,45115.80078125,374072639488.0,47208665088.0
2019-07-09,44366.1015625,467895058432.0,33295130624.0
2019-07-10,43167.80078125,351639568384.0,32248233984.0
2019-07-11,42459.6015625,331400871936.0,33375733760.0
2019-07-12,41844.90234375,348292841472.0,32366133248.0
2019-07-15,42365.6015625,329858973696.0,40898146304.0
2019-07-16,41816.0,422270926848.0,34283900928.0
2019-07-17,41525.69921875,352301252608.0,38433161216.0
2019-07-18,40429.69921875,381370433536.0,37205262336.0
2019-07-19,40241.0,362925654016.0,34970542080.0
2019-07-22,39093.5,349816586240.0,38309314560.0
2019-07-23,38783.1015625,365468876800.0,29017307136.0
2019-07-24,39147.6015625,300348833792.0,36274364416.0
2019-07-25,39230.0,377422184448.0,35085889536.0
2019-07-26,38806.40234375,370120687616.0,31979593728.0
2019-07-29,38386.5,332120653824.0,30955362304.0
2019-07-30,38347.19921875,322879913984.0,34984341504.0
2019-07-31,37836.40234375,359520043008.0,32081498112.0
2019-08-01,37472.5,333009846272.0,32478849024.0
2019-08-02,37374.19921875,344709791744.0,40266805248.0
2019-08-05,37036.6015625,411766063104.0,36321148928.0
2019-08-06,37393.6015625,381713842176.0,49512251392.0
2019-08-07,36958.40234375,480931807232.0,34038444032.0
2019-08-08,37007.1015625,350422663168.0,32105152512.0
2019-08-09,36454.19921875,338347655168.0,33881372672.0
2019-08-12,37021.30078125,357797298176.0,31108909056.0
2019-08-13,36400.69921875,341093711872.0,29766162432.0
2019-08-14,36667.90234375,319887966208.0,34771488768.0
2019-08-15,36979.0,382125539328.0,36209979392.0
2019-08-16,37462.0,375824842752.0,36609875968.0
2019-08-19,40096.90234375,412703358976.0,51446566912.0
2019-08-20,40827.40234375,563572965376.0,48061349888.0
2019-08-21,41007.1015625,509771677696.0,40430931968.0
2019-08-22,41201.6015625,437077049344.0,40396013568.0
2019-08-23,41498.30078125,428905005056.0,41766756352.0
2019-08-26,41463.1015625,454326845440.0,42491379712.0
2019-08-27,43163.19921875,451186163712.0,51783884800.0
2019-08-28,43377.6015625,549000019968.0,46678765568.0
2019-08-29,43580.40234375,483929063424.0,44856049664.0
2019-08-30,43865.5,0.0,50426908672.0
2019-09-02,45619.5,545293336576.0,50236067840.0
2019-09-03,46495.1015625,546076786688.0,49520623616.0
2019-09-04,47668.30078125,547245883392.0,55345475584.0
2019-09-05,50331.90234375,593926553600.0,73343107072.0
2019-09-06,51086.19921875,787245301760.0,54600830976.0
2019-09-09,53420.30078125,622770454528.0,62881472512.0
2019-09-10,54049.80078125,708621697024.0,62014214144.0
2019-09-11,53965.30078125,688050536448.0,58002599936.0
2019-09-12,53935.80078125,635845607424.0,48458174464.0
2019-09-16,54116.0,529382277120.0,53906771968.0
2019-09-17,52981.80078125,576428441600.0,55025254400.0
2019-09-18,52530.40234375,580025843712.0,42297839616.0
2019-09-19,52514.0,480378388480.0,42631360512.0
2019-09-20,52463.19921875,484249862144.0,46191718400.0
2019-09-23,51793.6015625,541472620544.0,43847446528.0
2019-09-24,51801.5,502666330112.0,44626264064.0
2019-09-25,50518.90234375,538234519552.0,45215440896.0
2019-09-26,48971.1015625,516532731904.0,47525048320.0
2019-09-27,48435.5,528479911936.0,34704924672.0
2019-09-30,46609.6015625,391681802240.0,29861634048.0
2019-10-08,45800.30078125,340916436992.0,31322728448.0
2019-10-09,45368.1015625,366447001600.0,31824234496.0
2019-10-10,45633.5,360876277760.0,35605090304.0
2019-10-11,45644.90234375,415128092672.0,40426864640.0
2019-10-14,46887.0,451466428416.0,49336266752.0
2019-10-15,46029.69921875,528250929152.0,42154602496.0
2019-10-16,45527.6015625,453975277568.0,38171066368.0
2019-10-17,44762.19921875,417102790656.0,32805369856.0
2019-10-18,43817.69921875,355676487680.0,38640611328.0
2019-10-21,43246.19921875,408564072448.0,34087720960.0
2019-10-22,43073.90234375,363951620096.0,32384284672.0
2019-10-23,42156.69921875,351985434624.0,33738121216.0
2019-10-24,41558.40234375,358333218816.0,33217351680.0
2019-10-25,41823.40234375,352301809664.0,36029509632.0
2019-10-28,43511.19921875,398708703232.0,47048454144.0
2019-10-29,43628.40234375,510954897408.0,48557760512.0
2019-10-30,43385.30078125,529689083904.0,42855645184.0
2019-10-31,42973.1015625,457859301376.0,40265363456.0
2019-11-01,43498.69921875,441751928832.0,38489530368.0
2019-11-04,44001.1015625,428556517376.0,40510042112.0
2019-11-05,44474.6015625,463088451584.0,41574875136.0
2019-11-06,43982.80078125,470139797504.0,39490424832.0
2019-11-07,43899.90234375,440402411520.0,35072819200.0
2019-11-08,43636.90234375,387305766912.0,38113140736.0
2019-11-11,42600.19921875,438202204160.0,38681751552.0
2019-11-12,42114.40234375,413083533312.0,33379837952.0
2019-11-13,41544.69921875,357963038720.0,31171758080.0
2019-11-14,41524.80078125,351463309312.0,33236676608.0
2019-11-15,40812.1015625,379032305664.0,34622767104.0
2019-11-18,40783.5,391577337856.0,31405834240.0
2019-11-19,41471.69921875,351585206272.0,35959492608.0
2019-11-20,41128.90234375,410167541760.0,36619640832.0
2019-11-21,40584.6015625,416708558848.0,32386560000.0
2019-11-22,40460.40234375,352423444480.0,40711925760.0
2019-11-25,40338.6015625,462852816896.0,40268881920.0
2019-11-26,40432.1015625,413369368576.0,38579068928.0
2019-11-27,40062.0,388864835584.0,33504940032.0
2019-11-28,39289.40234375,350479089664.0,30090700800.0
2019-11-29,38803.1015625,311889461248.0,30539218944.0
2019-12-02,38606.80078125,336163536896.0,31257667584.0
2019-12-03,38524.40234375,337178951680.0,31486703616.0
2019-12-04,38344.90234375,340802207744.0,32581279744.0
2019-12-05,39094.6015625,349424189440.0,37081694208.0
2019-12-06,39524.6015625,417438597120.0,36079132672.0
2019-12-09,40074.0,403928088576.0,41340932096.0
2019-12-10,40721.6015625,450998108160.0,42453635072.0
2019-12-11,40814.80078125,448839876608.0,43180953600.0
2019-12-12,40934.90234375,453521047552.0,40537268224.0
2019-12-13,42728.1015625,438966255616.0,50365501440.0
2019-12-16,44902.40234375,557519142912.0,56200544256.0
2019-12-17,47724.30078125,614184714240.0,71491059712.0
2019-12-18,48916.69921875,741211308032.0,61999808512.0
2019-12-19,49265.1015625,652959285248.0,55338688512.0
2019-12-20,49102.19921875,567021731840.0,55801090048.0
2019-12-23,48225.30078125,561163075584.0,51191345152.0
2019-12-24,48514.0,526202404864.0,42565705728.0
2019-12-25,48687.40234375,435207667712.0,46415818752.0
2019-12-26,48938.69921875,492362465280.0,47323590656.0
2019-12-27,49388.80078125,492813910016.0,59684982784.0
2019-12-30,50628.80078125,622056964096.0,56891744256.0
2019-12-31,51001.40234375,602598801408.0,49818243072.0
2020-01-02,53802.30078125,525638828032.0,68300898304.0
2020-01-03,55070.80078125,741950357504.0,63313883136.0
2020-01-06,57276.80078125,685537886208.0,74908229632.0
2020-01-07,58835.69921875,791898685440.0,68802412544.0
2020-01-08,59106.0,720159768576.0,75665268736.0
2020-01-09,60515.19921875,765523984384.0,63678787584.0
2020-01-10,60325.0,693503131648.0,56328794112.0
2020-01-13,61427.40234375,629222866944.0,55301746688.0
2020-01-14,61501.19921875,656123166720.0,60356366336.0
2020-01-15,61008.30078125,686414036992.0,53075505152.0
2020-01-16,60555.19921875,599341400064.0,51793985536.0
2020-01-17,59925.5,596479311872.0,48896262144.0
2020-01-20,61147.40234375,581177114624.0,53563101184.0
2020-01-21,60735.30078125,653078495232.0,56877965312.0
2020-01-22,61657.5,669474947072.0,57065209856.0
2020-01-23,60942.5,684627460096.0,67043155968.0
2020-02-03,55712.1015625,784715350016.0,40495149056.0
2020-02-04,59061.5,496507518976.0,86933250048.0
2020-02-05,62096.0,884408057856.0,75783987200.0
2020-02-06,65553.703125,840678506496.0,79114469376.0
2020-02-07,67315.3984375,884188250112.0,79284125696.0
2020-02-10,68670.6015625,896905641984.0,75922333696.0
2020-02-11,68438.3984375,855416045568.0,68153503744.0
2020-02-12,69633.0,759190388736.0,66368270336.0
2020-02-13,69480.0,762266583040.0,72349368320.0
2020-02-14,69655.5,835835527168.0,66209357824.0
2020-02-17,72839.5,782309457920.0,78874968064.0
2020-02-18,74884.5,908975800320.0,83429777408.0
2020-02-19,75175.6015625,968271593472.0,84757127168.0
2020-02-20,78167.3046875,1009158782976.0,89247080448.0
2020-02-21,80806.3046875,1042609405952.0,95977013248.0
2020-02-24,83884.6015625,1137942200320.0,98601549824.0
2020-02-25,87248.203125,1194488233984.0,116644691968.0
2020-02-26,86180.1015625,1385670377472.0,114975834112.0
2020-02-27,86119.5,1283521511424.0,89674555392.0
2020-02-28,82353.0,1021913530368.0,100610277376.0
2020-03-02,85766.3984375,1101537345536.0,89416613888.0
2020-03-03,87530.203125,1004766363648.0,100602478592.0
2020-03-04,87406.1015625,1148159393792.0,86246899712.0
2020-03-05,89745.203125,970288791552.0,103351910400.0
2020-03-06,88388.8046875,1150891589632.0,89719431168.0
2020-03-09,85422.8046875,940409356288.0,99478323200.0
2020-03-10,88088.3984375,1067054202880.0,96996835328.0
2020-03-11,86171.3046875,1060593205248.0,87736082432.0
2020-03-12,83424.203125,954500579328.0,77012738048.0
2020-03-13,82702.5,824142266368.0,89131597824.0
2020-03-16,78721.6015625,948531691520.0,86859988992.0
2020-03-17,78081.703125,946101747712.0,75173904384.0
2020-03-18,76116.3046875,802345123840.0,74030260224.0
2020-03-19,76297.8046875,820869464064.0,73115148288.0
2020-03-20,75876.5,807720452096.0,62924222464.0
2020-03-23,71381.3984375,703649284096.0,63464505344.0
2020-03-24,71983.8046875,673201979392.0,65262891008.0
2020-03-25,73330.3984375,700149923840.0,68708937728.0
2020-03-26,71306.6015625,738702262272.0,60467003392.0
2020-03-27,69711.1015625,631342759936.0,58316382208.0
2020-03-30,67502.3046875,623118843904.0,59370729472.0
2020-03-31,66283.3984375,621899415552.0,53191630848.0
2020-04-01,64931.90234375,552892956672.0,54827933696.0
2020-04-02,65649.3046875,575902842880.0,54366228480.0
2020-04-03,64075.40234375,586471309312.0,51868426240.0
2020-04-07,66314.5,562917605376.0,66949861376.0
2020-04-08,65771.8046875,722093211648.0,63832813568.0
2020-04-09,65627.3046875,665458835456.0,61327147008.0
2020-04-10,63727.5,643473670144.0,62563618816.0
2020-04-13,61748.5,661026570240.0,47336321024.0
2020-04-14,62590.80078125,491779260416.0,53084880896.0
2020-04-15,61999.30078125,582260621312.0,58284449792.0
2020-04-16,61807.1015625,631922819072.0,54966579200.0
2020-04-17,62356.69921875,586159161344.0,64426795008.0
2020-04-20,62699.19921875,727988305920.0,54670348288.0
2020-04-21,62015.6015625,605358391296.0,58838069248.0
2020-04-22,61992.90234375,638500012032.0,55789223936.0
2020-04-23,61455.6015625,594007031808.0,62709018624.0
2020-04-24,59934.80078125,656111894528.0,60401463296.0
2020-04-27,59159.0,611524214784.0,52702326784.0
2020-04-28,59044.1015625,542987026432.0,63337648128.0
2020-04-29,58208.0,655875571712.0,48882094080.0
2020-04-30,59934.6015625,520328151040.0,58582339584.0
2020-05-06,61739.30078125,661699493888.0,59389722624.0
2020-05-07,61448.6015625,696723439616.0,56678227968.0
2020-05-08,62208.5,644528406528.0,57605767168.0
2020-05-11,62302.80078125,666268598272.0,56995004416.0
2020-05-12,61878.19921875,665295716352.0,50148384768.0
2020-05-13,61456.19921875,581578915840.0,47890640896.0
2020-05-14,60386.30078125,562230525952.0,51756040192.0
2020-05-15,60410.30078125,589288701952.0,50138013696.0
2020-05-18,60437.6015625,605290758144.0,58215591936.0
2020-05-19,60968.1015625,704788627456.0,50199220224.0
2020-05-20,60396.69921875,615923318784.0,54986117120.0
2020-05-21,59275.6015625,657830510592.0,51940036608.0
2020-05-22,57750.19921875,601296601088.0,50415378432.0
2020-05-25,56573.30078125,571912159232.0,41055543296.0
2020-05-26,57159.80078125,473958449152.0,44029845504.0
2020-05-27,56283.0,509113794560.0,48661696512.0
2020-05-28,55847.90234375,551443759104.0,50001809408.0
2020-05-29,55981.6015625,556875120640.0,49646096384.0
2020-06-01,58970.1015625,549187977216.0,64491339776.0
2020-06-02,59948.19921875,735214108672.0,67026608128.0
2020-06-03,60837.80078125,745568141312.0,66917568512.0
2020-06-04,60543.90234375,750995111936.0,57947017216.0
2020-06-05,60378.19921875,623788687360.0,55472492544.0
2020-06-08,60613.90234375,607372050432.0,58297487360.0
2020-06-09,60713.69921875,659526057984.0,53439811584.0
2020-06-10,60497.90234375,598327558144.0,52123656192.0
2020-06-11,60745.0,592233234432.0,58480807936.0
2020-06-12,61222.5,696260886528.0,58549010432.0
2020-06-15,61701.80078125,676948279296.0,62735171584.0
2020-06-16,63066.5,736341590016.0,57663660032.0
2020-06-17,63540.80078125,686472626176.0,61159899136.0
2020-06-18,64064.0,712596979712.0,63238475776.0
2020-06-19,65310.80078125,734159372288.0,61919297536.0
2020-06-22,66463.0,755535839232.0,63954026496.0
2020-06-23,66898.8984375,794510295040.0,56849981440.0
2020-06-24,66787.3046875,729306890240.0,52756852736.0
2020-06-29,66511.1015625,697085919232.0,54227677184.0
2020-06-30,67898.5,690670993408.0,53652656128.0
2020-07-01,69690.8046875,717553598464.0,66138849280.0
2020-07-02,73316.8984375,873854074880.0,86736576512.0
2020-07-03,77307.8046875,1047364108288.0,96669188096.0
2020-07-06,86571.8046875,1139543769088.0,132676354048.0
2020-07-07,93303.8046875,1519285698560.0,140374065152.0
2020-07-08,99065.703125,1683555221504.0,124996132864.0
2020-07-09,105573.1015625,1497093111808.0,137039044608.0
2020-07-10,107453.203125,1668036952064.0,124627615744.0
2020-07-13,113727.8046875,1561377767424.0,125960708096.0
2020-07-14,115044.0,1619114196992.0,127095840768.0
2020-07-15,113305.0,1642031874048.0,115346071552.0
2020-07-16,108386.6015625,1503004196864.0,109852606464.0
2020-07-17,107440.8046875,1408275447808.0,82697674752.0
2020-07-20,110517.3984375,1059767910400.0,90344136704.0
2020-07-21,109706.3046875,1134768029696.0,82399428608.0
2020-07-22,109921.703125,1052796059648.0,88374083584.0
2020-07-23,109905.6015625,1133692059648.0,92537872384.0
2020-07-24,105080.3046875,1188091920384.0,98246189056.0
2020-07-27,103454.6015625,1275812642816.0,69102592000.0
2020-07-28,102515.8046875,888750145536.0,67341852672.0
2020-07-29,104492.3046875,863891095552.0,75490344960.0
2020-07-30,103433.1015625,998047023104.0,80339730432.0
2020-07-31,104642.703125,1042914672640.0,83095928832.0
2020-08-03,108241.703125,1086493818880.0,96593338368.0
2020-08-04,108038.0,1266900271104.0,100153606144.0
2020-08-05,108729.8046875,1317452906496.0,88119025664.0
2020-08-06,108896.3984375,1144723996672.0,94215454720.0
2020-08-07,107634.6015625,1240817991680.0,90688413696.0
2020-08-10,107066.5,1211936145408.0,82762735616.0
2020-08-11,104519.1015625,1113741197312.0,86166298624.0
2020-08-12,102571.703125,1095466221568.0,82191654912.0
2020-08-13,100521.8046875,1040827613184.0,72292704256.0
2020-08-14,99468.8984375,843603378176.0,69005664256.0
2020-08-17,102125.3046875,819711115264.0,91553570816.0
2020-08-18,102223.203125,1115142094848.0,84722761728.0
2020-08-19,99614.5,1044259340288.0,87698989056.0
2020-08-20,96612.8984375,1045371486208.0,71832911872.0
2020-08-21,95559.8046875,839410188288.0,66611159040.0
2020-08-24,95444.203125,816349315072.0,67133800448.0
2020-08-25,94280.203125,866806267904.0,72818835456.0
2020-08-26,91845.5,913497522176.0,75261362176.0
2020-08-27,91317.8046875,942754758656.0,64557088768.0
2020-08-28,92369.0,805002412032.0,70623109120.0
2020-08-31,92850.8046875,913307992064.0,76914442240.0
2020-09-01,92297.5,1002539188224.0,64124243968.0
2020-09-02,92123.8046875,826337918976.0,77332209664.0
2020-09-03,90723.8984375,940255150080.0,73240813568.0
2020-09-04,89298.5,910916321280.0,65326665728.0
2020-09-07,87811.1015625,808763719680.0,79550726144.0
2020-09-08,87942.8046875,984369594368.0,79996461056.0
2020-09-09,85477.6015625,897185284096.0,98170331136.0
2020-09-10,82644.6015625,0.0,83711279104.0
2020-09-11,82300.5,849606934528.0,60128325632.0
2020-09-14,82384.0,663988535296.0,62839488512.0
2020-09-15,81372.0,744789114880.0,58448048128.0
2020-09-16,79209.3046875,702794366976.0,54912454656.0
2020-09-17,78254.0,663369678848.0,54804066304.0
2020-09-18,79353.1015625,716861341696.0,64168656896.0
2020-09-21,78298.6015625,805201641472.0,57759711232.0
2020-09-22,76189.5,727281958912.0,55866302464.0
2020-09-23,75392.8984375,674853945344.0,48093458432.0
2020-09-24,72492.203125,629885698048.0,54543134720.0
2020-09-25,70707.8984375,654207746048.0,43348021248.0
2020-09-28,68551.6015625,549245747200.0,40254050304.0
2020-09-29,67720.3984375,517510627328.0,39999721472.0
2020-09-30,66358.703125,523653873664.0,40144175104.0
2020-10-09,68449.0,519597555712.0,50100097024.0
2020-10-12,72596.203125,686270251008.0,68670275584.0
2020-10-13,73310.0,935770652672.0,58085969920.0
2020-10-14,73029.3046875,806879690752.0,57694015488.0
2020-10-15,72192.8046875,801740619776.0,54189957120.0
2020-10-16,71526.703125,736939999232.0,51452981248.0
2020-10-19,70800.5,685784236032.0,53759893504.0
2020-10-20,70865.703125,713357918208.0,47754121216.0
2020-10-21,69504.703125,645062262784.0,49130209280.0
2020-10-22,68460.3984375,682986569728.0,46405943296.0
2020-10-23,66818.1015625,642002583552.0,47258972160.0
2020-10-26,66475.0,663588503552.0,44045750272.0
2020-10-27,66046.5,614964723712.0,43368189952.0
2020-10-28,66607.8984375,611887742976.0,49262063616.0
2020-10-29,67244.3046875,708651450368.0,51375706112.0
2020-10-30,67223.0,753302175744.0,59922395136.0
2020-11-02,68831.0,835300687872.0,56033091584.0
2020-11-03,70493.3984375,783204679680.0,55046115328.0
2020-11-04,70538.5,755848249344.0,49706848256.0
2020-11-05,72853.8984375,705447460864.0,58737135616.0
2020-11-06,73267.203125,832148996096.0,59624235008.0
2020-11-09,77632.8046875,852069842944.0,73910697984.0
2020-11-10,78118.5,1037662945280.0,66679238656.0
2020-11-11,77105.203125,947070697472.0,61575024640.0
2020-11-12,76634.703125,836740972544.0,51434283008.0
2020-11-13,75939.203125,684517228544.0,51983613952.0
2020-11-16,76856.203125,703368331264.0,61044559872.0
2020-11-17,76768.3984375,774514278400.0,63934349312.0
2020-11-18,77137.8984375,826455752704.0,62925651968.0
2020-11-19,77240.3046875,795087994880.0,59511140352.0
2020-11-20,77455.203125,751059206144.0,58545164288.0
2020-11-23,79490.703125,727298539520.0,76948987904.0
2020-11-24,79408.3984375,927791382528.0,65086750720.0
2020-11-25,78448.8046875,802447360000.0,68532613120.0
2020-11-26,77585.8984375,836556619776.0,56914026496.0
2020-11-27,77305.203125,711362412544.0,58611953664.0
2020-11-30,78453.3984375,704347242496.0,75083644928.0
2020-12-01,80282.0,925003481088.0,68158857216.0
2020-12-02,80754.8046875,842280665088.0,69412880384.0
2020-12-03,80391.3046875,849879105536.0,66757095424.0
2020-12-04,80056.3046875,801312145408.0,57053827072.0
2020-12-07,79408.3984375,725210103808.0,56716492800.0
2020-12-08,78635.8046875,741321080832.0,51503112192.0
2020-12-09,77169.1015625,677351718912.0,59201331200.0
2020-12-10,76662.0,765471031296.0,53272723456.0
2020-12-11,76244.8984375,679427768320.0,63764185088.0
2020-12-14,76831.3046875,798281891840.0,52582219776.0
2020-12-15,76425.0,683559616512.0,50534100992.0
2020-12-16,75475.203125,682320396288.0,51272658944.0
2020-12-17,76583.1015625,667223785472.0,60037001216.0
2020-12-18,76417.6015625,763430633472.0,58863202304.0
2020-12-21,78474.703125,744403632128.0,62192660480.0
2020-12-22,78053.3046875,833499889664.0,70269779968.0
2020-12-23,79892.1015625,926925848576.0,66235461632.0
2020-12-24,78937.203125,899387752448.0,62579146752.0
2020-12-25,79519.6015625,795806138368.0,62733635584.0
2020-12-28,79999.3046875,766950768640.0,68376506368.0
2020-12-29,79121.703125,852057128960.0,67804569600.0
2020-12-30,80441.8984375,833678934016.0,63725740032.0
2020-12-31,82864.203125,813908557824.0,70193815552.0
2021-01-04,87262.3046875,925201203200.0,80954957824.0
2021-01-05,90883.3984375,1125011947520.0,85994979328.0
2021-01-06,92445.3046875,1227574214656.0,79675736064.0
2021-01-07,94717.703125,1130788028416.0,86722822144.0
2021-01-08,95593.8046875,1174628990976.0,75933278208.0
2021-01-11,95634.6015625,1096632762368.0,79536062464.0
2021-01-12,98397.6015625,1174162112512.0,70482427904.0
2021-01-13,99184.3046875,1060658675712.0,81420304384.0
2021-01-14,98233.5,1200188555264.0,73546620928.0
2021-01-15,98474.3984375,1080374067200.0,68249698304.0
2021-01-18,99987.1015625,999954448384.0,65883770880.0
2021-01-19,98860.0,957862313984.0,71226359808.0
2021-01-20,99148.1015625,1004740476928.0,60705705984.0
2021-01-21,101078.0,883627327488.0,73229910016.0
2021-01-22,101841.1015625,1051710652416.0,71430127616.0
2021-01-25,103129.203125,1072675946496.0,72398127104.0
2021-01-26,100605.8046875,1165010010112.0,62295150592.0
2021-01-27,99912.5,979780960256.0,59734290432.0
2021-01-28,96216.703125,892496969728.0,62016831488.0
2021-01-29,94705.203125,887167647744.0,65693339648.0
2021-02-01,94540.1015625,921812205568.0,60928397312.0
2021-02-02,95405.203125,827835088896.0,58900647936.0
2021-02-03,94258.703125,873254617088.0,63954956288.0
2021-02-04,92932.1015625,923247050752.0,64686837760.0
2021-02-05,91141.5,914237489152.0,60520038400.0
2021-02-08,91428.3046875,864558841856.0,52861833216.0
2021-02-09,93308.5,782250803200.0,54337748992.0
2021-02-10,94145.0,811258478592.0,53590765568.0
2021-02-18,95855.0,847391817728.0,70323314688.0
2021-02-19,97340.8046875,1053789913088.0,74592018432.0
2021-02-22,98327.203125,1015776477184.0,98123595776.0
2021-02-23,98064.1015625,1261259456512.0,79450169344.0
2021-02-24,96647.203125,995321380864.0,74709139456.0
2021-02-25,96076.3984375,1035525881856.0,72005410816.0
2021-02-26,93788.6015625,908211126272.0,67268120576.0
2021-03-01,95473.6015625,878647115776.0,65500061696.0
2021-03-02,94225.703125,844972752896.0,69086003200.0
2021-03-03,95048.5,889057443840.0,69761777664.0
2021-03-04,92561.8046875,834797305856.0,78198759424.0
2021-03-05,91876.0,941848526848.0,73256951808.0
2021-03-08,89547.5,853136637952.0,78472478720.0
2021-03-09,87810.5,949951922176.0,82547998720.0
2021-03-10,86767.8984375,959936659456.0,62086225920.0
2021-03-11,88421.6015625,729953861632.0,66362155008.0
2021-03-12,88029.0,778727325696.0,71992401920.0
2021-03-15,86061.3984375,794327646208.0,71499481088.0
2021-03-16,85477.3984375,785961189376.0,66849746944.0
2021-03-17,84878.3984375,717617954816.0,62335799296.0
2021-03-18,84408.703125,693721759744.0,62578896896.0
2021-03-19,82365.1015625,718532837376.0,65657057280.0
2021-03-22,82885.6015625,752453681152.0,67166744576.0
2021-03-23,81094.8984375,741979062272.0,69975097344.0
2021-03-24,79284.1015625,769149960192.0,67031486464.0
2021-03-25,78090.8984375,743786610688.0,60403163136.0
2021-03-26,79388.0,658444845056.0,61046423552.0
2021-03-29,79175.8984375,729391693824.0,62794850304.0
2021-03-30,79015.1015625,739516809216.0,62639919104.0
2021-03-31,77714.3984375,730992607232.0,58719965184.0
2021-04-01,77391.203125,669554376704.0,57425924096.0
2021-04-02,77406.8984375,636131409920.0,57320919040.0
2021-04-06,76719.3046875,688724508672.0,53678260224.0
2021-04-07,76483.1015625,638935236608.0,64475406336.0
2021-04-08,76065.203125,718726103040.0,69841567744.0
2021-04-09,74905.8984375,743557693440.0,60621000704.0
2021-04-12,73670.703125,673271054336.0,66337128448.0
2021-04-13,72761.703125,753695784960.0,59798360064.0
2021-04-14,73039.5,653058441216.0,55872069632.0
2021-04-15,72133.1015625,635539292160.0,56472121344.0
2021-04-16,72424.8984375,642090598400.0,60382658560.0
2021-04-19,75070.703125,669797449728.0,68160954368.0
2021-04-20,75547.703125,831513952256.0,65574076416.0
2021-04-21,75398.6015625,813101678592.0,58320244736.0
2021-04-22,75531.8046875,717132857344.0,56967544832.0
2021-04-23,75812.1015625,713493774336.0,58421104640.0
2021-04-26,76509.703125,751559639040.0,64506638336.0
2021-04-27,76302.3046875,870658932736.0,58025000960.0
2021-04-28,77156.1015625,736035864576.0,55767519232.0
2021-04-29,77478.3046875,754816778240.0,59207413760.0
2021-04-30,78159.8984375,790613196800.0,64092114944.0
2021-05-06,78749.0,831542853632.0,64595554304.0
2021-05-07,78408.1015625,845735854080.0,72284430336.0
2021-05-10,79594.5,855687233536.0,74019422208.0
2021-05-11,79842.6015625,830221320192.0,73072459776.0
2021-05-12,80319.5,820389871616.0,65701326848.0
2021-05-13,79206.8984375,741061885952.0,68885323776.0
2021-05-14,81196.1015625,776418689024.0,72481169408.0
2021-05-17,82559.703125,874823680000.0,68411228160.0
2021-05-18,82127.3984375,896392364032.0,58360721408.0
2021-05-19,81782.3984375,723788693504.0,60357947392.0
2021-05-20,81535.8046875,761020612608.0,68206874624.0
2021-05-21,81034.203125,832836599808.0,61093748736.0
2021-05-24,81402.8046875,777963044864.0,63038976000.0
2021-05-25,84346.5,813015564288.0,71543422976.0
2021-05-26,85244.3046875,973018300416.0,72645099520.0
2021-05-27,86102.203125,935624245248.0,68424781824.0
2021-05-28,87066.5,899749314560.0,73561153536.0
2021-05-31,89169.6015625,971689492480.0,70081069056.0
2021-06-01,90331.5,961509720064.0,74472914944.0
2021-06-02,89614.703125,994129412096.0,74593271808.0
2021-06-03,89120.0,961441169408.0,72336809984.0
2021-06-04,89629.203125,914248433664.0,68553973760.0
2021-06-07,90257.5,898264137728.0,66133176320.0
2021-06-08,89661.8984375,906344923136.0,67922231296.0
2021-06-09,89349.8984375,940518014976.0,66379472896.0
2021-06-10,90757.5,841978478592.0,72455282688.0
2021-06-11,91561.1015625,957834788864.0,80207224832.0
2021-06-15,91732.3046875,1070569750528.0,74659561472.0
2021-06-16,89483.703125,955137130496.0,68160688128.0
2021-06-17,90363.3046875,891192410112.0,62954246144.0
2021-06-18,91806.1015625,841091514368.0,68794892288.0
2021-06-21,93033.6015625,960475234304.0,67947503616.0
2021-06-22,93961.0,962753789952.0,71243489280.0
2021-06-23,95104.8046875,958432935936.0,70868598784.0
2021-06-24,94188.5,1012569800704.0,72107253760.0
2021-06-25,95775.1015625,960354320384.0,73510494208.0
2021-06-28,96478.8984375,1004233752576.0,69313617920.0
2021-06-29,95518.703125,962187427840.0,67424481280.0
2021-06-30,96002.8046875,945939873792.0,61387276288.0
2021-07-01,94514.5,880396271616.0,67097411584.0
2021-07-02,93524.5,960582123520.0,63963525120.0
2021-07-05,94836.0,946166956032.0,64588001280.0
2021-07-06,95314.8984375,946581340160.0,70316171264.0
2021-07-07,97158.8984375,1055234392064.0,69365489664.0
2021-07-08,98242.5,993496465408.0,77909999616.0
2021-07-09,99241.1015625,1130697195520.0,76270821376.0
2021-07-12,102921.8046875,1070481342464.0,87830528000.0
2021-07-13,103986.703125,1255861125120.0,82686164992.0
2021-07-14,103078.5,1160751218688.0,84584816640.0
2021-07-15,104171.703125,1165022199808.0,81477517312.0
2021-07-16,104176.1015625,1121307328512.0,79990259712.0
2021-07-19,103938.3984375,1129387261952.0,75645263872.0
2021-07-20,103468.203125,1074828017664.0,66769862656.0
2021-07-21,106214.8984375,924849930240.0,78228668416.0
2021-07-22,108083.8046875,1155739418624.0,86039379968.0
2021-07-23,108727.3984375,1226931830784.0,96337371136.0
2021-07-26,108787.6015625,1311891390464.0,94160543744.0
2021-07-27,107722.8984375,1344791511040.0,97855266816.0
2021-07-28,106868.5,1432877006848.0,86058549248.0
2021-07-29,111161.5,1196894584832.0,77039697920.0
2021-07-30,112466.1015625,1173252603904.0,84333920256.0
2021-08-02,116518.3984375,1255411023872.0,92481667072.0
2021-08-03,115523.1015625,1427592839168.0,89464389632.0
2021-08-04,118324.1015625,1335249469440.0,78240251904.0
2021-08-05,117422.3046875,1215265767424.0,80683237376.0
2021-08-06,117051.0,1214955913216.0,76651692032.0
2021-08-09,117013.5,1148948316160.0,78637391872.0
2021-08-10,118148.0,1183836667904.0,80739606528.0
2021-08-11,118607.203125,1277246570496.0,86167085056.0
2021-08-12,118648.3984375,1216002129920.0,87101718528.0
2021-08-13,117942.203125,1238075047936.0,85530542080.0
2021-08-16,116545.8046875,1228021301248.0,85171101696.0
2021-08-17,113673.1015625,1191155859456.0,92070731776.0
2021-08-18,114309.5,1249704148992.0,82534514688.0
2021-08-19,114456.0,1142623174656.0,82554691584.0
2021-08-20,113928.703125,1158634799104.0,82085691392.0
2021-08-23,116993.3046875,1194838196224.0,85401387008.0
2021-08-24,118815.3046875,1254867468288.0,92634251264.0
2021-08-25,119767.6015625,1338531905536.0,91363713024.0
2021-08-26,118787.8984375,1246751096832.0,100990550016.0
2021-08-27,119706.3046875,1307937734656.0,95585230848.0
2021-08-30,122302.1015625,1285788663808.0,105175932928.0
2021-08-31,123495.8046875,1508781981696.0,104262057984.0
2021-09-01,124446.1015625,1419544887296.0,125545447424.0
2021-09-02,126626.5,1648553099264.0,108270469120.0
2021-09-03,126282.1015625,1380563681280.0,120019681280.0
2021-09-06,128113.8046875,1518463614976.0,104287559680.0
2021-09-07,130425.703125,1375551619072.0,106955235328.0
2021-09-08,130831.8046875,1350900645888.0,118646202368.0
2021-09-09,131227.5,1424270557184.0,116586012672.0
2021-09-10,132400.796875,1384817098752.0,119784251392.0
2021-09-13,132929.703125,1488024371200.0,109686931456.0
2021-09-14,132008.5,1412259905536.0,113192968192.0
2021-09-15,131617.0,1461174796288.0,98149801984.0
2021-09-16,128536.1015625,1310748966912.0,110826848256.0
2021-09-17,127706.8984375,1430318612480.0,101629460480.0
2021-09-22,126643.0,0.0,89955950592.0
2021-09-23,126480.8984375,1111659905024.0,104201756672.0
2021-09-24,123795.3984375,1283022389248.0,98782363648.0
2021-09-27,120781.0,1243844444160.0,101383053312.0
2021-09-28,119075.6015625,1321633841152.0,81911963648.0
2021-09-29,114085.8984375,1011274678272.0,85763547136.0
2021-09-30,114707.8046875,1041841389568.0,74227179520.0
2021-10-08,113586.6015625,918454075392.0,80248963072.0
2021-10-11,111507.5,1028729405440.0,76248014848.0
2021-10-12,108040.0,960630489088.0,79265087488.0
2021-10-13,107004.0,963138748416.0,65891835904.0
2021-10-14,105399.203125,858330628096.0,63018074112.0
2021-10-15,104785.3046875,829767745536.0,69661409280.0
2021-10-18,105064.8984375,950749102080.0,69533097984.0
2021-10-19,105303.0,964000088064.0,68575711232.0
2021-10-20,104811.1015625,937345548288.0,71421591552.0
2021-10-21,103911.6015625,980268089344.0,71762108416.0
2021-10-22,102402.8984375,957227008000.0,72814731264.0
2021-10-25,103478.8046875,977022681088.0,67656142848.0
2021-10-26,103124.8046875,972444532736.0,71595933696.0
2021-10-27,102393.3984375,1035757158400.0,73955557376.0
2021-10-28,100607.8046875,1030289358848.0,76023046144.0
2021-10-29,102687.0,1059856384000.0,73012953088.0
2021-11-01,104158.8046875,1087162548224.0,78226980864.0
2021-11-02,104173.3046875,1167503917056.0,85095038976.0
2021-11-03,103401.3046875,1202704482304.0,65958469632.0
2021-11-04,104588.6015625,956872523776.0,69544304640.0
2021-11-05,103339.0,1031697989632.0,79037538304.0
2021-11-08,103574.203125,1102318272512.0,69071626240.0
2021-11-09,103671.6015625,993095319552.0,66701152256.0
2021-11-10,103263.6015625,962376040448.0,72445501440.0
2021-11-11,104310.5,1031176585216.0,76527132672.0
2021-11-12,104794.6015625,1065633251328.0,74590527488.0
2021-11-15,104322.1015625,1039813771264.0,76686458880.0
2021-11-16,103388.703125,1096328282112.0,75784052736.0
2021-11-17,104369.5,1060898275328.0,70442156032.0
2021-11-18,103860.3046875,985323732992.0,78103937024.0
2021-11-19,104973.203125,1067113775104.0,77022625792.0
2021-11-22,107553.8984375,1060186095616.0,79540256768.0
2021-11-23,108005.8984375,1187025780736.0,82961809408.0
2021-11-24,108091.0,1165818986496.0,80413032448.0
2021-11-25,107246.3984375,1142382395392.0,74329251840.0
2021-11-26,106736.6015625,1057236320256.0,73274277888.0
2021-11-29,107544.0,1046305439744.0,75815428096.0
2021-11-30,108158.0,1111609442304.0,81094000640.0
2021-12-01,108180.1015625,1158820528128.0,78081654784.0
2021-12-02,107252.8046875,1088169639936.0,82321195008.0
2021-12-03,108037.8984375,1099901960192.0,80247480320.0
2021-12-06,107278.203125,1085789831168.0,87665532928.0
2021-12-07,106916.8046875,1150586060800.0,84483350528.0
2021-12-08,108631.8046875,1149770792960.0,76162064384.0
2021-12-09,110407.6015625,1057838989312.0,89391529984.0
2021-12-10,111277.5,1213097181184.0,86312910848.0
2021-12-13,112898.703125,1170030723072.0,89023414272.0
2021-12-14,112161.8984375,1217820098560.0,81537212416.0
2021-12-15,111308.6015625,1093986877440.0,84394295296.0
2021-12-16,111606.0,1082932461568.0,84794818560.0
2021-12-17,109963.8046875,1067773263872.0,90404446208.0
2021-12-20,107884.6015625,1111888625664.0,92015951872.0
2021-12-21,107926.6015625,1108552974336.0,88127225856.0
2021-12-22,107670.5,960751730688.0,91842969600.0
2021-12-23,107518.6015625,1021153378304.0,86792880128.0
2021-12-24,105731.3046875,1037855293440.0,88961630208.0
2021-12-27,104758.3046875,1087672483840.0,75858558976.0
2021-12-28,104751.8046875,937326673920.0,74135314432.0
2021-12-29,103461.5,963806232576.0,72278990848.0
2021-12-30,103848.703125,960150241280.0,75514585088.0
2021-12-31,104224.3984375,972851445760.0,79008153600.0
2022-01-04,105566.8984375,1013604155392.0,96568918016.0
2022-01-05,105196.6015625,1212798992384.0,99813834752.0
2022-01-06,105759.203125,1253631066112.0,87659847680.0
2022-01-07,104910.1015625,1090982510592.0,98863882240.0
2022-01-10,105097.8984375,1159012286464.0,81047805952.0
2022-01-11,103752.203125,1001835003904.0,82681135104.0
2022-01-12,104956.1015625,1006838087680.0,79996018688.0
2022-01-13,103265.6015625,1006176567296.0,85588590592.0
2022-01-14,103500.1015625,1041827102720.0,87301046272.0
2022-01-17,104904.203125,1045995716608.0,80731201536.0
2022-01-18,104839.3984375,1052430434304.0,91451465728.0
2022-01-19,103817.8046875,1133279707136.0,80752803840.0
2022-01-20,102696.5,1016448483328.0,88720498688.0
2022-01-21,100459.703125,1079358128128.0,75625529344.0
2022-01-24,99373.8984375,938315218944.0,64474533888.0
2022-01-25,95282.5,822399074304.0,76463464448.0
2022-01-26,94374.203125,894573543424.0,61098934272.0
2022-01-27,90653.203125,750153236480.0,64223907840.0
2022-01-28,89683.0,780815171584.0,64010960896.0
2022-02-07,90234.703125,781524336640.0,68347838464.0
2022-02-08,90473.6015625,789043544064.0,75159044096.0
2022-02-09,92008.8046875,843644076032.0,77160669184.0
2022-02-10,91690.3984375,895151374336.0,75514847232.0
2022-02-11,90612.3984375,895530958848.0,79367569408.0
2022-02-14,89633.8984375,953460195328.0,70010585088.0
2022-02-15,89849.703125,833209171968.0,63917367296.0
2022-02-16,89554.8046875,792754257920.0,64291708928.0
2022-02-17,89472.203125,774714490880.0,71884070912.0
2022-02-18,89012.5,874572611584.0,67670925312.0
2022-02-21,89516.6015625,777496756224.0,74153435136.0
2022-02-22,89124.6015625,867249946624.0,77503684608.0
2022-02-23,91320.6015625,943272099840.0,77016678400.0
2022-02-24,92364.6015625,994781888512.0,110539235328.0
2022-02-25,93561.3984375,1311038504960.0,80302374912.0
2022-02-28,93823.203125,972235407360.0,73339600896.0
2022-03-01,94102.3046875,898735144960.0,71617314816.0
2022-03-02,93284.0,926331371520.0,72214601728.0
2022-03-03,92933.1015625,861576495104.0,85571223552.0
2022-03-04,91884.6015625,970555392000.0,83366199296.0
2022-03-07,90745.3046875,966136365056.0,81529675776.0
2022-03-08,89295.8984375,982369173504.0,89135194112.0
2022-03-09,90398.5,1062270599168.0,97589714944.0
2022-03-10,92886.0,1112661032960.0,82505392128.0
2022-03-11,93869.8046875,1028469293056.0,81958322176.0
2022-03-14,91042.0,997420957696.0,73964306432.0
2022-03-15,88266.3046875,920630722560.0,94470184960.0
2022-03-16,93421.5,1073989615616.0,94301552640.0
2022-03-17,96820.703125,1137560256512.0,93880819712.0
2022-03-18,97144.1015625,1216374505472.0,81589960704.0
2022-03-21,97661.203125,947723239424.0,81705000960.0
2022-03-22,96388.203125,968434647040.0,81522614272.0
2022-03-23,95767.1015625,922971078656.0,79124267008.0
2022-03-24,94238.203125,905146793984.0,76123332608.0
2022-03-25,92057.8046875,883519586304.0,76947070976.0
2022-03-28,90754.8046875,884536901632.0,76110782464.0
2022-03-29,89390.5,840278736896.0,73395011584.0
2022-03-30,91196.8984375,832309624832.0,80974012416.0
2022-03-31,90349.203125,923150516224.0,88903557120.0
2022-04-01,90240.0,975071150080.0,84146683904.0
2022-04-06,90349.203125,904112308224.0,90571358208.0
2022-04-07,88237.0,930365505536.0,87336886272.0
2022-04-08,87913.8984375,892208676864.0,86858227712.0
2022-04-11,85557.8046875,894798266368.0,87943380992.0
2022-04-12,86867.3046875,932566925312.0,86077702144.0
2022-04-13,85000.8046875,886061203456.0,82348482560.0
2022-04-14,85954.0,846960263168.0,77071384576.0
2022-04-15,84877.8984375,836591353856.0,83871678464.0
2022-04-18,84165.8046875,880102277120.0,70443073536.0
2022-04-19,83634.5,747459051520.0,69049925632.0
2022-04-20,81547.5,750951333888.0,75453923328.0
2022-04-21,79082.3046875,792387518464.0,81376903168.0
2022-04-22,78050.1015625,826798571520.0,70744039424.0
2022-04-25,74068.3046875,723558727680.0,88129921024.0
2022-04-26,73087.8046875,862904713216.0,82662555648.0
2022-04-27,77163.203125,806881263616.0,89003679744.0
2022-04-28,77269.3984375,881211080704.0,77613981696.0
2022-04-29,81370.8984375,804409966592.0,87927152640.0
2022-05-05,82728.3046875,924593487872.0,78398177280.0
2022-05-06,80483.3984375,862827053056.0,71113031680.0
2022-05-09,79745.3046875,728646549504.0,62435360768.0
2022-05-10,81092.8046875,643062562816.0,77366427648.0
2022-05-11,83471.203125,809818587136.0,91993980928.0
2022-05-12,82938.6015625,1031796228096.0,74063175680.0
2022-05-13,82505.3046875,785276993536.0,70962962432.0
2022-05-16,81804.3046875,726840442880.0,73889431552.0
2022-05-17,81679.703125,754074583040.0,70993289216.0
2022-05-18,81063.8046875,756271022080.0,70192857088.0
2022-05-19,81411.8984375,739821223936.0,74279673856.0
2022-05-20,83069.203125,770953379840.0,81044348928.0
2022-05-23,83715.203125,881943511040.0,76585181184.0
2022-05-24,81509.5,823577673728.0,89610985472.0
2022-05-25,81953.703125,949486354432.0,71066132480.0
2022-05-26,82072.0,733259956224.0,76410068992.0
2022-05-27,81866.6015625,792532746240.0,75022852096.0
2022-05-30,82195.3046875,785860067328.0,71640563712.0
2022-05-31,83723.1015625,778941693952.0,78430355456.0
2022-06-01,83952.3984375,890207469568.0,76354609152.0
2022-06-02,84632.203125,836395532288.0,74988265472.0
2022-06-06,88278.8046875,825612697600.0,86612369408.0
2022-06-07,89333.3046875,1026050949120.0,84531257344.0
2022-06-08,91162.0,974670856192.0,89879175168.0
2022-06-09,90162.5,1034112270336.0,84817690624.0
2022-06-10,92883.8046875,927330729984.0,87065698304.0
2022-06-13,93971.5,990371184640.0,89564495872.0
2022-06-14,95359.3984375,1039792013312.0,93076996096.0
2022-06-15,97684.3984375,1048956305408.0,110302912512.0
2022-06-16,98226.5,1251046064128.0,91444174848.0
2022-06-17,99828.703125,1035135025152.0,85133828096.0
2022-06-20,101517.3046875,1042949996544.0,88008712192.0
2022-06-21,100834.8046875,1110348005376.0,87743365120.0
2022-06-22,99304.8046875,1030885408768.0,80615563264.0
2022-06-23,101540.8046875,945646796800.0,86322610176.0
2022-06-24,103339.5,1023812698112.0,88315527168.0
2022-06-27,105668.3046875,1099017682944.0,91843117056.0
2022-06-28,107884.3046875,1170006867968.0,93540327424.0
2022-06-29,106434.203125,1161795207168.0,100707139584.0
2022-06-30,107955.6015625,1251726721024.0,87209271296.0
2022-07-01,107124.6015625,1102352220160.0,79553708032.0
2022-07-04,108098.5,999404797952.0,80341827584.0
2022-07-05,108149.1015625,1069770014720.0,89415647232.0
2022-07-06,106463.3046875,1127239254016.0,82409422848.0
2022-07-07,106927.1015625,1030537019392.0,77662543872.0
2022-07-08,105407.5,996973477888.0,77616676864.0
2022-07-11,103109.203125,976967827456.0,78350802944.0
2022-07-12,100805.8984375,958420811776.0,76849070080.0
2022-07-13,100654.5,925575151616.0,76746162176.0
2022-07-14,101065.8984375,895760203776.0,81442676736.0
2022-07-15,99903.8984375,975999139840.0,87493025792.0
2022-07-18,101343.8984375,1037761511424.0,81019117568.0
2022-07-19,100749.3046875,968225062912.0,79009505280.0
2022-07-20,100658.0,946602311680.0,75064934400.0
2022-07-21,99316.5,904247640064.0,80630611968.0
2022-07-22,98433.6015625,960052330496.0,75357675520.0
2022-07-25,95812.5,888170872832.0,69362393088.0
2022-07-26,95411.3984375,811271847936.0,67236507648.0
2022-07-27,94830.203125,787303694336.0,68158779392.0
2022-07-28,95167.203125,815654240256.0,77924089856.0
2022-07-29,94670.5,945421025280.0,77999005696.0
2022-08-01,95435.703125,956043821056.0,73443975168.0
2022-08-02,93982.703125,935874920448.0,97455423488.0
2022-08-03,93725.6015625,1113313509376.0,83386605568.0
2022-08-04,93678.6015625,1036834373632.0,67550298112.0
2022-08-05,94752.8984375,838452051968.0,71086850048.0
2022-08-08,95369.0,909720092672.0,66161143808.0
2022-08-09,95318.6015625,872394129408.0,66942599168.0
2022-08-10,94786.3046875,882490998784.0,67058315264.0
2022-08-11,96337.0,894953586688.0,77402333184.0
2022-08-12,95341.8984375,995746578432.0,77491904512.0
2022-08-15,95782.5,928353878016.0,73150652416.0
2022-08-16,96195.8984375,915733479424.0,78070718464.0
2022-08-17,96815.1015625,957212131328.0,82467291136.0
2022-08-18,97080.703125,1010458099712.0,78845968384.0
2022-08-19,95983.5,979885948928.0,83489333248.0
2022-08-22,96796.1015625,1041998741504.0,76414713856.0
2022-08-23,96907.203125,956508602368.0,76400803840.0
2022-08-24,94550.8046875,940067651584.0,89257795584.0
2022-08-25,94099.203125,1057587920896.0,79154905088.0
2022-08-26,92980.3984375,929087946752.0,72121589760.0
2022-08-29,92587.1015625,872880930816.0,68106326016.0
2022-08-30,90854.3984375,791328587776.0,69336506368.0
2022-08-31,89009.1015625,789349072896.0,79162949632.0
2022-09-01,87552.1015625,944074391552.0,65711161344.0
2022-09-02,86892.6015625,744842526720.0,61140963328.0
2022-09-05,86260.3984375,696869847040.0,63542579200.0
2022-09-06,87716.1015625,719593275392.0,71080820736.0
2022-09-07,87950.8046875,819708035072.0,70731513856.0
2022-09-08,86199.0,816960307200.0,66703867904.0
2022-09-09,85660.8046875,743963033600.0,65087389696.0
2022-09-13,84997.203125,734863425536.0,63231344640.0
2022-09-14,83157.703125,728458788864.0,60144791552.0
2022-09-15,81616.8984375,679663370240.0,75619221504.0
2022-09-16,79655.3984375,863415762944.0,69907341312.0
2022-09-19,78078.6015625,752693215232.0,56907902976.0
2022-09-20,77901.8046875,620135251968.0,53222404096.0
2022-09-21,76677.8046875,612180033536.0,55781265408.0
2022-09-22,75461.203125,598532554752.0,53432025088.0
2022-09-23,73509.8984375,600290295808.0,57408200704.0
2022-09-26,72366.6015625,626019794944.0,57772281856.0
2022-09-27,73144.8046875,626622529536.0,54276046848.0
2022-09-28,70508.6015625,623797141504.0,54416883712.0
2022-09-29,69876.3984375,608851525632.0,53531058176.0
2022-09-30,67888.0,585081552896.0,47882911744.0
2022-10-10,66292.3046875,0.0,53186113536.0
2022-10-11,66084.3984375,583058194432.0,47760220160.0
2022-10-12,68295.8984375,525354860544.0,58383003648.0
2022-10-13,68804.3046875,662060007424.0,59052281856.0
2022-10-14,71971.8046875,679107297280.0,65333837824.0
2022-10-17,73375.6015625,797991370752.0,63040356352.0
2022-10-18,74051.3046875,740793974784.0,62013054976.0
2022-10-19,73391.6015625,734524604416.0,58430353408.0
2022-10-20,73414.703125,704828735488.0,60621291520.0
2022-10-21,73205.0,730207289344.0,57641742336.0
2022-10-24,73374.3984375,655149891584.0,69139111936.0
2022-10-25,73807.8984375,817873223680.0,63493431296.0
2022-10-26,76302.6015625,743542489088.0,69164007424.0
2022-10-27,76928.5,842227253248.0,67664138240.0
2022-10-28,75683.703125,850927616000.0,71759446016.0
2022-10-31,77042.6015625,838501728256.0,67974275072.0
2022-11-01,80776.3984375,805303812096.0,72920383488.0
2022-11-02,83685.8984375,905669115904.0,77407076352.0
2022-11-03,83919.0,970104700928.0,64532746240.0
2022-11-04,87723.8984375,810243391488.0,77977083904.0
2022-11-07,88721.8046875,1000822145024.0,76020662272.0
2022-11-08,87718.1015625,931697852416.0,64318685184.0
2022-11-09,86315.8046875,775153057792.0,61749075968.0
2022-11-10,85077.6015625,725009694720.0,68166885376.0
2022-11-11,88273.6015625,778680205312.0,98963005440.0
2022-11-14,89231.0,1143630856192.0,86593314816.0
2022-11-15,92094.203125,1003168071680.0,81862926336.0
2022-11-16,91203.3046875,982701572096.0,75580563456.0
2022-11-17,90975.5,881007788032.0,71167737856.0
2022-11-18,90571.1015625,848688316416.0,77733117952.0
2022-11-21,89865.8046875,912804478976.0,66403786752.0
2022-11-22,88212.203125,792858263552.0,74663600128.0
2022-11-23,87196.5,826937245696.0,71730290688.0
2022-11-24,86066.8984375,773168496640.0,63187296256.0
2022-11-25,84207.8046875,698922303488.0,66867732480.0
2022-11-28,83098.6015625,693458829312.0,66932682752.0
2022-11-29,85800.8984375,711359201280.0,84788797440.0
2022-11-30,86239.703125,910942732288.0,83706363904.0
2022-12-01,88200.3984375,877797638144.0,86804316160.0
2022-12-02,87739.3046875,997232017408.0,72357945344.0
2022-12-05,89798.8984375,809476751360.0,92107169792.0
2022-12-06,90237.3984375,995052683264.0,81578590208.0
2022-12-07,90418.703125,939440013312.0,78688608256.0
2022-12-08,89572.3046875,896205914112.0,74809376768.0
2022-12-09,90528.5,818153455616.0,82039611392.0
2022-12-12,89919.5,934255263744.0,74927652864.0
2022-12-13,88447.3046875,848587915264.0,68323946496.0
2022-12-14,87231.1015625,767054053376.0,66007564288.0
2022-12-15,86267.1015625,759314710528.0,62583549952.0
2022-12-16,84641.6015625,723714375680.0,65240809472.0
2022-12-19,82015.8984375,717667631104.0,66899607552.0
2022-12-20,79491.203125,717596459008.0,53874950144.0
2022-12-21,77154.1015625,607514918912.0,49633726464.0
2022-12-22,75269.8046875,543622266880.0,56263372800.0
2022-12-23,73422.8046875,624699572224.0,49878638592.0
2022-12-26,73500.5,549996068864.0,51528531968.0
2022-12-27,73208.6015625,584274804736.0,56036188160.0
2022-12-28,71883.8046875,627889799168.0,56181489664.0
2022-12-29,70643.3046875,615046447104.0,53018628096.0
2022-12-30,69917.1015625,580094394368.0,53195227136.0
2023-01-03,71836.8046875,570862075904.0,66764713984.0
2023-01-04,72258.203125,741520572416.0,67518685184.0
2023-01-05,73949.8046875,740202512384.0,65705324544.0
2023-01-06,74681.0,795859288064.0,65269907456.0
2023-01-09,75677.8984375,786339004416.0,60770877440.0
2023-01-10,75681.8984375,759102767104.0,56504180736.0
2023-01-11,74944.8046875,703551242240.0,57649692672.0
2023-01-12,74434.8984375,695573676032.0,54724558848.0
2023-01-13,74463.203125,640338624512.0,54227415040.0
2023-01-16,76897.0,660745617408.0,68580265984.0
2023-01-17,76380.203125,856662212608.0,54718713856.0
2023-01-18,75462.6015625,657703108608.0,51680890880.0
2023-01-19,75445.3984375,595422806016.0,54222553088.0
2023-01-20,76218.8984375,638877630464.0,60638552064.0
2023-01-30,79626.203125,702944313344.0,82391121920.0
2023-01-31,80391.3984375,995894951936.0,73313337344.0
2023-02-01,83237.203125,845537148928.0,82440060928.0
2023-02-02,84674.8046875,945262297088.0,80867319808.0
2023-02-03,84883.3984375,956827566080.0,72753070080.0
2023-02-06,84508.203125,856563777536.0,67739025408.0
2023-02-07,84580.203125,814911782912.0,67802300416.0
2023-02-08,83464.5,786697814016.0,65014054912.0
2023-02-09,85024.203125,752051683328.0,68152016896.0
2023-02-10,84698.3984375,834801238016.0,70290096128.0
2023-02-13,86517.703125,826655309824.0,74864664576.0
2023-02-14,86654.3046875,912497836032.0,70545760256.0
2023-02-15,87073.8046875,855124344832.0,71933190144.0
2023-02-16,87593.5,873910697984.0,96480288768.0
2023-02-17,86526.8984375,1117439131648.0,71726653440.0
2023-02-20,88580.0,857846972416.0,75015643136.0
2023-02-21,88952.1015625,894991925248.0,74160955392.0
2023-02-22,87737.3046875,868653924352.0,61319974912.0
2023-02-23,86649.0,736405422080.0,63314452480.0
2023-02-24,85021.8046875,758712565760.0,54996770816.0
2023-02-27,83582.703125,680461402112.0,56717369344.0
2023-02-28,83559.3046875,701470212096.0,58482720768.0
2023-03-01,84951.703125,704062554112.0,71632805888.0
2023-03-02,85098.8984375,859312947200.0,74221936640.0
2023-03-03,85058.6015625,872846196736.0,71485440000.0
2023-03-06,85802.5,810306568192.0,70918127616.0
2023-03-07,84702.8984375,883222642688.0,78192599040.0
2023-03-08,83979.8984375,873568534528.0,56074223616.0
2023-03-09,83066.203125,666868711424.0,57755717632.0
2023-03-10,81599.3046875,697363136512.0,62618697728.0
2023-03-13,82402.203125,748068012032.0,64237883392.0
2023-03-14,82446.8984375,779661803520.0,69821554688.0
2023-03-15,82485.8984375,858069336064.0,63822815232.0
2023-03-16,81363.3984375,748510707712.0,66857148416.0
2023-03-17,83273.1015625,781999013888.0,72878104576.0
2023-03-20,84542.5,889660440576.0,81020395520.0
2023-03-21,85719.5,968488452096.0,67251613696.0
2023-03-22,86804.8046875,824524013568.0,71939235840.0
2023-03-23,88356.0,881828954112.0,72353300480.0
2023-03-24,89517.703125,927984975872.0,78271258624.0
2023-03-27,91008.203125,983220027392.0,81112334336.0
2023-03-28,90121.8046875,1044618739712.0,72373633024.0
2023-03-29,90105.8984375,924188672000.0,69216788480.0
2023-03-30,89942.1015625,893616062464.0,67528622080.0
2023-03-31,90988.5,865454850048.0,66673733632.0
2023-04-03,94836.5,873085140992.0,83274620928.0
2023-04-04,96929.3984375,1140090077184.0,86682918912.0
2023-04-06,97901.703125,1190586744832.0,75487076352.0
2023-04-07,98551.3046875,1055770083328.0,68796465152.0
2023-04-10,97975.1015625,941180780544.0,79273795584.0
2023-04-11,98331.5,1092731797504.0,72211685376.0
2023-04-12,99621.6015625,973319372800.0,77359595520.0
2023-04-13,98554.703125,1024549781504.0,79611355136.0
2023-04-14,99385.203125,1031995981824.0,75424776192.0
2023-04-17,99861.5,998516129792.0,80387268608.0
2023-04-18,99762.8984375,1014516744192.0,72660656128.0
2023-04-19,99404.3984375,963589832704.0,74052796416.0
2023-04-20,100578.703125,978322063360.0,75669053440.0
2023-04-21,98400.5,1012707688448.0,83764461568.0
2023-04-24,98044.3046875,1094193512448.0,75797422080.0
2023-04-25,97144.8984375,981889712128.0,82172575744.0
2023-04-26,97209.0,1031870742528.0,77340655616.0
2023-04-27,96653.1015625,1020664479744.0,73800802304.0
2023-04-28,99288.6015625,955771650048.0,83419504640.0
2023-05-04,100550.8984375,1021326000128.0,94471815168.0
2023-05-05,99559.8984375,1087127289856.0,85852856320.0
2023-05-08,101199.8984375,991676006400.0,95504130048.0
2023-05-09,100948.703125,1064816934912.0,103497031680.0
2023-05-10,100179.8046875,1143425073152.0,82317123584.0
2023-05-11,98616.703125,948384038912.0,72162181120.0
2023-05-12,95726.3046875,834245033984.0,69872492544.0
2023-05-15,96165.8046875,788802306048.0,75557691392.0
2023-05-16,93849.0,874149314560.0,65841209344.0
2023-05-17,92601.203125,801472708608.0,59491745792.0
2023-05-18,92386.8984375,720315416576.0,66233298944.0
2023-05-19,91007.1015625,808199847936.0,62028877824.0
2023-05-22,89665.1015625,769031602176.0,60279754752.0
2023-05-23,87073.703125,732205088768.0,59989823488.0
2023-05-24,85800.8046875,709035884544.0,61673881600.0
2023-05-25,85340.3984375,735979831296.0,64405323776.0
2023-05-26,85113.3984375,790160277504.0,60327477248.0
2023-05-29,85134.703125,754563022848.0,67394412544.0
2023-05-30,86054.703125,842078027776.0,68307181568.0
2023-05-31,85948.6015625,863808978944.0,66307883008.0
2023-06-01,86569.3984375,860689858560.0,71061086208.0
2023-06-02,86978.703125,905053077504.0,68271353856.0
2023-06-05,86779.3046875,867918872576.0,63614689280.0
2023-06-06,85144.0,799874547712.0,70454083584.0
2023-06-07,84560.3984375,862955175936.0,59058200576.0
2023-06-08,83711.3046875,750686175232.0,64518438912.0
2023-06-09,85151.5,791755161600.0,69764915200.0
2023-06-12,86303.5,896592052224.0,69870403584.0
2023-06-13,86855.6015625,886143713280.0,66308263936.0
2023-06-14,87327.5,865695039488.0,71109623808.0
2023-06-15,88660.8046875,924115206144.0,72506195968.0
2023-06-16,90515.6015625,986248970240.0,73088598016.0
2023-06-19,91728.703125,981751693312.0,73451667456.0
2023-06-20,92095.6015625,1009038196736.0,70243319808.0
2023-06-21,89591.1015625,991655624704.0,69177589760.0
2023-06-26,87550.3984375,935296040960.0,71194337280.0
2023-06-27,87807.8046875,898631925760.0,63987720192.0
2023-06-28,86552.203125,773892800512.0,65715847168.0
2023-06-29,86380.5,814137344000.0,61291261952.0
2023-06-30,86996.3046875,794420772864.0,65089077248.0
2023-07-03,87898.8984375,843308007424.0,73275637760.0
2023-07-04,88192.8984375,939410653184.0,65834831872.0
2023-07-05,86668.0,850961039360.0,63247724544.0
2023-07-06,85750.6015625,798172774400.0,60909355008.0
2023-07-07,84034.1015625,755422134272.0,62415155200.0
2023-07-10,83168.8046875,739411886080.0,56629587968.0
2023-07-11,82914.6015625,706902360064.0,56307236864.0
2023-07-12,81742.203125,712145371136.0,67029381120.0
2023-07-13,83157.203125,844587139072.0,65639112704.0
2023-07-14,83359.8984375,855985553408.0,65787543552.0
2023-07-17,82340.6015625,854403514368.0,59924791296.0
2023-07-18,81114.0,746214785024.0,58307239936.0
2023-07-19,79658.703125,720024829952.0,53216464896.0
2023-07-20,77894.703125,647591493632.0,61038800896.0
2023-07-21,76627.3984375,732769812480.0,58443431936.0
2023-07-24,75488.203125,662740467712.0,55839518720.0
2023-07-25,78342.703125,614411534336.0,77329350656.0
2023-07-26,77542.3984375,896613941248.0,71979704320.0
2023-07-27,76862.8984375,743230930944.0,73424117760.0
2023-07-28,79169.0,732371615744.0,86624296960.0
2023-07-31,82603.5,895193907200.0,97808687104.0
2023-08-01,83271.5,1045630943232.0,92727148544.0
2023-08-02,82906.3984375,905032368128.0,82104696832.0
2023-08-03,82992.203125,785451778048.0,78832607232.0
2023-08-04,84878.8046875,786534825984.0,94298365952.0
2023-08-07,84613.6015625,997087117312.0,76227633152.0
2023-08-08,83390.8984375,835475210240.0,68372377600.0
2023-08-09,81566.1015625,753033019392.0,61851246592.0
2023-08-10,80420.1015625,691701284864.0,59886985216.0
2023-08-11,78220.5,652232032256.0,68981800960.0
2023-08-14,77977.8046875,720839901184.0,63282343936.0
2023-08-15,76622.0,698087178240.0,59117391872.0
2023-08-16,74966.5,660099629056.0,60267995136.0
2023-08-17,75159.0,659412418560.0,63041978368.0
2023-08-18,73362.3046875,692966457344.0,64117702656.0
2023-08-21,71933.6015625,690192384000.0,57337950208.0
2023-08-22,73184.703125,633786859520.0,67962613760.0
2023-08-23,71076.703125,764402270208.0,59615457280.0
2023-08-24,71484.6015625,663991812096.0,65223663616.0
2023-08-25,70265.0,738414034944.0,66492678144.0
2023-08-28,73986.6015625,716559941632.0,99424509952.0
2023-08-29,77903.703125,1059686514688.0,88234106880.0
2023-08-30,79274.5,959084822528.0,79524847616.0
2023-08-31,78578.5,892905848832.0,68970307584.0
2023-09-01,77884.703125,747846828032.0,63391625216.0
2023-09-04,79590.0,683835981824.0,76401025024.0
2023-09-05,78647.1015625,821677391872.0,66298015744.0
2023-09-06,78364.5,740631969792.0,62234341376.0
2023-09-07,76586.3984375,704467435520.0,63945211904.0
2023-09-08,75549.8984375,703172182016.0,55375482880.0
2023-09-11,76650.203125,623473393664.0,66329063424.0
2023-09-12,75659.8046875,771744858112.0,56255340544.0
2023-09-13,74030.3046875,655560671232.0,59106545664.0
2023-09-14,72735.3984375,648004435968.0,58623447040.0
2023-09-15,72407.3046875,622231879680.0,60787630080.0
2023-09-18,72257.8984375,667851292672.0,58011664384.0
2023-09-19,70785.703125,650024714240.0,55766376448.0
2023-09-20,69027.5,593166204928.0,51126722560.0
2023-09-21,67631.3984375,536399216640.0,51472420864.0
2023-09-22,69523.8046875,544760070144.0,63797641216.0
2023-09-25,69173.3984375,714122985472.0,58757394432.0
2023-09-26,68399.1015625,668981395456.0,52397543424.0
2023-09-27,68640.1015625,617546973184.0,56976240640.0
2023-09-28,69096.8984375,664278859776.0,57397821440.0
2023-10-09,69512.1015625,666243891200.0,63598768128.0
2023-10-10,69661.8046875,720916709376.0,63729070080.0
2023-10-11,70613.5,725860155392.0,65041575936.0
2023-10-12,71653.0,778043785216.0,66226487296.0
2023-10-13,71667.3984375,774607405056.0,64602628096.0
2023-10-16,71383.6015625,754821890048.0,67214548992.0
2023-10-17,71062.3984375,757597405184.0,62171041792.0
2023-10-18,70161.3046875,687912255488.0,64673300480.0
2023-10-19,69533.1015625,0.0,68131983360.0
2023-10-20,68582.3984375,754058133504.0,61968109568.0
2023-10-23,67303.8984375,677341298688.0,64652505088.0
2023-10-24,68847.8984375,670158290944.0,69658550272.0
2023-10-25,70553.203125,751208693760.0,75657363456.0
2023-10-26,71321.3984375,821315305472.0,71187030016.0
2023-10-27,73680.3984375,792075304960.0,77883465728.0
2023-10-30,76680.1015625,898722037760.0,82729377792.0
2023-10-31,76810.203125,954698039296.0,75350933504.0
2023-11-01,76548.6015625,851650936832.0,67148226560.0
2023-11-02,75221.3984375,756927299584.0,65693769728.0
2023-11-03,76172.8046875,717488259072.0,66046386176.0
2023-11-06,79829.5,749757136896.0,86473990144.0
2023-11-07,81072.8046875,985388810240.0,79642402816.0
2023-11-08,82196.5,923137212416.0,82955313152.0
2023-11-09,81735.203125,959086919680.0,76144017408.0
2023-11-10,80588.3984375,894700290048.0,66116337664.0
2023-11-13,81086.6015625,767815516160.0,69627920384.0
2023-11-14,81533.8046875,807819476992.0,71792402432.0
2023-11-15,82423.5,821994848256.0,75856723968.0
2023-11-16,81107.3046875,911518990336.0,67881209856.0
2023-11-17,80845.5,788056768512.0,66660749312.0
2023-11-20,81627.8046875,766406950912.0,72961499136.0
2023-11-21,81612.8046875,851688882176.0,84147150848.0
2023-11-22,80171.8984375,931003367424.0,75399659520.0
2023-11-23,80142.3046875,819651936256.0,70940467200.0
2023-11-24,78485.8984375,774404308992.0,72101208064.0
2023-11-27,78154.703125,763855372288.0,70941106176.0
2023-11-28,77947.6015625,771777757184.0,63592620032.0
2023-11-29,76878.5,716280758272.0,64798126080.0
2023-11-30,76387.3984375,716465831936.0,64935505920.0
2023-12-01,77008.8046875,718078017536.0,68749197312.0
2023-12-04,77091.0,778389618688.0,68817649664.0
2023-12-05,75498.8046875,791557242880.0,68161630208.0
2023-12-06,75748.5,769196294144.0,68053176320.0
2023-12-07,75662.8046875,760970215424.0,67158536192.0
2023-12-08,76772.6015625,755472269312.0,78075551744.0
2023-12-11,78439.8046875,867370532864.0,76061245440.0
2023-12-12,78137.5,838523944960.0,64786665472.0
2023-12-13,76778.703125,730108329984.0,63521767424.0
2023-12-14,75590.8046875,715065458688.0,62419472384.0
2023-12-15,74723.3984375,689175658496.0,63546269696.0
2023-12-18,73175.8984375,688337584128.0,63378411520.0
2023-12-19,72202.703125,650321133568.0,57140408320.0
2023-12-20,70299.8984375,602070384640.0,57719537664.0
2023-12-21,70872.8984375,623449210880.0,62962835456.0
2023-12-22,70106.6015625,685241991168.0,67787812864.0
2023-12-25,69133.203125,731506278400.0,52978495488.0
2023-12-26,67349.3046875,566996893696.0,52985147392.0
2023-12-27,67123.203125,570677788672.0,56365756416.0
2023-12-28,69908.203125,595574784000.0,73183010816.0
2023-12-29,71535.703125,826229522432.0,66724528128.0
2024-01-02,71649.203125,764230631424.0,67453407232.0
2024-01-03,71196.8984375,736274415616.0,63750283264.0
2024-01-04,70221.3046875,686985576448.0,58277277696.0
2024-01-05,69172.3984375,630456254464.0,65270243328.0
2024-01-08,67754.1015625,690689409024.0,59496378368.0
2024-01-09,67799.0,615677034496.0,59807358976.0
2024-01-10,66776.3984375,629315010560.0,57174478848.0
2024-01-11,68092.1015625,605541105664.0,63298322432.0
2024-01-12,67258.3984375,667329691648.0,62044479488.0
2024-01-15,66609.0,634569949184.0,55382503424.0
2024-01-16,66639.6015625,569534119936.0,64002506752.0
2024-01-17,64699.40234375,642818310144.0,58466897920.0
2024-01-18,66937.203125,599822696448.0,81607524352.0
2024-01-19,66031.6015625,813373587456.0,58758811648.0
2024-01-22,64293.40234375,626270076928.0,75247067136.0
2024-01-23,65372.80078125,743862632448.0,67035017216.0
2024-01-24,67070.1015625,657705402368.0,75958648832.0
2024-01-25,70694.1015625,719690203136.0,85684985856.0
2024-01-26,71081.5,839329447936.0,81639604224.0
2024-01-29,69898.203125,783733030912.0,78602477568.0
2024-01-30,67816.6015625,757248032768.0,65848233984.0
2024-01-31,66365.1015625,621629145088.0,78896373760.0
2024-02-01,66415.3046875,711154794496.0,73189244928.0
2024-02-02,65719.5,656848388096.0,87317512192.0
2024-02-05,64839.1015625,754941493248.0,98740715520.0
2024-02-06,69984.8984375,818189369344.0,106674176000.0
2024-02-07,73418.8984375,865837187072.0,113236516864.0
2024-02-08,78236.6015625,949416951808.0,112566059008.0
2024-02-19,81443.3046875,944761012224.0,98831122432.0
2024-02-20,81666.1015625,888350310400.0,77170769920.0
2024-02-21,83433.3046875,737789018112.0,96484089856.0
2024-02-22,84449.8984375,922882408448.0,79327019008.0
2024-02-23,85917.8984375,772419158016.0,87831134208.0
2024-02-26,86807.203125,864128204800.0,94035795968.0
2024-02-27,89416.0,918966763520.0,88158068736.0
2024-02-28,88280.8984375,918357671936.0,127661260800.0
2024-02-29,91997.1015625,1264137797632.0,94840020992.0
2024-03-01,93492.0,976073850880.0,89432121344.0
2024-03-04,94410.5,982530523136.0,89418997760.0
2024-03-05,93786.703125,1006026686464.0,87168819200.0
2024-03-06,93285.1015625,997156388864.0,78692753408.0
2024-03-07,91595.1015625,872736948224.0,86646169600.0
2024-03-08,91711.3046875,920907808768.0,73420939264.0
2024-03-11,93444.6015625,802534522880.0,83111313408.0
2024-03-12,94777.8984375,940247285760.0,95864233984.0
2024-03-13,94829.5,1078243360768.0,87134830592.0
2024-03-14,93917.8046875,990715838464.0,85100331008.0
2024-03-15,94197.6015625,942096973824.0,81647542272.0
2024-03-18,96731.6015625,886272163840.0,94485168128.0
2024-03-19,96101.6015625,1064521433088.0,89666043904.0
2024-03-20,96287.8046875,1009224056832.0,83931619328.0
2024-03-21,96108.6015625,934462816256.0,90237509632.0
2024-03-22,95234.0,993259880448.0,93732585472.0
2024-03-25,93009.203125,1027103195136.0,89357180928.0
2024-03-26,92065.5,976437772288.0,81217241088.0
2024-03-27,88350.3984375,898118123520.0,79284748288.0
2024-03-28,89862.1015625,837419204608.0,81459478528.0
2024-03-29,89556.8984375,875832279040.0,76837142528.0
2024-04-01,91558.8984375,809254191104.0,87305732096.0
2024-04-02,90621.3984375,942088126464.0,88010006528.0
2024-04-03,89369.0,915921567744.0,83903660032.0
2024-04-08,88003.0,865824538624.0,86580453376.0
2024-04-09,87609.5,882941820928.0,73071550464.0
2024-04-10,85337.5,752195141632.0,77605167104.0
2024-04-11,84768.5,784263675904.0,74302038016.0
2024-04-12,83655.6015625,764211625984.0,73454043136.0
2024-04-15,84031.3984375,764655828992.0,98439077888.0
2024-04-16,81329.0,939976753152.0,96102580224.0
2024-04-17,85249.703125,893697851392.0,90193027072.0
2024-04-18,85728.0,864090128384.0,88051474432.0
2024-04-19,84913.5,895959760896.0,79824445440.0
2024-04-22,83806.1015625,813795180544.0,75769356288.0
2024-04-23,82804.3046875,777393668096.0,70624419840.0
2024-04-24,83576.3984375,733691445248.0,70822510592.0
2024-04-25,82886.3046875,748486393856.0,69732057088.0
2024-04-26,86346.8046875,728009605120.0,95904579584.0
2024-04-29,90655.8984375,1019831320576.0,106372841472.0
2024-04-30,90648.3046875,1135038824448.0,94488182784.0
2024-05-06,93664.0,969415000064.0,95564718080.0
2024-05-07,93778.8984375,1038169079808.0,85714960384.0
2024-05-08,91666.203125,910451605504.0,77971865600.0
2024-05-09,92391.0,812602163200.0,79470542848.0
2024-05-10,91485.1015625,841319383040.0,83813343232.0
2024-05-13,90626.8046875,857691127808.0,82709831680.0
2024-05-14,90020.0,855524507648.0,75712806912.0
2024-05-15,87858.203125,779100094464.0,72624586752.0
2024-05-16,87574.1015625,721422188544.0,81180999680.0
2024-05-17,88490.6015625,804261986304.0,85186142208.0
2024-05-20,89766.703125,841690578944.0,93392805888.0
2024-05-21,87949.6015625,940991053824.0,76553756672.0
2024-05-22,87450.6015625,755294863360.0,77514489856.0
2024-05-23,85331.8984375,783963848704.0,80534020096.0
2024-05-24,83240.3984375,800230735872.0,70380724224.0
2024-05-27,83414.6015625,715609669632.0,71369859072.0
2024-05-28,81624.8984375,721906565120.0,70145376256.0
2024-05-29,80705.8046875,695303340032.0,67584933888.0
2024-05-30,79267.8984375,668100001792.0,68162801664.0
2024-05-31,78577.5,678236717056.0,65501650944.0
2024-06-03,78343.703125,668452061184.0,78033600512.0
2024-06-04,78225.6015625,769517027328.0,70548692992.0
2024-06-05,76335.3984375,697328336896.0,66597244928.0
2024-06-06,75518.5,642902654976.0,84385939456.0
2024-06-07,75512.0,789743403008.0,69122015232.0
2024-06-11,75460.703125,671506563072.0,64414732288.0
2024-06-12,75448.6015625,647393574912.0,61860352000.0
2024-06-13,74977.8046875,637909925888.0,64818241536.0
2024-06-14,75981.6015625,682400219136.0,71200194560.0
2024-06-17,75935.203125,770086862848.0,63160782848.0
2024-06-18,76293.3984375,689237786624.0,64005787648.0
2024-06-19,75063.5,681524199424.0,60467601408.0
2024-06-20,73486.5,648561033216.0,65432342528.0
2024-06-21,72395.703125,650918887424.0,55868858368.0
2024-06-24,70456.0,563888128000.0,65062838272.0
2024-06-25,69361.0,634989248512.0,60053323776.0
2024-06-26,70289.703125,595719094272.0,63429660672.0
2024-06-27,68427.8046875,596198359040.0,60482740224.0
2024-06-28,69040.1015625,584010170368.0,66752823296.0
2024-07-01,69501.8984375,655886974976.0,62892265472.0
2024-07-02,68742.203125,612501225472.0,63714693120.0
2024-07-03,67409.703125,605134258176.0,57516269568.0
2024-07-04,65627.6015625,540027617280.0,61234499584.0
2024-07-05,65399.30078125,546680897536.0,57473511424.0
2024-07-08,63902.30078125,536532746240.0,59309035520.0
2024-07-09,66003.1015625,542671241216.0,69291319296.0
2024-07-10,65872.8046875,674995372032.0,64186339328.0
2024-07-11,68225.8046875,635447148544.0,73411379200.0
2024-07-12,68024.703125,735488376832.0,65556832256.0
2024-07-15,66919.5,644667604992.0,58645626880.0
2024-07-16,67178.1015625,560714416128.0,56932982784.0
2024-07-17,66432.5,591218343936.0,60520062976.0
2024-07-18,66748.5,628815560704.0,60128849920.0
2024-07-19,66970.3046875,619995267072.0,57842659328.0
2024-07-22,67082.6015625,611666034688.0,57886441472.0
2024-07-23,65394.19921875,604227043328.0,63162556416.0
2024-07-24,64391.80078125,613600329728.0,63394807808.0
2024-07-25,63835.6015625,583852949504.0,57001472000.0
2024-07-26,64374.6015625,551148912640.0,59359744000.0
2024-07-29,63958.6015625,569843384320.0,56790237184.0
2024-07-30,63601.80078125,550980157440.0,59094646784.0
2024-07-31,67631.3046875,564491976704.0,88101011456.0
2024-08-01,68214.8046875,847032418304.0,75618566144.0
2024-08-02,67267.8984375,731682242560.0,71416946688.0
2024-08-05,66354.6015625,676675911680.0,79357960192.0
2024-08-06,66874.6015625,740159324160.0,68257054720.0
2024-08-07,66074.1015625,615203274752.0,60511879168.0
2024-08-08,65247.69921875,557870350336.0,66444673024.0
2024-08-09,64066.0,583814807552.0,64197746688.0
2024-08-12,62504.6015625,528441868288.0,57024688128.0
2024-08-13,61670.0,465808949248.0,52985044992.0
2024-08-14,60109.69921875,450687336448.0,51819413504.0
2024-08-15,60513.1015625,449695907840.0,65973714944.0
2024-08-16,60062.40234375,557038698496.0,64740077568.0
2024-08-19,59706.1015625,558381400064.0,62239158272.0
2024-08-20,58536.90234375,538142015488.0,63523995648.0
2024-08-21,57685.0,527200419840.0,56245288960.0
2024-08-22,56672.1015625,481122222080.0,59488530432.0
2024-08-23,56151.40234375,519054557184.0,55843139584.0
2024-08-26,56162.69921875,479871172608.0,55740080128.0
2024-08-27,55041.30078125,497101045760.0,55551606784.0
2024-08-28,54586.90234375,484222173184.0,54628433920.0
2024-08-29,55694.1015625,470680928256.0,64002514944.0
2024-08-30,59490.69921875,574317920256.0,89858129920.0
2024-09-02,59260.40234375,827995258880.0,75617116160.0
2024-09-03,59681.90234375,664474943488.0,63254274048.0
2024-09-04,58926.1015625,547903078400.0,60751208448.0
2024-09-05,58799.69921875,530809257984.0,57791954944.0
2024-09-06,57579.0,504982536192.0,60479889408.0
2024-09-09,56817.80078125,513603567616.0,58144231424.0
2024-09-10,56710.19921875,492455133184.0,59806089216.0
2024-09-11,56087.1015625,500498661376.0,54108311552.0
2024-09-12,55508.6015625,471369482240.0,56516849664.0
2024-09-13,54743.80078125,487792705536.0,58674872320.0
2024-09-18,54247.6015625,492316229632.0,56917749760.0
2024-09-19,55867.1015625,451425566720.0,71519485952.0
2024-09-20,56057.1015625,595926122496.0,65703763968.0
2024-09-23,56108.0,547345956864.0,61157330944.0
2024-09-24,61644.1015625,523420991488.0,104376999936.0
2024-09-25,66632.3984375,923532263424.0,126151655424.0
2024-09-26,73206.0,1104653975552.0,125895598080.0
2024-09-27,82601.8984375,1108259504128.0,141965950976.0
2024-09-30,105609.203125,1395252920320.0,236376899584.0
2024-10-08,132256.90625,2429411393536.0,281649479680.0
2024-10-09,133169.703125,3197361979392.0,219096547328.0
2024-10-10,136360.703125,2661894586368.0,174773272576.0
2024-10-11,131699.796875,1971840483328.0,133478195200.0
2024-10-14,136502.40625,1450760339456.0,136230748160.0
2024-10-15,133626.90625,1516459130880.0,133287182336.0
2024-10-16,131918.703125,1522860163072.0,119070752768.0
2024-10-17,130428.1015625,1295470034944.0,125863313408.0
2024-10-18,139167.40625,1397996388352.0,159595986944.0
2024-10-21,144396.703125,1923829989376.0,157375332352.0
2024-10-22,145463.90625,1965173899264.0,145563254784.0
2024-10-23,146161.703125,1754573570048.0,152676958208.0
2024-10-24,143162.109375,1785358974976.0,123614617600.0
2024-10-25,145305.90625,1411351576576.0,141967081472.0
2024-10-28,148145.203125,1640112324608.0,159244926976.0
2024-10-29,147626.40625,1746877284352.0,171559272448.0
2024-10-30,148013.5,1925001904128.0,156353052672.0
2024-10-31,152218.40625,0.0,184371085312.0
2024-11-01,149611.703125,2075968405504.0,199538442240.0
2024-11-04,151049.203125,2106145636352.0,146115739648.0
2024-11-05,158826.0,1598115676160.0,185267978240.0
2024-11-06,162712.796875,2152146534400.0,206124564480.0
2024-11-07,169428.40625,2399409012736.0,213685698560.0
2024-11-08,172519.5,2359880056832.0,215920377856.0
2024-11-11,177874.109375,2486064119808.0,187349843968.0
2024-11-12,177343.5,2285227474944.0,189586407424.0
2024-11-13,175899.0,2345923248128.0,153957302272.0
2024-11-14,168309.296875,1852084584448.0,142951055360.0
2024-11-15,162051.609375,1696804372480.0,143357673472.0
2024-11-18,157165.90625,1693411311616.0,157874552832.0
2024-11-19,157935.609375,1640983298048.0,136299757568.0
2024-11-20,157938.296875,1452299124736.0,134659629056.0
2024-11-21,155565.203125,1499596324864.0,131475832832.0
2024-11-22,149170.109375,1494492381184.0,151966040064.0
2024-11-25,147162.0,1666691235840.0,127952248832.0
2024-11-26,142163.40625,1391437545472.0,115893501952.0
2024-11-27,143200.296875,1226811375616.0,127654969344.0
2024-11-28,140673.109375,1357610745856.0,133373460480.0
2024-11-29,142783.40625,1390976958464.0,143786999808.0
2024-12-02,145709.203125,1589003550720.0,156850274304.0
2024-12-03,144954.109375,1666613903360.0,156888662016.0
2024-12-04,142268.703125,1611044487168.0,151701438464.0
2024-12-05,141868.0,1552053960704.0,135725137920.0
2024-12-06,143317.609375,1398217113600.0,168956379136.0
2024-12-09,141818.5,1671266697216.0,161726955520.0
2024-12-10,145857.90625,1530678738944.0,192342917120.0
2024-12-11,146748.40625,2055813070848.0,165554159616.0
2024-12-12,148199.0,1651228409856.0,170504404992.0
2024-12-13,147010.5,1746198200320.0,180856389632.0
2024-12-16,144681.796875,1918803771392.0,151655841792.0
2024-12-17,139505.5,1589210120192.0,139882643456.0
2024-12-18,138170.609375,1421040680960.0,122616365056.0
2024-12-19,136743.109375,1264251961344.0,124566487040.0
2024-12-20,136637.609375,1337848627200.0,118611795968.0
2024-12-23,132127.109375,1368797609984.0,131654230016.0
2024-12-24,131643.0,1397173780480.0,110865989632.0
2024-12-25,128136.3984375,1203331268608.0,111156346880.0
2024-12-26,127977.6015625,1175893180416.0,98793332736.0
2024-12-27,127434.203125,1157216731136.0,114999705600.0
2024-12-30,125551.0,1311180587008.0,103846289408.0
2024-12-31,121405.8984375,1175864737792.0,112108666880.0
2025-01-02,118723.8046875,1246816501760.0,121365856256.0
2025-01-03,114395.8984375,1295843459072.0,117584101376.0
2025-01-06,112041.5,1181972692992.0,99407224832.0
2025-01-07,112919.8984375,982548742144.0,97522638848.0
2025-01-08,112561.1015625,991996280832.0,112900489216.0
2025-01-09,111432.5,1144719278080.0,96482287616.0
2025-01-10,107813.6015625,1027664969728.0,99419832320.0
2025-01-13,105852.203125,1050746880000.0,85537529856.0
2025-01-14,111580.5,885039628288.0,112996646912.0
2025-01-15,110204.203125,1240262770688.0,100602044416.0
2025-01-16,110469.8046875,1094782877696.0,108375670784.0
2025-01-17,109633.3984375,1166272626688.0,93379551232.0
2025-01-20,109932.8046875,1033290579968.0,96600965120.0
2025-01-21,110001.8984375,1090463072256.0,95563948032.0
2025-01-22,108216.8984375,1099354341376.0,87406100480.0
2025-01-23,108390.3046875,1041695506432.0,107774509056.0
2025-01-24,109924.703125,1246291165184.0,96141688832.0
2025-01-27,107063.5,1122137276416.0,89518252032.0
2025-02-05,108426.5,1023526436864.0,95759278080.0
2025-02-06,113249.3046875,1158929711104.0,113426268160.0
2025-02-07,119402.5,1388547932160.0,144359260160.0
2025-02-10,123248.3046875,1791408603136.0,132142194688.0
2025-02-11,123740.8984375,1574640287744.0,124366389248.0
2025-02-12,126761.1015625,1496962695168.0,123749679104.0
2025-02-13,127117.203125,1533437804544.0,137017901056.0
2025-02-14,128676.8046875,1674684268544.0,128058195968.0
2025-02-17,132186.40625,1573267439616.0,141500235776.0
2025-02-18,130077.3046875,1785829523456.0,136558731264.0
2025-02-19,133697.0,1656354111488.0,121114411008.0
2025-02-20,135330.296875,1563688435712.0,124628860928.0
2025-02-21,141183.203125,1607890501632.0,146295963648.0
2025-02-24,143052.0,1977867436032.0,143256256512.0
2025-02-25,142605.796875,1890518695936.0,129562566656.0
2025-02-26,145079.703125,1714983665664.0,134735519744.0
2025-02-27,145414.0,1744614981632.0,146974392320.0
2025-02-28,140370.703125,2004242792448.0,139310333952.0
2025-03-03,139580.296875,1866642882560.0,122686128128.0
2025-03-04,139091.5,1624429953024.0,106448461824.0
2025-03-05,138593.40625,1435348631552.0,112875118592.0
2025-03-06,142652.90625,1493602795520.0,135984144384.0
2025-03-07,141813.109375,1906152177664.0,133739552768.0
2025-03-10,140342.40625,1817966280704.0,112474284032.0
2025-03-11,139409.296875,1505389707264.0,111811854336.0
2025-03-12,139404.609375,1481633038336.0,125845520384.0
2025-03-13,136728.0,1683510263808.0,124862930944.0
2025-03-14,140625.5,1606397984768.0,134016802816.0
2025-03-17,140498.109375,1791501402112.0,121657810944.0
2025-03-18,140014.203125,1572730044416.0,112461438976.0
2025-03-19,137734.40625,1519439446016.0,109813350400.0
2025-03-20,135613.109375,1466232864768.0,111133990912.0
2025-03-21,132520.5,1441304805376.0,125791084544.0
2025-03-24,130974.203125,1550423293952.0,124423864320.0
2025-03-25,127798.8046875,1450380230656.0,105850691584.0
2025-03-26,126229.3046875,1258000613376.0,99046449152.0
2025-03-27,123981.6015625,1154075852800.0,98774065152.0
2025-03-28,120881.8046875,1190381355008.0,96239517696.0
2025-03-31,119045.0,1118771216384.0,103871963136.0
2025-04-01,118092.5,1221300322304.0,92796190720.0
2025-04-02,115880.203125,1131944738816.0,80880590848.0
2025-04-03,113744.5,974301036544.0,92271427584.0
2025-04-07,105722.203125,1137459593216.0,139040096256.0
2025-04-08,109957.0,1587079544832.0,148031094784.0
2025-04-09,116313.3984375,1625285591040.0,155645919232.0
2025-04-10,121111.203125,1699274293248.0,138842341376.0
2025-04-11,122032.203125,1609186541568.0,111300599808.0
2025-04-14,122889.1015625,1348480794624.0,110090240000.0
2025-04-15,120345.6015625,1277280518144.0,94086569984.0
2025-04-16,117571.5,1077039202304.0,98462449664.0
2025-04-17,115458.703125,1111714955264.0,87558561792.0
2025-04-18,112518.5,999336312832.0,84492886016.0
2025-04-21,112996.8046875,914518310912.0,91292073984.0
2025-04-22,111599.6015625,1041175347200.0,97251344384.0
2025-04-23,112011.203125,1089829208064.0,103248830464.0
2025-04-24,110013.1015625,1229580664832.0,97177419776.0
2025-04-25,109493.0,1108858241024.0,99267338240.0
2025-04-28,107479.5,1113407356928.0,96690298880.0
2025-04-29,106803.1015625,1056155107328.0,89689849856.0
2025-04-30,107598.3046875,1021926178816.0,99433988096.0
2025-05-06,111401.5,1169124884480.0,110789533696.0
2025-05-07,113464.0,1335983472640.0,122049814528.0
2025-05-08,114388.3046875,1468097626112.0,106697867264.0
2025-05-09,112382.3984375,1293258457088.0,99894640640.0
2025-05-12,114623.1015625,1191885668352.0,101293195264.0
2025-05-13,114321.0,1308275638272.0,103921786880.0
2025-05-14,115190.5,1291365253120.0,108716032000.0
2025-05-15,112517.8046875,1316599234560.0,99508862976.0
2025-05-16,111555.703125,1152244645888.0,93634338816.0
2025-05-19,110729.1015625,1089431273472.0,95656673280.0
2025-05-20,110875.6015625,1086305206272.0,100462157824.0
2025-05-21,110080.5,1169533042688.0,99182682112.0
2025-05-22,108079.6015625,1173260730368.0,95114928128.0
2025-05-23,106633.8984375,1102519992320.0,96184401920.0
2025-05-26,106018.8046875,1155386179584.0,83163611136.0
2025-05-27,104325.3984375,1009772593152.0,84178829312.0
2025-05-28,102745.8984375,998754222080.0,87676551168.0
2025-05-29,104462.3984375,1009750769664.0,100534943744.0
2025-05-30,102945.5,1185231142912.0,98101706752.0
2025-06-03,103736.6015625,1138815926272.0,95833505792.0
2025-06-04,104614.8984375,1141194883072.0,97419501568.0
2025-06-05,106062.5,1152852688896.0,103531798528.0
2025-06-06,105562.3984375,1290192027648.0,94324736000.0
2025-06-09,107672.8984375,1151842123776.0,104249229312.0
2025-06-10,108323.203125,1286224871424.0,119258816512.0
2025-06-11,109049.1015625,1415179796480.0,103964770304.0
2025-06-12,109630.3046875,1255274184704.0,101495095296.0
2025-06-13,109980.1015625,1271629873152.0,120848048128.0
2025-06-16,110794.0,1467064778752.0,97373224960.0
2025-06-17,110031.8984375,1214911217664.0,98675892224.0
2025-06-18,109404.6015625,1207077437440.0,96631840768.0
2025-06-19,107661.6015625,1190925828096.0,102540173312.0
2025-06-20,105763.703125,1250504343552.0,86673186816.0
2025-06-23,106710.6015625,1067586945024.0,92274876416.0
2025-06-24,109877.5,1122456961024.0,112782385152.0
2025-06-25,113817.6015625,1414273302528.0,123121451008.0
2025-06-26,115398.3984375,1602535161856.0,121785925632.0
2025-06-27,117183.5,1582954708992.0,122193092608.0
2025-06-30,119755.203125,1540935647232.0,113336754176.0
2025-07-01,120338.8046875,1486636843008.0,113965604864.0
2025-07-02,119171.703125,1465804652544.0,117616369664.0
2025-07-03,119579.703125,1376726679552.0,107736391680.0
2025-07-04,119434.0,1309586751488.0,116722237440.0
2025-07-07,118530.8046875,1428364853248.0,101500633088.0
2025-07-08,120810.3984375,1208496816128.0,115925204992.0
2025-07-09,121306.8046875,1453764116480.0,122674561024.0
2025-07-10,122261.203125,1504976175104.0,126580482048.0
2025-07-11,125426.8984375,1493936111616.0,140670074880.0
2025-07-14,125918.6015625,1711843966976.0,121830907904.0
2025-07-15,127144.3046875,1458457673728.0,129782792192.0
2025-07-16,127335.6015625,1611801296896.0,108705316864.0
2025-07-17,129536.6015625,1441853734912.0,110722998272.0
2025-07-18,130529.703125,1539116367872.0,113773477888.0
2025-07-21,133520.609375,1570855976960.0,136549138432.0
2025-07-22,136936.5,1699687038976.0,150159065088.0
2025-07-23,138722.109375,1892724899840.0,153990840320.0
2025-07-24,142630.5,1864274673664.0,151477420032.0
2025-07-25,144062.109375,1844401799168.0,142083620864.0
2025-07-28,145981.109375,1786982170624.0,127721046016.0
2025-07-29,148110.90625,1741913980928.0,129778089984.0
2025-07-30,148188.703125,1802887757824.0,135043317760.0
2025-07-31,148448.796875,1843965067264.0,139516116992.0
2025-08-01,147273.90625,1935750332416.0,113339318272.0
2025-08-04,147321.40625,1598153687040.0,104642650112.0
2025-08-05,147676.796875,1498392166400.0,113704804352.0
2025-08-06,148912.0,1595846426624.0,120765423616.0
2025-08-07,149519.203125,1733773623296.0,124619726848.0
2025-08-08,148938.0,1825228849152.0,120761171968.0
2025-08-11,151689.203125,1709998473216.0,126439792640.0
2025-08-12,153339.296875,1826691219456.0,124512092160.0
2025-08-13,158018.703125,1881105760256.0,140796133376.0
2025-08-14,158891.296875,2150523994112.0,151494328320.0
2025-08-15,164299.0,2278897483776.0,147650641920.0
2025-08-18,172964.0,2244262494208.0,177686953984.0
2025-08-19,176210.796875,2763666489344.0,163768713216.0
2025-08-20,179231.703125,2587785691136.0,157251616768.0
2025-08-21,179874.796875,2407727628288.0,160582418432.0
2025-08-22,185830.203125,2423516561408.0,158850777088.0
2025-08-25,195554.109375,2546202574848.0,195436363776.0
2025-08-26,196921.796875,3140392845312.0,170050338816.0
2025-08-27,198303.203125,2677586264064.0,200077230080.0
2025-08-28,205816.90625,3164916678656.0,184797741056.0
2025-08-29,207932.5,2970359955456.0,163888398336.0
2025-09-01,211616.40625,2797901709312.0,165305401344.0
2025-09-02,208625.796875,2749602725888.0,175280111616.0
2025-09-03,204390.296875,2874648035328.0,150159769600.0
2025-09-04,199234.609375,2363666202624.0,160883965952.0
2025-09-05,204177.5,2543932669952.0,144185311232.0
2025-09-08,204945.796875,2304300810240.0,148151664640.0
2025-09-09,200049.5,2418422841344.0,135768686592.0
2025-09-10,197825.0,2118143180800.0,125067476992.0
2025-09-11,203437.796875,1977839386624.0,145188110336.0
2025-09-12,203862.796875,2437371396096.0,156816932864.0
2025-09-15,202576.296875,2520597659648.0,144305111040.0
2025-09-16,203742.796875,2277167333376.0,156271034368.0
2025-09-17,204472.90625,2341166645248.0,151656022016.0
2025-09-18,206921.203125,2376475869184.0,194885550080.0
2025-09-19,204085.203125,3134769594368.0,150127394816.0
2025-09-22,203763.5,2323481100288.0,129010106368.0
2025-09-23,202295.203125,2121245917184.0,156182020096.0
2025-09-24,204139.5,2494066327552.0,132919484416.0
2025-09-25,203665.5,2326466658304.0,132993507328.0
2025-09-26,198137.296875,2370850521088.0,124524609536.0
2025-09-29,200086.203125,2146650816512.0,128383074304.0
2025-09-30,200276.90625,2161209769984.0,122770997248.0
2025-10-09,205121.0,2181107023872.0,152136187904.0
2025-10-10,201434.609375,2652688089088.0,149836201984.0
2025-10-13,201365.0,2515268796416.0,145160732672.0
2025-10-14,197984.0,2354428510208.0,158148034560.0
2025-10-15,199405.609375,2575902703616.0,130937167872.0
2025-10-16,195391.90625,2072590155776.0,122534207488.0
2025-10-17,187406.40625,1930913382400.0,128437329920.0
2025-10-20,186208.40625,1937843683328.0,113161404416.0
2025-10-21,187849.203125,1737408643072.0,123453726720.0
2025-10-22,183473.0,1873700847616.0,113586651136.0
2025-10-23,180214.109375,1667605987328.0,117926100992.0
2025-10-24,182580.5,1643684036608.0,121995378688.0
2025-10-27,187237.5,1974020997120.0,136113332224.0
2025-10-28,186641.703125,2339921461248.0,125944225792.0
2025-10-29,189960.296875,2147638444032.0,134313066496.0
2025-10-30,189107.796875,2255773761536.0,144116023296.0
2025-10-31,188737.296875,2421395030016.0,142083899392.0
2025-11-03,189120.40625,2317490061312.0,135769022464.0
2025-11-04,185029.90625,2106875838464.0,129790926848.0
2025-11-05,184053.796875,1915447279616.0,131676127232.0
2025-11-06,185820.5,1872125755392.0,133584502784.0
2025-11-07,184095.0,2054992297984.0,129638678528.0
2025-11-10,184696.203125,1998714961920.0,139055824896.0
2025-11-11,182412.0,0.0,131515359232.0
2025-11-12,180087.796875,1993405890560.0,131687186432.0
2025-11-13,182342.0,1944898633728.0,136074919936.0
2025-11-14,178453.109375,2041814974464.0,139106942976.0
2025-11-17,177823.0,1957919981568.0,134035488768.0
2025-11-18,174498.796875,1910643228672.0,138276929536.0
2025-11-19,171411.296875,1925856493568.0,122593976320.0
2025-11-20,168003.5,1725727899648.0,120751505408.0
2025-11-21,162064.703125,1708025184256.0,144245194752.0
2025-11-24,162328.609375,1965354123264.0,119405133824.0
2025-11-25,164198.90625,1727549931520.0,117823127552.0
2025-11-26,163538.203125,1811996213248.0,114398724096.0
2025-11-27,161991.203125,1783181737984.0,108126429184.0
2025-11-28,161474.40625,1709648642048.0,106105479168.0
2025-12-01,163157.296875,1585666981888.0,123174486016.0
2025-12-02,160062.5,1873843716096.0,109915545600.0
2025-12-03,157172.703125,1593321979904.0,117698748416.0
2025-12-04,155070.796875,1669825298432.0,107899043840.0
2025-12-05,156805.0,1548857114624.0,116937244672.0
2025-12-08,160928.609375,1725658955776.0,127613411328.0
2025-12-09,160605.296875,2036514029568.0,121223036928.0
2025-12-10,160266.296875,1903773089792.0,117327855616.0
2025-12-11,157748.109375,1778357895168.0,123074953216.0
2025-12-12,160851.203125,1856982745088.0,127459860480.0
2025-12-15,158842.5,2092063916032.0,112793485312.0
2025-12-16,155265.109375,1773326565376.0,117657960448.0
2025-12-17,157985.796875,1723990540288.0,116550615040.0
2025-12-18,155759.296875,1811002294272.0,105088294912.0
2025-12-19,156424.703125,1655274078208.0,117022351360.0
2025-12-22,159089.796875,1725718462464.0,117598584832.0
2025-12-23,159261.796875,1861722963968.0,119571161088.0
2025-12-24,161397.109375,1899687182336.0,111500238848.0
2025-12-25,162665.5,1880129011712.0,112977092608.0
2025-12-26,164975.203125,1924380753920.0,129643970560.0
2025-12-29,165964.5,2160030646272.0,127724347392.0
2025-12-30,167177.296875,2139207237632.0,124404375552.0
2025-12-31,167340.609375,2142446813184.0,120454266880.0
2026-01-05,174652.109375,2045100294144.0,142734426112.0
2026-01-06,182540.90625,2546101387264.0,163410493440.0
2026-01-07,187754.703125,2806288744448.0,159699353600.0
2026-01-08,192139.0,2854018088960.0,158664589312.0
2026-01-09,200107.609375,2800153788416.0,174325481472.0
2026-01-12,212766.90625,3122538479616.0,199169146880.0
2026-01-13,214982.703125,3601093361664.0,206318649344.0
2026-01-14,223771.796875,3650766503936.0,226430582784.0
2026-01-15,222956.109375,3941126111232.0,165144477696.0
2026-01-16,224082.0,2905274843136.0,167041384448.0
2026-01-19,224590.296875,3026091245568.0,152092000256.0
2026-01-20,222259.0,2708185284608.0,161651195904.0
2026-01-21,223259.5,2777606520832.0,146032263168.0
2026-01-22,224712.5,2600447770624.0,153153748992.0
2026-01-23,230257.40625,2691489071104.0,176417275904.0
2026-01-26,230492.5,3084972457984.0,190995857408.0
2026-01-27,231990.796875,3247830728704.0,166409093120.0
2026-01-28,233316.796875,2894728003584.0,170540482560.0
2026-01-29,234283.90625,2965088501760.0,189917528064.0
2026-01-30,232085.796875,3229714219008.0,170597761024.0
2026-02-02,224140.296875,2835214499840.0,154344734720.0
2026-02-03,228628.5,2584482938880.0,142017773568.0
2026-02-04,226406.703125,2544062693376.0,148901380096.0
2026-02-05,219222.90625,2480754393088.0,132232511488.0
2026-02-06,215632.90625,2175983550464.0,128651583488.0
2026-02-09,217965.296875,2145564884992.0,129847386112.0
2026-02-10,214350.296875,2249285959680.0,125727916032.0
2026-02-11,209747.609375,2105412288512.0,118222757888.0
2026-02-12,208858.0,1984093224960.0,122511081472.0
2026-02-13,203140.203125,2141507289088.0,114099486720.0
2026-02-24,204400.40625,1982504894464.0,127822045184.0
2026-02-25,207305.203125,2201781272576.0,151780294656.0
2026-02-26,209349.5,2462235754496.0,144430465024.0
2026-02-27,210796.40625,2538236805120.0,146228772864.0
2026-03-02,214151.40625,2487093035008.0,179464339456.0
2026-03-03,210566.296875,3020261425152.0,189086924800.0
2026-03-04,209324.703125,3129077399552.0,150512336896.0
2026-03-05,210648.5,2365503569920.0,144825401344.0
2026-03-06,209867.203125,2389842591744.0,137562800128.0
2026-03-09,209943.203125,2199973003264.0,163442458624.0
2026-03-10,212473.0,2647244406784.0,141067501568.0
2026-03-11,212401.90625,2397692755968.0,147818037248.0
2026-03-12,210470.703125,2508199034880.0,155427160064.0
2026-03-13,206959.0,2441671344128.0,156559867904.0
2026-03-16,206155.796875,2400085606400.0,148469121024.0
2026-03-17,200231.296875,2325121859584.0,143149252608.0
2026-03-18,200538.296875,2207702843392.0,128937107456.0
2026-03-19,194819.296875,2045874012160.0,134601555968.0
2026-03-20,191989.90625,2110758453248.0,140027101184.0
2026-03-23,186349.40625,2286594293760.0,165621153792.0
2026-03-24,190154.40625,2431159631872.0,141163692032.0
2026-03-25,193470.796875,2082712190976.0,141118734336.0
2026-03-26,188101.203125,2179631939584.0,128250044416.0
2026-03-27,187771.90625,1943452647424.0,119141941248.0
2026-03-30,186232.296875,1853070639104.0,124839624704.0
2026-03-31,181580.0,1915658698752.0,127068495872.0
2026-04-01,184112.40625,1992432812032.0,121959899136.0
2026-04-02,179076.203125,2012230975488.0,117976170496.0
2026-04-03,174307.90625,1842796822528.0,107881365504.0
2026-04-07,173175.203125,1656325406720.0,101373460480.0
2026-04-08,183799.0,1614196375552.0,139173871616.0
2026-04-09,183185.609375,2434169307136.0,119420321792.0
2026-04-10,186570.109375,2133919531008.0,121474236416.0
2026-04-13,187557.203125,2322709872640.0,116896358400.0
2026-04-14,191521.90625,2150173245440.0,125319700480.0
2026-04-15,191378.703125,2383550349312.0,126638227456.0
2026-04-16,195227.609375,2415059271680.0,123182243840.0
2026-04-17,197356.796875,2341504548864.0,124415754240.0
2026-04-20,200954.109375,2425370705920.0,131277053952.0
2026-04-21,201082.796875,2578602786816.0,127735275520.0
2026-04-22,205068.796875,2408352055296.0,128090218496.0
2026-04-23,205117.90625,2559540461568.0,143160983552.0
2026-04-24,204924.296875,2804250312704.0,131408904192.0
2026-04-27,207510.0,2641492705280.0,129924726784.0
2026-04-28,206021.90625,2589110829056.0,132335296512.0
2026-04-29,210190.203125,2535946715136.0,135014981632.0
2026-04-30,212999.609375,2589918494720.0,139389927424.0
2026-05-06,223319.5,2740577370112.0,152661295104.0
2026-05-07,229806.109375,3226459701248.0,152928960512.0
2026-05-08,231888.796875,3143614857216.0,152260935680.0
2026-05-11,240907.0,3048331280384.0,167373471744.0
2026-05-12,241855.796875,3538610028544.0,156615114752.0
2026-05-13,247893.40625,3242389667840.0,153149374464.0
2026-05-14,244054.90625,3239703740416.0,163683844096.0
2026-05-15,243432.5,3361921826816.0,158225907712.0
2026-05-18,243671.609375,3344257515520.0,136472805376.0
2026-05-19,244889.109375,2893603930112.0,134822273024.0
2026-05-20,244977.109375,2886309511168.0,134950150144.0
2026-05-21,240032.90625,2953417850880.0,160514637824.0
2026-05-22,245398.40625,3481228804096.0,135174250496.0
2026-05-25,250198.90625,2903048192000.0,139635736576.0
2026-05-26,249161.40625,3205448335360.0,147727286272.0
2026-05-27,246159.0,3243410456576.0,147555467264.0
2026-05-28,248334.796875,3238216335360.0,136830156800.0
2026-05-29,243320.609375,2967879548928.0,157953916928.0
2026-06-01,239004.109375,3318637920256.0,143572811776.0
2026-06-02,240689.609375,2877238804480.0,137867165696.0
2026-06-03,243557.90625,2792614526976.0,146043076608.0
2026-06-04,242038.703125,3129983631360.0,133947523072.0
2026-06-05,238320.5,2757415665664.0,148015497216.0
2026-06-08,229676.0,3068810231808.0,144736124928.0
2026-06-09,235268.609375,2792523038720.0,129413496832.0
2026-06-10,229199.703125,2640107798528.0,130859458560.0
2026-06-11,226709.90625,2619010711552.0,123794407424.0
2026-06-12,229923.109375,2551812456448.0,153500729344.0
2026-06-15,240715.703125,3214761787392.0,143550545920.0
2026-06-16,244787.203125,3031014834176.0,137005170688.0
2026-06-17,248337.609375,3064533876736.0,135339302912.0
2026-06-18,252152.40625,3091518455808.0,142227963904.0
2026-06-22,261160.609375,3309673906176.0,161973321728.0
2026-06-23,256098.109375,3736878710784.0,151693197312.0
2026-06-24,260574.5,3440492150784.0,143460188160.0
2026-06-25,265669.40625,3284086816768.0,150079569920.0
2026-06-26,259330.203125,3594003677184.0,149636186112.0
2026-06-29,261596.90625,3552080822272.0,146708119552.0
2026-06-30,267415.5,3517515825152.0,134284550144.0
2026-07-01,268357.21875,3273458450432.0,154526597120.0
2026-07-02,258917.703125,3659715051520.0,151289774080.0
2026-07-03,258190.296875,3450310230016.0,138744348672.0
2026-07-06,253007.0,3182238629888.0,135801430016.0
2026-07-07,245033.796875,3090906087424.0,119257112576.0
2026-07-08,237470.203125,2580999831552.0,115064504320.0
2026-07-09,244980.40625,2563357278208.0,126919155712.0
2026-07-10,242119.0,2913539457024.0,145583194112.0
2026-07-13,229804.203125,3388364292096.0,132431699968.0
2026-07-14,233909.90625,2817577713664.0,125439361024.0
2026-07-15,227997.203125,2703781527552.0,126465810432.0
2026-07-16,220020.90625,2570931142656.0,120076763136.0
2026-07-17,207162.609375,2403386785792.0,141370638336.0
2026-07-20,204361.90625,2654743298048.0,148162592768.0
2026-07-21,217907.609375,2701921091584.0,157037641728.0
2026-07-22,215562.203125,2956903579648.0,129516068864.0
2026-07-23,212881.296875,2653166239744.0,118701760512.0
2026-07-24,203868.5,2194997510144.0,107645403136.0
2026-07-27,207273.296875,1930921639936.0,107592048640.0
2026-07-28,196522.40625,2076474867712.0,106800005120.0
2026-07-29,197053.609375,2025613950976.0,124571967488.0
2026-07-30,190831.796875,2296338710528.0,127867871232.0
2026-07-31,197225.296875,2342574882816.0,131644039168.0
2026-08-03,193198.40625,2541755826176.0,114285281280.0
2026-08-04,199285.296875,1997163724800.0,120460623872.0
2026-08-05,206996.90625,2213371183104.0,132400914432.0
2026-08-06,208716.40625,2659432005632.0,130429075456.0
2026-08-07,213847.40625,2528606683136.0,128427278336.0
2026-08-10,214125.609375,2664251523072.0,122925195264.0
2026-08-11,210839.203125,2522941751296.0,117214388224.0
2026-08-12,210962.0,2320839475200.0,112827785216.0
2026-08-13,208572.296875,2152276164608.0,131051454464.0
2026-08-14,207502.5,2550760210432.0,114177294336.0
2026-08-17,212275.296875,2142724423680.0,113137655808.0
2026-08-18,210316.796875,2387307397120.0,118548791296.0
2026-08-19,199161.296875,2400635846656.0,126858772480.0
2026-08-20,198485.609375,2510868447232.0,110287093760.0
2026-08-21,196428.296875,2079246647296.0,99051429888.0
2026-08-24,190694.90625,1879151083520.0,104993660928.0
2026-08-25,188804.296875,2007227826176.0,104339333120.0
2026-08-26,187062.796875,1831626342400.0,106652762112.0
2026-08-27,191409.0,1808381247488.0,113033945088.0
2026-08-28,189298.40625,2125625032704.0,114003476480.0
2026-08-31,190623.90625,2101472002048.0,123440717824.0
2026-09-01,187670.609375,2130563301376.0,125722501120.0
2026-09-02,182866.90625,2032896704512.0,112715145216.0
2026-09-03,180743.5,1790878547968.0,108164177920.0
2026-09-04,178158.109375,1758698799104.0,121532293120.0
2026-09-07,181020.609375,2030440677376.0,106467876864.0
2026-09-08,180392.109375,1945818890240.0,117384372224.0
2026-09-09,178982.609375,1960144273408.0,112019480576.0
2026-09-10,174633.40625,1855427575808.0,104335450112.0
2026-09-11,172364.296875,1646971453440.0,121475244032.0
2026-09-14,169908.5,1971662880768.0,96758759424.0
2026-09-15,166791.5,1629029138432.0,97136287744.0
2026-09-16,169706.203125,1612602408960.0,98976464896.0
2026-09-17,168386.0,1839009234944.0,101087895552.0
2026-09-18,172448.40625,1823032213504.0,108240494592.0
2026-09-21,174925.0,2076852486144.0,113374306304.0
2026-09-22,175722.5,2031361064960.0,115161309184.0
2026-09-23,173274.90625,2135366303744.0,105180438528.0
