date,close
1993-01-03,173.90000915527344
1993-01-04,256.1000061035156
1993-01-05,262.3000183105469
1993-01-06,264.8000183105469
1993-01-07,270.70001220703125
1993-01-08,276.1000061035156
1993-01-11,290.8000183105469
1993-01-12,287.5
1993-01-13,293.70001220703125
1993-01-14,297.3999938964844
1993-01-15,296.6000061035156
1993-01-18,306.1000061035156
1993-01-19,303.70001220703125
1993-01-20,308.70001220703125
1993-01-21,312.1000061035156
1993-01-22,315.3999938964844
1993-01-27,323.1000061035156
1993-01-28,321.6000061035156
1993-01-29,328.5
1993-02-01,356.20001220703125
1993-02-02,368.1000061035156
1993-02-03,364.3000183105469
1993-02-04,377.0
1993-02-05,374.8999938964844
1993-02-08,392.6000061035156
1993-02-09,404.8000183105469
1993-02-10,398.1000061035156
1993-02-11,386.5
1993-02-12,387.3000183105469
1993-02-15,404.2000122070313
1993-02-16,396.0
1993-02-17,401.7000122070313
1993-02-18,404.3999938964844
1993-02-19,444.8000183105469
1993-02-22,439.3999938964844
1993-02-23,423.8999938964844
1993-02-24,397.2000122070313
1993-02-25,427.5
1993-02-26,413.1000061035156
1993-03-01,393.8000183105469
1993-03-02,393.5
1993-03-03,384.2000122070313
1993-03-04,378.5
1993-03-05,360.8999938964844
1993-03-08,384.8999938964844
1993-03-09,372.3999938964844
1993-03-10,395.1000061035156
1993-03-11,405.8000183105469
1993-03-12,413.1000061035156
1993-03-15,372.8999938964844
1993-03-16,384.8999938964844
1993-03-17,375.3000183105469
1993-03-18,375.2000122070313
1993-03-19,374.1000061035156
1993-03-22,344.70001220703125
1993-03-23,335.20001220703125
1993-03-24,326.8000183105469
1993-03-25,338.70001220703125
1993-03-26,366.7000122070313
1993-03-29,355.8000183105469
1993-03-30,357.20001220703125
1993-03-31,354.1000061035156
1993-04-01,356.70001220703125
1993-04-02,354.3000183105469
1993-04-05,357.3999938964844
1993-04-06,376.2000122070313
1993-04-07,396.7000122070313
1993-04-08,422.8999938964844
1993-04-09,420.8999938964844
1993-04-12,436.6000061035156
1993-04-13,451.0
1993-04-14,445.1000061035156
1993-04-15,445.8999938964844
1993-04-16,438.7000122070313
1993-04-19,439.5
1993-04-20,441.3000183105469
1993-04-21,439.8000183105469
1993-04-22,444.3000183105469
1993-04-23,441.6000061035156
1993-04-26,495.8000183105469
1993-04-27,495.7000122070313
1993-04-28,499.8999938964844
1993-04-29,494.6000061035156
1993-04-30,498.0
1993-05-03,494.8000183105469
1993-05-04,481.3999938964844
1993-05-05,479.8999938964844
1993-05-06,458.0
1993-05-07,474.5
1993-05-10,451.8999938964844
1993-05-11,449.1000061035156
1993-05-12,458.3999938964844
1993-05-13,472.6000061035156
1993-05-14,470.6000061035156
1993-05-17,454.1000061035156
1993-05-18,462.2000122070313
1993-05-19,461.3999938964844
1993-05-20,463.3999938964844
1993-05-21,453.3000183105469
1993-05-24,440.6000061035156
1993-05-25,440.3000183105469
1993-05-26,435.3000183105469
1993-05-27,426.6000061035156
1993-05-28,431.6000061035156
1993-05-31,434.7000122070313
1993-06-01,429.5
1993-06-02,464.6000061035156
1993-06-03,458.1000061035156
1993-06-04,450.2000122070313
1993-06-07,479.6000061035156
1993-06-08,479.2000122070313
1993-06-09,473.3000183105469
1993-06-10,472.3999938964844
1993-06-11,466.8999938964844
1993-06-14,457.6000061035156
1993-06-15,459.8999938964844
1993-06-16,457.5
1993-06-17,456.2000122070313
1993-06-18,470.3000183105469
1993-06-21,463.2000122070313
1993-06-22,464.0
1993-06-23,467.7000122070313
1993-06-24,469.3999938964844
1993-06-25,466.7000122070313
1993-06-28,473.3999938964844
1993-06-29,494.3999938964844
1993-06-30,485.0
1993-07-01,478.6000061035156
1993-07-02,483.1000061035156
1993-07-05,474.7000122070313
1993-07-06,453.8000183105469
1993-07-07,453.3999938964844
1993-07-08,453.3000183105469
1993-07-09,440.6000061035156
1993-07-12,438.3000183105469
1993-07-13,441.2000122070313
1993-07-14,432.7000122070313
1993-07-15,426.1000061035156
1993-07-16,421.0
1993-07-19,410.3000183105469
1993-07-20,402.5
1993-07-21,396.6000061035156
1993-07-22,400.6000061035156
1993-07-23,408.5
1993-07-26,402.2000122070313
1993-07-27,414.2000122070313
1993-07-28,429.8000183105469
1993-07-29,436.3000183105469
1993-07-30,458.8000183105469
1993-08-02,454.3999938964844
1993-08-03,446.2000122070313
1993-08-04,453.8999938964844
1993-08-05,460.3999938964844
1993-08-06,463.8999938964844
1993-08-09,498.2000122070313
1993-08-10,494.8999938964844
1993-08-11,514.7000122070312
1993-08-12,534.9000244140625
1993-08-13,553.6000366210938
1993-08-16,603.2000122070312
1993-08-17,549.9000244140625
1993-08-18,546.9000244140625
1993-08-19,544.2999877929688
1993-08-20,528.0
1993-08-23,499.2000122070313
1993-08-24,530.7999877929688
1993-08-25,521.6000366210938
1993-08-26,517.7999877929688
1993-08-27,522.1000366210938
1993-08-30,527.7999877929688
1993-08-31,530.0
1993-09-01,521.6000366210938
1993-09-02,523.2000122070312
1993-09-03,549.7999877929688
1993-09-06,553.7999877929688
1993-09-07,541.0
1993-09-08,543.5
1993-09-09,541.7999877929688
1993-09-10,535.9000244140625
1993-09-13,518.4000244140625
1993-09-14,520.1000366210938
1993-09-15,529.0
1993-09-16,523.9000244140625
1993-09-17,531.7000122070312
1993-09-20,546.4000244140625
1993-09-21,545.2999877929688
1993-09-22,547.5
1993-09-23,548.1000366210938
1993-09-24,540.7999877929688
1993-09-27,544.9000244140625
1993-09-28,555.7999877929688
1993-09-29,562.1000366210938
1993-09-30,563.7000122070312
1993-10-04,573.9000244140625
1993-10-05,569.9000244140625
1993-10-06,568.6000366210938
1993-10-07,577.6000366210938
1993-10-08,586.0
1993-10-11,581.0
1993-10-12,581.6000366210938
1993-10-13,571.6000366210938
1993-10-14,569.2000122070312
1993-10-15,572.1000366210938
1993-10-18,567.7000122070312
1993-10-19,570.2000122070312
1993-10-20,571.0
1993-10-21,566.4000244140625
1993-10-22,557.4000244140625
1993-10-25,546.9000244140625
1993-10-26,551.0
1993-10-27,548.7999877929688
1993-10-28,590.2000122070312
1993-10-29,579.1000366210938
1993-11-01,578.7000122070312
1993-11-02,579.2999877929688
1993-11-03,574.2000122070312
1993-11-04,570.0
1993-11-05,575.5
1993-11-08,615.7000122070312
1993-11-09,610.6000366210938
1993-11-10,627.1000366210938
1993-11-11,637.4000244140625
1993-11-12,656.7000122070312
1993-11-15,674.2999877929688
1993-11-16,659.1000366210938
1993-11-17,664.7000122070312
1993-11-18,692.5
1993-11-19,711.2999877929688
1993-11-22,727.7999877929688
1993-11-23,725.5
1993-11-24,717.2999877929688
1993-11-25,733.7999877929688
1993-11-26,736.2000122070312
1993-11-29,738.7000122070312
1993-11-30,753.2000122070312
1993-12-01,752.2999877929688
1993-12-02,747.7999877929688
1993-12-03,752.6000366210938
1993-12-06,786.5
1993-12-07,795.7000122070312
1993-12-08,797.6000366210938
1993-12-09,785.7999877929688
1993-12-10,804.1000366210938
1993-12-13,778.9000244140625
1993-12-14,772.1000366210938
1993-12-15,797.9000244140625
1993-12-16,779.9000244140625
1993-12-17,771.1000366210938
1993-12-20,713.4000244140625
1993-12-21,743.7999877929688
1993-12-22,727.6000366210938
1993-12-23,725.5
1993-12-24,736.7999877929688
1993-12-27,739.1000366210938
1993-12-28,732.2000122070312
1993-12-29,721.1000366210938
1993-12-30,742.4000244140625
1993-12-31,744.7999877929688
1994-01-03,771.6000366210938
1994-01-04,762.4000244140625
1994-01-05,769.9000244140625
1994-01-06,843.2999877929688
1994-01-07,848.6000366210938
1994-01-10,875.2999877929688
1994-01-11,860.4000244140625
1994-01-12,858.0
1994-01-13,864.0
1994-01-14,837.1000366210938
1994-01-17,838.1000366210938
1994-01-18,834.2999877929688
1994-01-19,810.7999877929688
1994-01-20,804.2000122070312
1994-01-21,809.2999877929688
1994-01-24,826.4000244140625
1994-01-25,806.2000122070312
1994-01-26,796.2000122070312
1994-01-27,805.7000122070312
1994-01-28,802.5
1994-01-31,767.4000244140625
1994-02-01,758.9000244140625
1994-02-02,788.9000244140625
1994-02-03,824.7000122070312
1994-02-04,870.4000244140625
1994-02-14,822.0
1994-02-15,818.5
1994-02-16,816.5
1994-02-17,805.1000366210938
1994-02-18,806.1000366210938
1994-02-21,784.7999877929688
1994-02-22,807.7000122070312
1994-02-23,803.4000244140625
1994-02-24,843.4000244140625
1994-02-25,855.1000366210938
1994-02-28,835.7999877929688
1994-03-01,827.2999877929688
1994-03-02,813.9000244140625
1994-03-03,805.0
1994-03-04,796.6000366210938
1994-03-07,792.4000244140625
1994-03-08,787.7000122070312
1994-03-09,790.9000244140625
1994-03-10,768.2000122070312
1994-03-11,806.0
1994-03-14,875.2999877929688
1994-03-15,849.6000366210938
1994-03-16,861.0
1994-03-17,853.6000366210938
1994-03-18,847.9000244140625
1994-03-21,817.0
1994-03-22,820.6000366210938
1994-03-23,801.5
1994-03-24,808.0
1994-03-25,809.0
1994-03-28,792.2000122070312
1994-03-29,804.7999877929688
1994-03-30,796.7000122070312
1994-03-31,785.5
1994-04-01,776.7000122070312
1994-04-04,775.1000366210938
1994-04-05,768.0
1994-04-06,769.7000122070312
1994-04-07,767.6000366210938
1994-04-08,764.6000366210938
1994-04-11,741.7000122070312
1994-04-12,744.6000366210938
1994-04-13,732.6000366210938
1994-04-14,699.6000366210938
1994-04-15,703.7000122070312
1994-04-18,669.2999877929688
1994-04-19,628.4000244140625
1994-04-20,591.5
1994-04-21,641.6000366210938
1994-04-22,618.1000366210938
1994-04-25,631.2000122070312
1994-04-26,656.5
1994-04-27,687.5
1994-04-28,677.7999877929688
1994-04-29,684.0
1994-05-03,718.6000366210938
1994-05-04,718.2999877929688
1994-05-05,689.4000244140625
1994-05-06,699.5
1994-05-09,727.0
1994-05-10,744.4000244140625
1994-05-11,727.2000122070312
1994-05-12,709.6000366210938
1994-05-13,734.9000244140625
1994-05-16,742.0
1994-05-17,730.0
1994-05-18,720.6000366210938
1994-05-19,733.1000366210938
1994-05-20,738.6000366210938
1994-05-23,729.1000366210938
1994-05-24,733.5
1994-05-25,735.2000122070312
1994-05-26,719.2999877929688
1994-05-27,711.2000122070312
1994-05-30,669.7000122070312
1994-05-31,685.0
1994-06-01,663.4000244140625
1994-06-02,662.7000122070312
1994-06-03,667.5
1994-06-06,656.1000366210938
1994-06-07,644.2000122070312
1994-06-08,650.7000122070312
1994-06-09,637.2999877929688
1994-06-10,629.1000366210938
1994-06-13,602.6000366210938
1994-06-14,595.4000244140625
1994-06-15,601.4000244140625
1994-06-16,619.7000122070312
1994-06-17,650.5
1994-06-20,615.5
1994-06-21,609.6000366210938
1994-06-22,619.2000122070312
1994-06-23,613.2000122070312
1994-06-24,603.0
1994-06-27,576.7000122070312
1994-06-28,573.0
1994-06-29,569.2999877929688
1994-06-30,573.9000244140625
1994-07-01,561.1000366210938
1994-07-04,551.2999877929688
1994-07-05,556.7999877929688
1994-07-06,548.1000366210938
1994-07-07,544.5
1994-07-08,557.7000122070312
1994-07-11,543.5
1994-07-12,542.6000366210938
1994-07-13,552.7999877929688
1994-07-14,546.4000244140625
1994-07-15,523.2000122070312
1994-07-18,502.3000183105469
1994-07-19,503.6000061035156
1994-07-20,493.0
1994-07-21,481.0
1994-07-22,466.5
1994-07-25,486.3000183105469
1994-07-26,507.0
1994-07-27,478.6000061035156
1994-07-28,443.2000122070313
1994-07-29,437.7000122070313
1994-08-01,593.6000366210938
1994-08-02,579.2999877929688
1994-08-03,693.6000366210938
1994-08-04,734.0
1994-08-05,860.2000122070312
1994-08-08,883.6000366210938
1994-08-09,791.4000244140625
1994-08-10,923.2000122070312
1994-08-11,870.7000122070312
1994-08-12,870.4000244140625
1994-08-15,843.2999877929688
1994-08-16,869.2000122070312
1994-08-17,899.1000366210938
1994-08-18,936.0
1994-08-19,897.7000122070312
1994-08-22,860.7999877929688
1994-08-23,891.4000244140625
1994-08-24,877.7999877929688
1994-08-25,877.2000122070312
1994-08-26,859.5
1994-08-29,854.0
1994-08-30,899.2000122070312
1994-08-31,940.7000122070312
1994-09-01,957.5
1994-09-02,1005.0
1994-09-05,1168.7000732421875
1994-09-06,1259.5
1994-09-07,1166.0
1994-09-08,1237.800048828125
1994-09-09,1193.7000732421875
1994-09-12,1271.800048828125
1994-09-13,1279.9000244140625
1994-09-14,1222.5999755859375
1994-09-15,1204.300048828125
1994-09-16,1227.0
1994-09-19,1181.7000732421875
1994-09-20,1161.0
1994-09-21,1230.0999755859375
1994-09-22,1181.4000244140625
1994-09-23,1137.0
1994-09-26,1150.300048828125
1994-09-27,1152.7000732421875
1994-09-28,1202.0999755859375
1994-09-29,1096.300048828125
1994-09-30,1015.7000122070312
1994-10-05,892.2000122070312
1994-10-06,839.4000244140625
1994-10-07,936.1000366210938
1994-10-10,884.6000366210938
1994-10-11,894.0
1994-10-12,901.7000122070312
1994-10-13,817.0
1994-10-14,848.4000244140625
1994-10-17,792.6000366210938
1994-10-18,803.7999877929688
1994-10-19,835.5
1994-10-20,905.7000122070312
1994-10-21,883.0
1994-10-24,963.9000244140624
1994-10-25,919.1000366210938
1994-10-26,870.5
1994-10-27,892.1000366210938
1994-10-28,864.7000122070312
1994-10-31,831.4000244140625
1994-11-01,851.2000122070312
1994-11-02,845.7999877929688
1994-11-03,892.1000366210938
1994-11-04,842.7000122070312
1994-11-07,846.2999877929688
1994-11-08,878.2000122070312
1994-11-09,892.7999877929688
1994-11-10,877.7000122070312
1994-11-11,902.2999877929688
1994-11-14,907.4000244140624
1994-11-15,879.9000244140625
1994-11-16,881.2999877929688
1994-11-17,868.6000366210938
1994-11-18,869.7999877929688
1994-11-21,867.7999877929688
1994-11-22,862.6000366210938
1994-11-23,851.2999877929688
1994-11-24,847.9000244140625
1994-11-25,856.7000122070312
1994-11-28,852.7000122070312
1994-11-29,862.1000366210938
1994-11-30,857.2000122070312
1994-12-01,856.0
1994-12-02,851.6000366210938
1994-12-05,832.7000122070312
1994-12-06,819.4000244140625
1994-12-07,818.2999877929688
1994-12-08,806.5
1994-12-09,800.1000366210938
1994-12-12,776.0
1994-12-13,795.9000244140625
1994-12-14,782.7000122070312
1994-12-15,849.5
1994-12-16,853.9000244140625
1994-12-19,821.7000122070312
1994-12-20,837.5
1994-12-21,836.0
1994-12-22,830.6000366210938
1994-12-23,833.2000122070312
1994-12-26,826.2000122070312
1994-12-27,815.7999877929688
1994-12-28,808.7999877929688
1994-12-29,805.2000122070312
1994-12-30,812.5
1995-01-03,805.9000244140625
1995-01-04,828.9000244140625
1995-01-05,820.5
1995-01-06,817.4000244140625
1995-01-09,796.5
1995-01-10,774.4000244140625
1995-01-11,778.4000244140625
1995-01-12,765.4000244140625
1995-01-13,759.2000122070312
1995-01-16,740.9000244140625
1995-01-17,739.7999877929688
1995-01-18,750.2999877929688
1995-01-19,722.1000366210938
1995-01-20,722.5
1995-01-23,705.6000366210938
1995-01-24,706.5
1995-01-25,717.5
1995-01-26,712.7000122070312
1995-01-27,722.4000244140625
1995-02-06,703.0
1995-02-07,701.9000244140625
1995-02-08,703.2999877929688
1995-02-09,716.4000244140625
1995-02-10,706.9000244140625
1995-02-13,710.6000366210938
1995-02-14,709.2000122070312
1995-02-15,704.7000122070312
1995-02-16,700.6000366210938
1995-02-17,700.0
1995-02-20,699.5
1995-02-21,705.2000122070312
1995-02-22,779.9000244140625
1995-02-23,762.2000122070312
1995-02-24,725.2000122070312
1995-02-27,728.2000122070312
1995-02-28,719.4000244140625
1995-03-01,730.0
1995-03-02,734.1000366210938
1995-03-03,754.4000244140625
1995-03-06,800.2000122070312
1995-03-07,821.7999877929688
1995-03-08,813.2000122070312
1995-03-09,789.5
1995-03-10,768.2000122070312
1995-03-13,766.0
1995-03-14,767.5
1995-03-15,750.1000366210938
1995-03-16,759.1000366210938
1995-03-17,773.7999877929688
1995-03-20,762.2000122070312
1995-03-21,770.7000122070312
1995-03-22,795.1000366210938
1995-03-23,787.7000122070312
1995-03-24,791.7000122070312
1995-03-27,807.9000244140625
1995-03-28,803.7000122070312
1995-03-29,814.9000244140625
1995-03-30,805.2000122070312
1995-03-31,821.7999877929688
1995-04-03,830.2000122070312
1995-04-04,830.7999877929688
1995-04-05,817.7999877929688
1995-04-06,826.7999877929688
1995-04-07,844.7999877929688
1995-04-10,842.2000122070312
1995-04-11,818.5
1995-04-12,822.2000122070312
1995-04-13,810.9000244140625
1995-04-14,818.5
1995-04-17,810.7000122070312
1995-04-18,806.2999877929688
1995-04-19,813.7000122070312
1995-04-20,825.4000244140625
1995-04-21,815.0
1995-04-24,794.1000366210938
1995-04-25,791.9000244140625
1995-04-26,765.9000244140625
1995-04-27,729.7999877929688
1995-04-28,743.9000244140625
1995-05-02,740.7999877929688
1995-05-03,738.7000122070312
1995-05-04,729.1000366210938
1995-05-05,731.9000244140625
1995-05-08,729.2999877929688
1995-05-09,737.7000122070312
1995-05-10,719.0
1995-05-11,722.6000366210938
1995-05-12,739.2000122070312
1995-05-15,735.9000244140625
1995-05-16,732.2000122070312
1995-05-17,737.5
1995-05-18,952.2999877929688
1995-05-19,1069.0
1995-05-22,1126.9000244140625
1995-05-23,931.0
1995-05-24,926.5
1995-05-25,873.0
1995-05-26,906.2999877929688
1995-05-29,891.6000366210938
1995-05-30,889.7999877929688
1995-05-31,874.5
1995-06-01,884.7999877929688
1995-06-02,890.0
1995-06-05,862.1000366210938
1995-06-06,860.1000366210938
1995-06-07,892.7999877929688
1995-06-08,868.1000366210938
1995-06-09,874.7000122070312
1995-06-12,868.2000122070312
1995-06-13,869.5
1995-06-14,857.5
1995-06-15,806.2999877929688
1995-06-16,809.7999877929688
1995-06-19,802.4000244140625
1995-06-20,803.9000244140625
1995-06-21,818.2000122070312
1995-06-22,810.7999877929688
1995-06-23,817.0
1995-06-26,824.4000244140625
1995-06-27,817.1000366210938
1995-06-28,815.6000366210938
1995-06-29,811.5
1995-06-30,802.2000122070312
1995-07-03,780.2999877929688
1995-07-04,789.6000366210938
1995-07-05,804.0
1995-07-06,804.7000122070312
1995-07-07,843.0
1995-07-10,844.5
1995-07-11,823.5
1995-07-12,824.7999877929688
1995-07-13,835.5
1995-07-14,829.9000244140625
1995-07-17,868.7999877929688
1995-07-18,875.2000122070312
1995-07-19,849.0
1995-07-20,854.4000244140625
1995-07-21,859.1000366210938
1995-07-24,875.5
1995-07-25,866.5
1995-07-26,854.5
1995-07-27,861.4000244140625
1995-07-28,860.4000244140625
1995-07-31,861.5
1995-08-01,881.1000366210938
1995-08-02,864.7999877929688
1995-08-03,870.2999877929688
1995-08-04,875.2999877929688
1995-08-07,892.5
1995-08-08,889.5
1995-08-09,893.9000244140625
1995-08-10,912.4000244140624
1995-08-11,925.4000244140624
1995-08-14,971.1000366210938
1995-08-15,944.1000366210938
1995-08-16,964.2999877929688
1995-08-17,971.1000366210938
1995-08-18,976.7000122070312
1995-08-21,955.2000122070312
1995-08-22,946.2000122070312
1995-08-23,925.7999877929688
1995-08-24,928.5
1995-08-25,915.1000366210938
1995-08-28,912.5
1995-08-29,904.4000244140624
1995-08-30,898.1000366210938
1995-08-31,908.6000366210938
1995-09-01,912.7000122070312
1995-09-04,922.5
1995-09-05,918.5
1995-09-06,935.7999877929688
1995-09-07,933.7000122070312
1995-09-08,928.7000122070312
1995-09-11,948.9000244140624
1995-09-12,940.9000244140624
1995-09-13,943.1000366210938
1995-09-14,941.2000122070312
1995-09-15,940.1000366210938
1995-09-18,942.2000122070312
1995-09-19,916.0
1995-09-20,904.5
1995-09-21,911.7999877929688
1995-09-22,911.4000244140624
1995-09-25,902.7999877929688
1995-09-26,908.4000244140624
1995-09-27,887.0
1995-09-28,889.5
1995-09-29,906.1000366210938
1995-10-04,900.9000244140624
1995-10-05,908.1000366210938
1995-10-06,901.5
1995-10-09,885.1000366210938
1995-10-10,895.7999877929688
1995-10-11,899.9000244140625
1995-10-12,893.7000122070312
1995-10-13,909.2999877929688
1995-10-16,910.2999877929688
1995-10-17,914.2999877929688
1995-10-18,932.4000244140624
1995-10-19,915.5
1995-10-20,954.7000122070312
1995-10-23,951.9000244140624
1995-10-24,957.9000244140624
1995-10-25,1002.0
1995-10-26,968.0
1995-10-27,954.2999877929688
1995-10-30,949.9000244140624
1995-10-31,952.0
1995-11-01,963.4000244140624
1995-11-02,962.2999877929688
1995-11-03,972.5
1995-11-06,981.7000122070312
1995-11-07,975.2999877929688
1995-11-08,955.2999877929688
1995-11-09,954.7999877929688
1995-11-10,951.7999877929688
1995-11-13,928.5
1995-11-14,929.1000366210938
1995-11-15,941.0
1995-11-16,931.1000366210938
1995-11-17,928.2000122070312
1995-11-20,929.2000122070312
1995-11-21,934.9000244140624
1995-11-22,915.0
1995-11-23,909.5
1995-11-24,912.1000366210938
1995-11-27,895.2000122070312
1995-11-28,903.0
1995-11-29,888.4000244140625
1995-11-30,885.7000122070312
1995-12-01,877.9000244140625
1995-12-04,878.7000122070312
1995-12-05,882.2000122070312
1995-12-06,876.9000244140625
1995-12-07,880.7999877929688
1995-12-08,888.7000122070312
1995-12-11,867.2999877929688
1995-12-12,883.6000366210938
1995-12-13,865.5
1995-12-14,864.7000122070312
1995-12-15,851.7000122070312
1995-12-18,834.9000244140625
1995-12-19,835.4000244140625
1995-12-20,847.7000122070312
1995-12-21,841.7000122070312
1995-12-22,838.4000244140625
1995-12-25,818.7999877929688
1995-12-26,809.9000244140625
1995-12-27,810.7000122070312
1995-12-28,792.1000366210938
1995-12-29,791.9000244140625
1996-01-02,781.5
1996-01-03,784.7999877929688
1996-01-04,806.6000366210938
1996-01-05,777.2000122070312
1996-01-08,779.5
1996-01-09,805.7999877929688
1996-01-10,789.5
1996-01-11,786.5
1996-01-12,789.7000122070312
1996-01-15,794.0
1996-01-16,789.9000244140625
1996-01-17,775.5
1996-01-18,751.5
1996-01-19,759.7999877929688
1996-01-22,748.5
1996-01-23,754.7000122070312
1996-01-24,759.7000122070312
1996-01-25,758.5
1996-01-26,769.7999877929688
1996-01-29,774.7999877929688
1996-01-30,780.7999877929688
1996-01-31,785.4000244140625
1996-02-01,784.7999877929688
1996-02-02,781.6000366210938
1996-02-05,765.7999877929688
1996-02-06,762.5
1996-02-07,766.2999877929688
1996-02-08,764.2999877929688
1996-02-09,769.7000122070312
1996-02-12,771.7999877929688
1996-02-13,783.6000366210938
1996-02-14,779.9000244140625
1996-02-15,793.9000244140625
1996-02-16,816.6000366210938
1996-03-04,883.7999877929688
1996-03-05,861.2000122070312
1996-03-06,823.4000244140625
1996-03-07,837.9000244140625
1996-03-08,845.0
1996-03-11,837.2999877929688
1996-03-12,834.0
1996-03-13,833.7999877929688
1996-03-14,834.0
1996-03-15,836.0
1996-03-18,846.1000366210938
1996-03-19,844.2000122070312
1996-03-20,852.2000122070312
1996-03-21,853.2000122070312
1996-03-22,857.4000244140625
1996-03-25,862.1000366210938
1996-03-26,852.0
1996-03-27,851.2999877929688
1996-03-28,843.6000366210938
1996-03-29,845.7999877929688
1996-04-01,856.2000122070312
1996-04-02,844.7000122070312
1996-04-03,849.7000122070312
1996-04-04,854.5
1996-04-05,881.0
1996-04-08,886.9000244140625
1996-04-09,882.7000122070312
1996-04-10,888.5
1996-04-11,895.6000366210938
1996-04-12,902.2999877929688
1996-04-15,906.7000122070312
1996-04-16,921.9000244140624
1996-04-17,922.4000244140624
1996-04-18,948.4000244140624
1996-04-19,972.4000244140624
1996-04-22,981.2999877929688
1996-04-23,1011.0
1996-04-24,1091.5999755859375
1996-04-25,1062.7000732421875
1996-04-26,1172.300048828125
1996-04-29,1249.300048828125
1996-04-30,1170.7000732421875
1996-05-02,1128.800048828125
1996-05-03,1129.5999755859375
1996-05-06,1178.800048828125
1996-05-07,1166.9000244140625
1996-05-08,1156.9000244140625
1996-05-09,1138.300048828125
1996-05-10,1139.300048828125
1996-05-13,1162.7000732421875
1996-05-14,1156.4000244140625
1996-05-15,1198.9000244140625
1996-05-16,1218.300048828125
1996-05-17,1262.2000732421875
1996-05-20,1265.9000244140625
1996-05-21,1181.0
1996-05-22,1199.0
1996-05-23,1150.300048828125
1996-05-24,1154.5
1996-05-27,1147.5
1996-05-28,1163.7000732421875
1996-05-29,1188.300048828125
1996-05-30,1166.800048828125
1996-05-31,1206.2000732421875
1996-06-03,1222.2000732421875
1996-06-04,1245.300048828125
1996-06-05,1290.0999755859375
1996-06-06,1303.800048828125
1996-06-07,1342.300048828125
1996-06-10,1372.5
1996-06-11,1370.800048828125
1996-06-12,1380.300048828125
1996-06-13,1409.7000732421875
1996-06-14,1402.300048828125
1996-06-17,1367.9000244140625
1996-06-18,1429.2000732421875
1996-06-19,1444.9000244140625
1996-06-20,1457.7000732421875
1996-06-21,1459.4000244140625
1996-06-24,1475.800048828125
1996-06-25,1454.300048828125
1996-06-26,1493.9000244140625
1996-06-27,1494.4000244140625
1996-06-28,1479.5999755859375
1996-07-01,1416.5
1996-07-02,1438.5999755859375
1996-07-03,1487.5
1996-07-04,1506.4000244140625
1996-07-05,1524.300048828125
1996-07-08,1573.9000244140625
1996-07-09,1598.300048828125
1996-07-10,1620.5
1996-07-11,1566.0999755859375
1996-07-12,1609.300048828125
1996-07-15,1617.0
1996-07-16,1698.800048828125
1996-07-17,1660.2000732421875
1996-07-18,1712.0
1996-07-19,1764.300048828125
1996-07-22,1813.800048828125
1996-07-23,1814.2000732421875
1996-07-24,1846.300048828125
1996-07-25,1802.4000244140625
1996-07-26,1772.4000244140625
1996-07-29,1838.7000732421875
1996-07-30,1804.5999755859373
1996-07-31,1764.9000244140625
1996-08-01,1783.5999755859375
1996-08-02,1770.7000732421875
1996-08-05,1805.300048828125
1996-08-06,1824.7000732421875
1996-08-07,1853.5999755859373
1996-08-08,1867.7000732421875
1996-08-09,1861.0
1996-08-12,1891.4000244140625
1996-08-13,1876.7000732421875
1996-08-14,1869.4000244140625
1996-08-15,1853.9000244140625
1996-08-16,1838.0
1996-08-19,1801.300048828125
1996-08-20,1748.2000732421875
1996-08-21,1800.5999755859375
1996-08-22,1757.4000244140625
1996-08-23,1728.2000732421875
1996-08-26,1662.7000732421875
1996-08-27,1698.800048828125
1996-08-28,1749.0999755859375
1996-08-29,1754.7000732421875
1996-08-30,1831.5999755859373
1996-09-02,1860.0
1996-09-03,1848.800048828125
1996-09-04,1887.800048828125
1996-09-05,1853.5999755859373
1996-09-06,1835.5999755859373
1996-09-09,1826.7000732421875
1996-09-10,1748.0
1996-09-11,1770.0
1996-09-12,1723.800048828125
1996-09-13,1766.9000244140625
1996-09-16,1781.800048828125
1996-09-17,1796.5999755859375
1996-09-18,1732.2000732421875
1996-09-19,1754.5
1996-09-20,1816.0
1996-09-23,1886.4000244140625
1996-09-24,1898.9000244140625
1996-09-25,1887.5999755859373
1996-09-26,1929.7000732421875
1996-09-27,1981.9000244140625
1996-10-03,1991.300048828125
1996-10-04,1995.5999755859373
1996-10-07,2025.0999755859373
1996-10-08,2068.0
1996-10-09,2047.800048828125
1996-10-10,2117.800048828125
1996-10-11,2140.900146484375
1996-10-14,2211.699951171875
1996-10-15,2236.0
1996-10-16,2236.10009765625
1996-10-17,2287.900146484375
1996-10-18,2215.5
1996-10-21,2307.0
1996-10-22,2280.300048828125
1996-10-23,2367.300048828125
1996-10-24,2375.300048828125
1996-10-25,2400.60009765625
1996-10-28,2484.900146484375
1996-10-29,2503.300048828125
1996-10-30,2409.10009765625
1996-10-31,2478.0
1996-11-01,2370.199951171875
1996-11-04,2415.800048828125
1996-11-05,2390.60009765625
1996-11-06,2343.199951171875
1996-11-07,2352.5
1996-11-08,2365.10009765625
1996-11-11,2443.60009765625
1996-11-12,2481.699951171875
1996-11-13,2507.199951171875
1996-11-14,2567.10009765625
1996-11-15,2610.60009765625
1996-11-18,2742.800048828125
1996-11-19,2776.199951171875
1996-11-20,2829.60009765625
1996-11-21,2641.10009765625
1996-11-22,2700.0
1996-11-25,2777.699951171875
1996-11-26,2770.699951171875
1996-11-27,2762.900146484375
1996-11-28,2790.10009765625
1996-11-29,2857.300048828125
1996-12-02,2979.10009765625
1996-12-03,3028.800048828125
1996-12-04,3117.199951171875
1996-12-05,3207.60009765625
1996-12-06,3235.400146484375
1996-12-09,3327.900146484375
1996-12-10,3296.300048828125
1996-12-11,3357.900146484375
1996-12-12,3239.699951171875
1996-12-13,3065.10009765625
1996-12-16,2761.800048828125
1996-12-17,2491.5
1996-12-18,2654.5
1996-12-19,2446.10009765625
1996-12-20,2327.5
1996-12-23,2333.900146484375
1996-12-24,2205.800048828125
1996-12-25,2284.900146484375
1996-12-26,2347.900146484375
1996-12-27,2417.699951171875
1996-12-30,2518.199951171875
1996-12-31,2440.300048828125
1997-01-02,2524.60009765625
1997-01-03,2469.5
1997-01-06,2371.300048828125
1997-01-07,2455.0
1997-01-08,2444.300048828125
1997-01-09,2475.800048828125
1997-01-10,2510.800048828125
1997-01-13,2560.60009765625
1997-01-14,2496.900146484375
1997-01-15,2519.900146484375
1997-01-16,2521.400146484375
1997-01-17,2545.10009765625
1997-01-20,2584.5
1997-01-21,2578.300048828125
1997-01-22,2633.900146484375
1997-01-23,2673.60009765625
1997-01-24,2702.300048828125
1997-01-27,2733.800048828125
1997-01-28,2734.800048828125
1997-01-29,2744.699951171875
1997-01-30,2771.800048828125
1997-01-31,2787.5
1997-02-17,2821.5
1997-02-18,2564.199951171875
1997-02-19,2740.199951171875
1997-02-20,2727.0
1997-02-21,2838.300048828125
1997-02-24,2843.199951171875
1997-02-25,2886.60009765625
1997-02-26,2961.60009765625
1997-02-27,2966.699951171875
1997-02-28,3019.300048828125
1997-03-03,3107.0
1997-03-04,3112.800048828125
1997-03-05,3056.199951171875
1997-03-06,3122.0
1997-03-07,3118.300048828125
1997-03-10,3182.800048828125
1997-03-11,3233.199951171875
1997-03-12,3276.800048828125
1997-03-13,3248.699951171875
1997-03-14,3285.800048828125
1997-03-17,3376.5
1997-03-18,3412.800048828125
1997-03-19,3427.400146484375
1997-03-20,3328.900146484375
1997-03-21,3448.400146484375
1997-03-24,3541.800048828125
1997-03-25,3576.699951171875
1997-03-26,3645.0
1997-03-27,3632.60009765625
1997-03-28,3630.5
1997-03-31,3719.900146484375
1997-04-01,3734.0
1997-04-02,3716.699951171875
1997-04-03,3747.699951171875
1997-04-04,3794.800048828125
1997-04-07,3842.400146484375
1997-04-08,3762.60009765625
1997-04-09,3868.0
1997-04-10,3848.800048828125
1997-04-11,3823.800048828125
1997-04-14,3894.800048828125
1997-04-15,3942.900146484375
1997-04-16,3989.800048828125
1997-04-17,3987.800048828125
1997-04-18,4036.10009765625
1997-04-21,4127.2001953125
1997-04-22,4167.10009765625
1997-04-23,4225.80029296875
1997-04-24,4256.80029296875
1997-04-25,4258.89990234375
1997-04-28,4294.89990234375
1997-04-29,4297.10009765625
1997-04-30,4377.0
1997-05-05,4549.39990234375
1997-05-06,4720.60009765625
1997-05-07,4796.10009765625
1997-05-08,4531.0
1997-05-09,4758.5
1997-05-12,4892.60009765625
1997-05-13,4768.10009765625
1997-05-14,4485.39990234375
1997-05-15,4621.2001953125
1997-05-16,4239.2001953125
1997-05-19,4304.10009765625
1997-05-20,4454.39990234375
1997-05-21,4319.80029296875
1997-05-22,3936.10009765625
1997-05-23,4001.900146484375
1997-05-26,4037.199951171875
1997-05-27,4153.0
1997-05-28,4150.10009765625
1997-05-29,4112.89990234375
1997-05-30,4205.7001953125
1997-06-02,4404.30029296875
1997-06-03,4442.89990234375
1997-06-04,4502.0
1997-06-05,4502.10009765625
1997-06-06,4256.10009765625
1997-06-09,4286.80029296875
1997-06-10,4138.7001953125
1997-06-11,4083.699951171875
1997-06-12,4062.699951171875
1997-06-13,4206.0
1997-06-16,4320.39990234375
1997-06-17,4279.10009765625
1997-06-18,4287.60009765625
1997-06-19,4260.0
1997-06-20,4517.60009765625
1997-06-23,4525.60009765625
1997-06-24,4636.5
1997-06-25,4642.30029296875
1997-06-26,4663.60009765625
1997-06-27,4589.80029296875
1997-07-02,4419.5
1997-07-03,4233.89990234375
1997-07-04,4283.30029296875
1997-07-07,3984.0
1997-07-08,4054.60009765625
1997-07-09,4114.7001953125
1997-07-10,4078.900146484375
1997-07-11,4258.7001953125
1997-07-14,4388.0
1997-07-15,4421.30029296875
1997-07-16,4409.60009765625
1997-07-17,4453.60009765625
1997-07-18,4540.10009765625
1997-07-21,4493.60009765625
1997-07-22,4560.2001953125
1997-07-23,4535.0
1997-07-24,4426.2001953125
1997-07-25,4416.0
1997-07-28,4295.89990234375
1997-07-29,4339.2001953125
1997-07-30,4447.89990234375
1997-07-31,4469.2001953125
1997-08-01,4480.2001953125
1997-08-04,4530.39990234375
1997-08-05,4527.30029296875
1997-08-06,4427.2001953125
1997-08-07,4498.5
1997-08-08,4502.80029296875
1997-08-11,4414.5
1997-08-12,4261.60009765625
1997-08-13,4159.89990234375
1997-08-14,4314.0
1997-08-15,4221.89990234375
1997-08-18,4158.80029296875
1997-08-19,4161.5
1997-08-20,4212.0
1997-08-21,4282.89990234375
1997-08-22,4330.7001953125
1997-08-25,4390.2001953125
1997-08-26,4429.39990234375
1997-08-27,4450.7001953125
1997-08-28,4475.80029296875
1997-08-29,4476.7001953125
1997-09-01,4491.2001953125
1997-09-02,4507.5
1997-09-03,4576.39990234375
1997-09-04,4615.39990234375
1997-09-05,4607.10009765625
1997-09-08,4614.89990234375
1997-09-09,4527.7001953125
1997-09-10,4600.5
1997-09-11,4554.5
1997-09-12,4437.7001953125
1997-09-15,4322.30029296875
1997-09-16,4351.0
1997-09-17,4284.0
1997-09-18,4311.5
1997-09-19,4354.7001953125
1997-09-22,4052.699951171875
1997-09-23,3787.60009765625
1997-09-24,4045.5
1997-09-25,4087.5
1997-09-26,4063.199951171875
1997-09-29,3965.10009765625
1997-09-30,4022.60009765625
1997-10-06,4024.0
1997-10-07,4040.5
1997-10-08,4178.30029296875
1997-10-09,4146.30029296875
1997-10-10,4183.30029296875
1997-10-13,4148.60009765625
1997-10-14,4144.10009765625
1997-10-15,4204.30029296875
1997-10-16,4328.2001953125
1997-10-17,4460.39990234375
1997-10-20,4529.60009765625
1997-10-21,4601.7001953125
1997-10-22,4538.7001953125
1997-10-23,4573.80029296875
1997-10-24,4639.7001953125
1997-10-27,4771.89990234375
1997-10-28,4573.39990234375
1997-10-29,4661.10009765625
1997-10-30,4622.39990234375
1997-10-31,4663.39990234375
1997-11-03,4665.2001953125
1997-11-04,4697.5
1997-11-05,4780.60009765625
1997-11-06,4739.89990234375
1997-11-07,4803.7001953125
1997-11-10,4744.80029296875
1997-11-11,4740.10009765625
1997-11-12,4670.80029296875
1997-11-13,4741.0
1997-11-14,4739.39990234375
1997-11-17,4714.2001953125
1997-11-18,4687.80029296875
1997-11-19,4671.80029296875
1997-11-20,4630.0
1997-11-21,4555.60009765625
1997-11-24,4437.10009765625
1997-11-25,4497.0
1997-11-26,4563.10009765625
1997-11-27,4451.30029296875
1997-11-28,4550.80029296875
1997-12-01,4508.60009765625
1997-12-02,4503.10009765625
1997-12-03,4482.5
1997-12-04,4573.5
1997-12-05,4573.2001953125
1997-12-08,4579.60009765625
1997-12-09,4633.10009765625
1997-12-10,4665.2001953125
1997-12-11,4675.30029296875
1997-12-12,4649.60009765625
1997-12-15,4704.10009765625
1997-12-16,4748.5
1997-12-17,4618.60009765625
1997-12-18,4637.10009765625
1997-12-19,4664.30029296875
1997-12-22,4706.89990234375
1997-12-23,4727.80029296875
1997-12-24,4724.39990234375
1997-12-25,4781.5
1997-12-26,4837.7001953125
1997-12-29,4840.60009765625
1997-12-30,4809.7001953125
1997-12-31,4854.89990234375
1998-01-05,4981.2001953125
1998-01-06,5037.10009765625
1998-01-07,5095.0
1998-01-08,5089.80029296875
1998-01-09,5097.5
1998-01-12,5069.80029296875
1998-01-13,4804.80029296875
1998-01-14,4953.30029296875
1998-01-15,5041.30029296875
1998-01-16,5013.10009765625
1998-01-19,5002.80029296875
1998-01-20,4947.0
1998-01-21,4911.80029296875
1998-01-22,4984.5
1998-01-23,5063.7001953125
1998-02-09,5162.89990234375
1998-02-10,5113.10009765625
1998-02-11,5154.2001953125
1998-02-12,5146.0
1998-02-13,5152.89990234375
1998-02-16,5134.30029296875
1998-02-17,5140.5
1998-02-18,5140.30029296875
1998-02-19,5151.39990234375
1998-02-20,5120.60009765625
1998-02-23,5051.39990234375
1998-02-24,5024.7001953125
1998-02-25,4964.0
1998-02-26,5024.80029296875
1998-02-27,5016.39990234375
1998-03-02,4883.5
1998-03-03,4949.7001953125
1998-03-04,4988.80029296875
1998-03-05,4971.7001953125
1998-03-06,4964.5
1998-03-09,4935.89990234375
1998-03-10,4937.7001953125
1998-03-11,4910.39990234375
1998-03-12,4866.80029296875
1998-03-13,4912.89990234375
1998-03-16,4959.89990234375
1998-03-17,5026.89990234375
1998-03-18,4975.7001953125
1998-03-19,4952.39990234375
1998-03-20,4944.60009765625
1998-03-23,4917.10009765625
1998-03-24,4982.39990234375
1998-03-25,4974.89990234375
1998-03-26,4947.30029296875
1998-03-27,5074.39990234375
1998-03-30,5197.2001953125
1998-03-31,5173.5
1998-04-01,5222.0
1998-04-02,5291.5
1998-04-03,5363.5
1998-04-06,5442.39990234375
1998-04-07,5430.89990234375
1998-04-08,5530.30029296875
1998-04-09,5438.30029296875
1998-04-10,5519.5
1998-04-13,5559.60009765625
1998-04-14,5533.7001953125
1998-04-15,5590.80029296875
1998-04-16,5566.10009765625
1998-04-17,5477.80029296875
1998-04-20,5476.5
1998-04-21,5524.60009765625
1998-04-22,5636.7001953125
1998-04-23,5609.5
1998-04-24,5576.30029296875
1998-04-27,5604.89990234375
1998-04-28,5708.39990234375
1998-04-29,5710.0
1998-04-30,5760.89990234375
1998-05-04,5838.2001953125
1998-05-05,5852.2001953125
1998-05-06,5853.89990234375
1998-05-07,5753.60009765625
1998-05-08,5880.5
1998-05-11,5865.39990234375
1998-05-12,5855.0
1998-05-13,5940.2001953125
1998-05-14,5922.60009765625
1998-05-15,5925.30029296875
1998-05-18,5933.5
1998-05-19,5934.0
1998-05-20,5913.80029296875
1998-05-21,5957.39990234375
1998-05-22,6001.39990234375
1998-05-25,6060.60009765625
1998-05-26,6074.60009765625
1998-05-27,6124.5
1998-05-28,6119.30029296875
1998-05-29,6176.30029296875
1998-06-01,6212.80029296875
1998-06-02,6231.0
1998-06-03,6251.30029296875
1998-06-04,6198.0
1998-06-05,6214.89990234375
1998-06-08,6194.89990234375
1998-06-09,6045.7001953125
1998-06-10,6051.30029296875
1998-06-11,5939.10009765625
1998-06-12,6112.7001953125
1998-06-15,6014.2001953125
1998-06-16,5972.80029296875
1998-06-17,5965.2001953125
1998-06-18,6052.60009765625
1998-06-19,6146.0
1998-06-22,6174.2001953125
1998-06-23,6192.60009765625
1998-06-24,6209.5
1998-06-25,6125.7001953125
1998-06-26,6145.7001953125
1998-06-29,6024.7001953125
1998-06-30,5928.7001953125
1998-07-01,5842.10009765625
1998-07-02,5922.80029296875
1998-07-03,5949.60009765625
1998-07-06,5847.0
1998-07-07,5885.5
1998-07-08,5950.89990234375
1998-07-09,5962.2001953125
1998-07-10,6062.2001953125
1998-07-13,6059.7001953125
1998-07-14,5953.39990234375
1998-07-15,5957.60009765625
1998-07-16,5908.89990234375
1998-07-17,5854.39990234375
1998-07-20,5727.7001953125
1998-07-21,5872.2001953125
1998-07-22,5807.0
1998-07-23,5888.89990234375
1998-07-24,5954.7001953125
1998-07-27,5938.5
1998-07-28,5928.2001953125
1998-07-29,5890.89990234375
1998-07-30,5895.10009765625
1998-07-31,5911.2001953125
1998-08-03,5847.30029296875
1998-08-04,5809.39990234375
1998-08-05,5874.10009765625
1998-08-06,5820.80029296875
1998-08-07,5728.5
1998-08-10,5558.30029296875
1998-08-11,5451.39990234375
1998-08-12,5378.0
1998-08-13,5454.7001953125
1998-08-14,5278.7001953125
1998-08-17,4849.39990234375
1998-08-18,4842.80029296875
1998-08-19,5109.10009765625
1998-08-20,5244.5
1998-08-21,5363.30029296875
1998-08-24,5377.0
1998-08-25,5396.2001953125
1998-08-26,5327.39990234375
1998-08-27,5238.80029296875
1998-08-28,5175.30029296875
1998-08-31,5275.39990234375
1998-09-01,5222.89990234375
1998-09-02,5203.5
1998-09-03,5252.2001953125
1998-09-04,5333.39990234375
1998-09-07,5414.10009765625
1998-09-08,5373.30029296875
1998-09-09,5494.2001953125
1998-09-10,5602.30029296875
1998-09-11,5629.30029296875
1998-09-14,5735.60009765625
1998-09-15,5693.5
1998-09-16,5768.80029296875
1998-09-17,5677.89990234375
1998-09-18,5570.2001953125
1998-09-21,5646.10009765625
1998-09-22,5636.2001953125
1998-09-23,5663.7001953125
1998-09-24,5557.10009765625
1998-09-25,5648.10009765625
1998-09-28,5681.2001953125
1998-09-29,5691.80029296875
1998-09-30,5747.0
1998-10-05,5725.60009765625
1998-10-06,5630.89990234375
1998-10-07,5612.10009765625
1998-10-08,5684.89990234375
1998-10-09,5700.5
1998-10-12,5723.30029296875
1998-10-13,5730.10009765625
1998-10-14,5730.89990234375
1998-10-15,5785.80029296875
1998-10-16,5804.89990234375
1998-10-19,5821.80029296875
1998-10-20,5794.30029296875
1998-10-21,5642.60009765625
1998-10-22,5685.30029296875
1998-10-23,5699.5
1998-10-26,5661.0
1998-10-27,5700.60009765625
1998-10-28,5766.39990234375
1998-10-29,5750.2001953125
1998-10-30,5763.7001953125
1998-11-02,5801.60009765625
1998-11-03,5857.39990234375
1998-11-04,5865.10009765625
1998-11-05,5943.2001953125
1998-11-06,5982.89990234375
1998-11-09,6095.5
1998-11-10,6112.89990234375
1998-11-11,6126.2001953125
1998-11-12,6109.89990234375
1998-11-13,6111.2001953125
1998-11-16,6183.39990234375
1998-11-17,6168.10009765625
1998-11-18,6143.39990234375
1998-11-19,6120.80029296875
1998-11-20,6121.80029296875
1998-11-23,6104.2001953125
1998-11-24,6132.89990234375
1998-11-25,6052.30029296875
1998-11-26,6004.60009765625
1998-11-27,5962.7001953125
1998-11-30,5974.2001953125
1998-12-01,5908.60009765625
1998-12-02,5930.5
1998-12-03,5906.80029296875
1998-12-04,5844.2001953125
1998-12-07,5800.10009765625
1998-12-08,5854.7001953125
1998-12-09,5854.80029296875
1998-12-10,5764.7001953125
1998-12-11,5817.60009765625
1998-12-14,5721.89990234375
1998-12-15,5726.30029296875
1998-12-16,5666.39990234375
1998-12-17,5562.7001953125
1998-12-18,5557.39990234375
1998-12-21,5563.7001953125
1998-12-22,5729.60009765625
1998-12-23,5670.89990234375
1998-12-24,5662.60009765625
1998-12-25,5680.10009765625
1998-12-28,5608.30029296875
1998-12-29,5518.5
1998-12-30,5546.30029296875
1998-12-31,5542.39990234375
1999-01-04,5438.0
1999-01-05,5413.10009765625
1999-01-06,5478.0
1999-01-07,5514.60009765625
1999-01-08,5671.39990234375
1999-01-11,5689.60009765625
1999-01-12,5623.5
1999-01-13,5580.7001953125
1999-01-14,5577.30029296875
1999-01-15,5534.60009765625
1999-01-18,5628.7001953125
1999-01-19,5671.7001953125
1999-01-20,5636.39990234375
1999-01-21,5679.60009765625
1999-01-22,5689.7001953125
1999-01-25,5614.60009765625
1999-01-26,5573.0
1999-01-27,5621.5
1999-01-28,5601.89990234375
1999-01-29,5586.39990234375
1999-02-01,5531.10009765625
1999-02-02,5556.30029296875
1999-02-03,5519.10009765625
1999-02-04,5440.0
1999-02-05,5322.80029296875
1999-02-08,5240.0
1999-02-09,5365.39990234375
1999-03-01,5415.0
1999-03-02,5422.60009765625
1999-03-03,5557.2001953125
1999-03-04,5564.2001953125
1999-03-05,5599.39990234375
1999-03-08,5651.39990234375
1999-03-09,5635.89990234375
1999-03-10,5620.30029296875
1999-03-11,5712.2001953125
1999-03-12,5757.60009765625
1999-03-15,5790.5
1999-03-16,5801.80029296875
1999-03-17,5761.7001953125
1999-03-18,5721.80029296875
1999-03-19,5847.30029296875
1999-03-22,5844.2001953125
1999-03-23,5845.39990234375
1999-03-24,5838.80029296875
1999-03-25,5784.80029296875
1999-03-26,5803.89990234375
1999-03-29,5851.10009765625
1999-03-30,5790.7001953125
1999-03-31,5804.30029296875
1999-04-01,5845.89990234375
1999-04-02,5908.39990234375
1999-04-05,5957.2001953125
1999-04-06,5971.39990234375
1999-04-07,5981.60009765625
1999-04-08,5987.60009765625
1999-04-09,5969.60009765625
1999-04-12,5908.89990234375
1999-04-13,5846.89990234375
1999-04-14,5873.10009765625
1999-04-15,5806.39990234375
1999-04-16,5786.10009765625
1999-04-19,5770.10009765625
1999-04-20,5819.80029296875
1999-04-21,5708.89990234375
1999-04-22,5687.30029296875
1999-04-23,5727.60009765625
1999-04-26,5609.5
1999-04-27,5503.60009765625
1999-04-28,5497.60009765625
1999-04-29,5621.60009765625
1999-04-30,5650.80029296875
1999-05-04,5613.10009765625
1999-05-05,5625.10009765625
1999-05-06,5680.60009765625
1999-05-07,5635.89990234375
1999-05-10,5389.7001953125
1999-05-11,5498.60009765625
1999-05-12,5504.5
1999-05-13,5446.30029296875
1999-05-14,5319.5
1999-05-17,5304.80029296875
1999-05-18,5278.2001953125
1999-05-19,5531.80029296875
1999-05-20,5712.30029296875
1999-05-21,5785.60009765625
1999-05-24,6015.80029296875
1999-05-25,5957.10009765625
1999-05-26,6123.60009765625
1999-05-27,6363.30029296875
1999-05-28,6345.5
1999-05-31,6365.30029296875
1999-06-01,6520.2001953125
1999-06-02,6435.10009765625
1999-06-03,6349.10009765625
1999-06-04,6453.5
1999-06-07,6652.30029296875
1999-06-08,6684.0
1999-06-09,6771.30029296875
1999-06-10,6846.7001953125
1999-06-11,6913.7001953125
1999-06-14,7178.80029296875
1999-06-15,6941.2001953125
1999-06-16,7330.10009765625
1999-06-17,7569.0
1999-06-18,7616.80029296875
1999-06-21,7887.0
1999-06-22,7998.80029296875
1999-06-23,8242.2998046875
1999-06-24,8528.7001953125
1999-06-25,8261.1005859375
1999-06-28,8805.2001953125
1999-06-29,9053.400390625
1999-06-30,8825.400390625
1999-07-01,8150.10009765625
1999-07-02,8445.2001953125
1999-07-05,8257.900390625
1999-07-06,7916.0
1999-07-07,8213.7998046875
1999-07-08,8274.7001953125
1999-07-09,8317.400390625
1999-07-12,8255.1005859375
1999-07-13,8044.10009765625
1999-07-14,8276.0
1999-07-15,8222.0
1999-07-16,8038.60009765625
1999-07-19,7782.5
1999-07-20,8329.2998046875
1999-07-21,8513.5
1999-07-22,8173.5
1999-07-23,8341.1005859375
1999-07-26,8439.400390625
1999-07-27,8431.1005859375
1999-07-28,8496.7998046875
1999-07-29,8491.400390625
1999-07-30,8512.2001953125
1999-08-02,8613.7001953125
1999-08-03,8675.900390625
1999-08-04,8779.2998046875
1999-08-05,8802.7001953125
1999-08-06,8761.5
1999-08-09,8678.1005859375
1999-08-10,8563.2001953125
1999-08-11,8457.2998046875
1999-08-12,8450.5
1999-08-13,8419.5
1999-08-16,8336.2001953125
1999-08-17,8431.2001953125
1999-08-18,8444.2998046875
1999-08-19,8766.7001953125
1999-08-20,8725.2001953125
1999-08-23,8794.7998046875
1999-08-24,8837.6005859375
1999-08-25,8720.900390625
1999-08-26,8782.1005859375
1999-08-27,8783.1005859375
1999-08-30,8715.5
1999-08-31,8773.2998046875
1999-09-01,8621.0
1999-09-02,8693.400390625
1999-09-03,8582.2998046875
1999-09-06,8460.2001953125
1999-09-07,8480.6005859375
1999-09-08,8534.400390625
1999-09-09,9100.6005859375
1999-09-10,9043.400390625
1999-09-13,9112.7001953125
1999-09-14,9126.7998046875
1999-09-15,9062.2001953125
1999-09-16,8992.2998046875
1999-09-17,9004.2998046875
1999-09-20,8931.7001953125
1999-09-21,8901.7998046875
1999-09-22,8872.400390625
1999-09-23,8818.1005859375
1999-09-24,8898.900390625
1999-09-27,8850.7001953125
1999-09-28,8796.6005859375
1999-09-29,8768.7998046875
1999-09-30,8713.1005859375
1999-10-08,8549.6005859375
1999-10-11,8494.1005859375
1999-10-12,8571.5
1999-10-13,8407.400390625
1999-10-14,8398.400390625
1999-10-15,8590.0
1999-10-18,8350.400390625
1999-10-19,8163.60009765625
1999-10-20,8240.2998046875
1999-10-21,8083.0
1999-10-22,8311.400390625
1999-10-25,8160.39990234375
1999-10-26,8251.2001953125
1999-10-27,8541.400390625
1999-10-28,8406.1005859375
1999-10-29,8359.1005859375
1999-11-01,8289.2998046875
1999-11-02,8278.1005859375
1999-11-03,8227.7998046875
1999-11-04,8176.30029296875
1999-11-05,8191.10009765625
1999-11-08,8251.6005859375
1999-11-09,8214.1005859375
1999-11-10,8265.900390625
1999-11-11,8227.2001953125
1999-11-12,8258.400390625
1999-11-15,8265.2998046875
1999-11-16,8167.0
1999-11-17,8326.900390625
1999-11-18,8475.2998046875
1999-11-19,8392.2998046875
1999-11-22,8363.7001953125
1999-11-23,8387.2001953125
1999-11-24,8325.5
1999-11-25,8283.400390625
1999-11-26,8295.0
1999-11-29,8239.7998046875
1999-11-30,8240.400390625
1999-12-01,8315.0
1999-12-02,8256.2998046875
1999-12-03,8260.0
1999-12-06,8208.6005859375
1999-12-07,8222.2001953125
1999-12-08,8197.5
1999-12-09,8168.39990234375
1999-12-10,8254.900390625
1999-12-13,8181.0
1999-12-14,8224.1005859375
1999-12-15,8394.900390625
1999-12-16,8315.1005859375
1999-12-17,8219.7998046875
1999-12-21,8082.7001953125
1999-12-22,8051.60009765625
1999-12-23,7956.30029296875
1999-12-24,7873.5
1999-12-27,7861.80029296875
1999-12-28,7875.89990234375
1999-12-29,7938.10009765625
1999-12-30,7996.5
2000-01-04,8244.7998046875
2000-01-05,8275.7998046875
2000-01-06,8611.7001953125
2000-01-07,8943.2998046875
2000-01-10,9142.2001953125
2000-01-11,8766.7998046875
2000-01-12,8526.2001953125
2000-01-13,8467.6005859375
2000-01-14,8379.5
2000-01-17,8533.2998046875
2000-01-18,8516.0
2000-01-19,8625.2998046875
2000-01-20,8818.7001953125
2000-01-21,8862.2001953125
2000-01-24,8998.0
2000-01-25,8996.6005859375
2000-01-26,9033.900390625
2000-01-27,9227.1005859375
2000-01-28,9420.1005859375
2000-02-14,10283.1005859375
2000-02-15,10342.400390625
2000-02-16,10550.7001953125
2000-02-17,10182.2998046875
2000-02-18,10377.2001953125
2000-02-21,10443.6005859375
2000-02-22,10130.5
2000-02-23,9858.7001953125
2000-02-24,10146.7001953125
2000-02-25,10140.5
2000-02-28,10607.2001953125
2000-02-29,10623.2998046875
2000-03-01,10576.2998046875
2000-03-02,10655.400390625
2000-03-03,10800.7998046875
2000-03-06,10380.1005859375
2000-03-07,10492.0
2000-03-08,10690.2998046875
2000-03-09,10736.7001953125
2000-03-10,10581.7998046875
2000-03-13,10744.0
2000-03-14,10520.0
2000-03-15,10535.5
2000-03-16,10066.6005859375
2000-03-17,10418.5
2000-03-20,10699.6005859375
2000-03-21,10766.2998046875
2000-03-22,10856.2001953125
2000-03-23,11055.400390625
2000-03-24,10956.1005859375
2000-03-27,11284.6005859375
2000-03-28,11369.1005859375
2000-03-29,11333.5
2000-03-30,11476.0
2000-03-31,11385.2001953125
2000-04-03,11425.7998046875
2000-04-04,11179.400390625
2000-04-05,11260.900390625
2000-04-06,11511.5
2000-04-07,11587.2998046875
2000-04-10,11640.2998046875
2000-04-11,11635.7001953125
2000-04-12,11525.0
2000-04-13,11645.1005859375
2000-04-14,11638.7001953125
2000-04-17,11386.400390625
2000-04-18,11510.0
2000-04-19,11606.0
2000-04-20,11713.7001953125
2000-04-21,11663.7998046875
2000-04-24,11626.900390625
2000-04-25,11610.6005859375
2000-04-26,11622.2998046875
2000-04-27,11511.7001953125
2000-04-28,11729.6005859375
2000-05-08,11777.1005859375
2000-05-09,11587.1005859375
2000-05-10,11240.6005859375
2000-05-11,11065.2998046875
2000-05-12,11051.0
2000-05-15,10934.6005859375
2000-05-16,11073.0
2000-05-17,11081.900390625
2000-05-18,11332.7998046875
2000-05-19,11483.7001953125
2000-05-22,11794.5
2000-05-23,11806.7998046875
2000-05-24,11961.2998046875
2000-05-25,12137.6005859375
2000-05-26,12153.0
2000-05-29,12302.0
2000-05-30,12200.6005859375
2000-05-31,12291.0
2000-06-01,12364.7998046875
2000-06-02,12442.5
2000-06-05,12352.7001953125
2000-06-06,12560.2001953125
2000-06-07,12607.400390625
2000-06-08,12573.5
2000-06-09,12431.1005859375
2000-06-12,12491.7998046875
2000-06-13,12647.1005859375
2000-06-14,12602.5
2000-06-15,12681.7001953125
2000-06-16,12615.5
2000-06-19,12575.2998046875
2000-06-20,12490.2001953125
2000-06-21,12635.7001953125
2000-06-22,12677.2998046875
2000-06-23,12837.900390625
2000-06-26,12940.5
2000-06-27,12909.2001953125
2000-06-28,12959.0
2000-06-29,12912.2001953125
2000-06-30,12857.7998046875
2000-07-03,12679.400390625
2000-07-04,12772.2001953125
2000-07-05,12783.2998046875
2000-07-06,12764.2001953125
2000-07-07,12937.6005859375
2000-07-10,13022.7001953125
2000-07-11,13121.900390625
2000-07-12,13192.0
2000-07-13,13227.2998046875
2000-07-14,13275.2001953125
2000-07-17,13199.7001953125
2000-07-18,13300.900390625
2000-07-19,13353.2001953125
2000-07-20,13354.7001953125
2000-07-21,13386.6005859375
2000-07-24,13348.400390625
2000-07-25,13423.0
2000-07-26,13547.0
2000-07-27,13561.400390625
2000-07-28,13596.5
2000-07-31,13715.1005859375
2000-08-01,13749.7001953125
2000-08-02,13763.2998046875
2000-08-03,13813.2001953125
2000-08-04,13740.7001953125
2000-08-07,13877.6005859375
2000-08-08,13965.1005859375
2000-08-09,14037.6005859375
2000-08-10,14072.1005859375
2000-08-11,14052.7998046875
2000-08-14,14134.5
2000-08-15,14131.400390625
2000-08-16,14175.1005859375
2000-08-17,14198.2998046875
2000-08-18,14227.900390625
2000-08-21,14323.1005859375
2000-08-22,14094.7001953125
2000-08-23,13996.2998046875
2000-08-24,14095.1005859375
2000-08-25,14218.2001953125
2000-08-28,14341.2001953125
2000-08-29,14384.6005859375
2000-08-30,14208.2998046875
2000-08-31,13846.7998046875
2000-09-01,13731.400390625
2000-09-04,13870.7001953125
2000-09-05,13598.400390625
2000-09-06,13381.2998046875
2000-09-07,13549.2998046875
2000-09-08,13617.0
2000-09-11,13705.2998046875
2000-09-12,13783.5
2000-09-13,13850.7998046875
2000-09-14,13791.7001953125
2000-09-15,13790.6005859375
2000-09-18,13577.5
2000-09-19,13289.2001953125
2000-09-20,13431.900390625
2000-09-21,13328.2998046875
2000-09-22,13235.7998046875
2000-09-25,13137.400390625
2000-09-26,13266.6005859375
2000-09-27,13438.6005859375
2000-09-28,13284.1005859375
2000-09-29,13471.1005859375
2000-10-09,13560.400390625
2000-10-10,13746.900390625
2000-10-11,13697.7998046875
2000-10-12,13660.6005859375
2000-10-13,13607.1005859375
2000-10-16,13505.6005859375
2000-10-17,13553.2001953125
2000-10-18,13695.6005859375
2000-10-19,13615.400390625
2000-10-20,13851.5
2000-10-23,13966.2998046875
2000-10-24,13964.5
2000-10-25,14069.6005859375
2000-10-26,13990.2998046875
2000-10-27,14018.5
2000-10-30,14066.1005859375
2000-10-31,13995.2001953125
2000-11-01,14121.1005859375
2000-11-02,14170.6005859375
2000-11-03,14164.1005859375
2000-11-06,14290.7998046875
2000-11-07,14321.1005859375
2000-11-08,14414.2998046875
2000-11-09,14576.400390625
2000-11-10,14680.7998046875
2000-11-13,14861.5
2000-11-14,14981.5
2000-11-15,14969.1005859375
2000-11-16,15084.5
2000-11-17,15045.7001953125
2000-11-20,15175.7998046875
2000-11-21,15148.7001953125
2000-11-22,15312.0
2000-11-23,15369.900390625
2000-11-24,14893.7998046875
2000-11-27,14893.7998046875
2000-11-28,15108.0
2000-11-29,15036.2001953125
2000-11-30,15064.5
2000-12-01,15153.7001953125
2000-12-04,15240.7998046875
2000-12-05,15219.7998046875
2000-12-06,15104.5
2000-12-07,15058.1005859375
2000-12-08,15145.2998046875
2000-12-11,14968.5
2000-12-12,15125.0
2000-12-13,15148.2001953125
2000-12-14,15126.400390625
2000-12-15,15084.2001953125
2000-12-18,15140.400390625
2000-12-19,15220.2001953125
2000-12-20,15395.5
2000-12-21,15431.7001953125
2000-12-22,15407.7001953125
2000-12-25,15400.7001953125
2000-12-26,15491.0
2000-12-27,15390.7998046875
2000-12-28,15418.2998046875
2000-12-29,15608.0
2001-01-02,15833.1005859375
2001-01-03,15976.900390625
2001-01-04,15916.7998046875
2001-01-05,15986.400390625
2001-01-08,15821.1005859375
2001-01-09,15819.5
2001-01-10,15999.400390625
2001-01-11,15968.900390625
2001-01-12,15902.7001953125
2001-01-15,15407.900390625
2001-01-16,15517.1005859375
2001-01-17,15439.0
2001-01-18,15526.2998046875
2001-01-19,15731.900390625
2001-02-05,15333.7001953125
2001-02-06,15240.400390625
2001-02-07,15116.6005859375
2001-02-08,14740.1005859375
2001-02-09,14978.5
2001-02-12,15005.7001953125
2001-02-13,15038.0
2001-02-14,15069.6005859375
2001-02-15,14932.900390625
2001-02-16,14925.400390625
2001-02-19,15099.2001953125
2001-02-20,15023.0
2001-02-21,14686.5
2001-02-22,14649.6005859375
2001-02-23,14843.2998046875
2001-02-26,15027.6005859375
2001-02-27,15102.2998046875
2001-02-28,15093.0
2001-03-01,15213.6005859375
2001-03-02,15378.400390625
2001-03-05,15383.900390625
2001-03-06,15407.6005859375
2001-03-07,15456.7998046875
2001-03-08,15552.0
2001-03-09,15680.1005859375
2001-03-12,15710.5
2001-03-13,15592.900390625
2001-03-14,15738.7998046875
2001-03-15,15792.5
2001-03-16,15795.1005859375
2001-03-19,15925.7001953125
2001-03-20,16028.400390625
2001-03-21,16162.2998046875
2001-03-22,16275.1005859375
2001-03-23,16033.1005859375
2001-03-26,16302.400390625
2001-03-27,16455.400390625
2001-03-28,16485.701171875
2001-03-29,16458.80078125
2001-03-30,16541.701171875
2001-04-02,16627.400390625
2001-04-03,16595.900390625
2001-04-04,16331.400390625
2001-04-05,16524.099609375
2001-04-06,16512.400390625
2001-04-09,16583.30078125
2001-04-10,16666.80078125
2001-04-11,16694.701171875
2001-04-12,16752.900390625
2001-04-13,16832.701171875
2001-04-16,17010.400390625
2001-04-17,17058.701171875
2001-04-18,16996.400390625
2001-04-19,16992.701171875
2001-04-20,16839.0
2001-04-23,16793.201171875
2001-04-24,16885.201171875
2001-04-25,16563.400390625
2001-04-26,16477.5
2001-04-27,16562.5
2001-04-30,16591.701171875
2001-05-08,16742.599609375
2001-05-09,16714.599609375
2001-05-10,16793.900390625
2001-05-11,16864.099609375
2001-05-14,17014.900390625
2001-05-15,17134.30078125
2001-05-16,17169.099609375
2001-05-17,17113.900390625
2001-05-18,17232.701171875
2001-05-21,17292.0
2001-05-22,17263.400390625
2001-05-23,17167.400390625
2001-05-24,17184.599609375
2001-05-25,17137.30078125
2001-05-28,17039.701171875
2001-05-29,17095.201171875
2001-05-30,17300.201171875
2001-05-31,17320.0
2001-06-01,17364.0
2001-06-04,17408.5
2001-06-05,17454.400390625
2001-06-06,17485.701171875
2001-06-07,17422.599609375
2001-06-08,17418.201171875
2001-06-11,17383.701171875
2001-06-12,17480.0
2001-06-13,17602.701171875
2001-06-14,17312.5
2001-06-15,17416.5
2001-06-18,17111.599609375
2001-06-19,17144.400390625
2001-06-20,17077.201171875
2001-06-21,17262.701171875
2001-06-22,17383.701171875
2001-06-25,17527.80078125
2001-06-26,17572.099609375
2001-06-27,17547.701171875
2001-06-28,17475.900390625
2001-06-29,17484.099609375
2001-07-02,17410.0
2001-07-03,17437.80078125
2001-07-04,17388.099609375
2001-07-05,17240.80078125
2001-07-06,17172.201171875
2001-07-09,17169.0
2001-07-10,17316.701171875
2001-07-11,17193.0
2001-07-12,17175.0
2001-07-13,17152.599609375
2001-07-16,17034.099609375
2001-07-17,16984.099609375
2001-07-18,17036.201171875
2001-07-19,17073.400390625
2001-07-20,17309.400390625
2001-07-23,17262.201171875
2001-07-24,17014.201171875
2001-07-25,16834.099609375
2001-07-26,16653.599609375
2001-07-27,16423.201171875
2001-07-30,15539.1005859375
2001-07-31,15271.1005859375
2001-08-01,15798.900390625
2001-08-02,15567.400390625
2001-08-03,15582.7001953125
2001-08-06,15006.400390625
2001-08-07,15214.5
2001-08-08,15213.6005859375
2001-08-09,15479.6005859375
2001-08-10,15710.7998046875
2001-08-13,15736.5
2001-08-14,15587.5
2001-08-15,15659.6005859375
2001-08-16,15462.1005859375
2001-08-17,15482.6005859375
2001-08-20,15603.2998046875
2001-08-21,15667.7998046875
2001-08-22,15426.900390625
2001-08-23,15465.7001953125
2001-08-24,15346.900390625
2001-08-27,14888.2001953125
2001-08-28,15027.5
2001-08-29,15092.0
2001-08-30,14989.400390625
2001-08-31,14972.400390625
2001-09-03,14857.400390625
2001-09-04,15225.2001953125
2001-09-05,15269.0
2001-09-06,15223.2998046875
2001-09-07,14771.0
2001-09-10,15154.7998046875
2001-09-11,15185.6005859375
2001-09-12,15010.7998046875
2001-09-13,14947.900390625
2001-09-14,14754.2001953125
2001-09-17,14470.7001953125
2001-09-18,14584.7998046875
2001-09-19,14788.1005859375
2001-09-20,14744.7001953125
2001-09-21,14641.2001953125
2001-09-24,14536.5
2001-09-25,14514.2001953125
2001-09-26,14307.900390625
2001-09-27,14266.7998046875
2001-09-28,14245.1005859375
2001-10-08,13915.6005859375
2001-10-09,14060.900390625
2001-10-10,13566.7998046875
2001-10-11,13193.400390625
2001-10-12,13605.6005859375
2001-10-15,13596.7001953125
2001-10-16,13357.2001953125
2001-10-17,13255.7001953125
2001-10-18,13028.7001953125
2001-10-19,12641.400390625
2001-10-22,12246.5
2001-10-23,13433.1005859375
2001-10-24,13878.7998046875
2001-10-25,13524.7998046875
2001-10-26,13511.2001953125
2001-10-29,13703.400390625
2001-10-30,13567.2998046875
2001-10-31,13608.7998046875
2001-11-01,13749.2998046875
2001-11-02,13630.7998046875
2001-11-05,13509.400390625
2001-11-06,13445.900390625
2001-11-07,12776.6005859375
2001-11-08,12902.5
2001-11-09,13129.7998046875
2001-11-12,13038.400390625
2001-11-13,12981.7001953125
2001-11-14,13002.2001953125
2001-11-15,13024.6005859375
2001-11-16,13232.400390625
2001-11-19,13413.7001953125
2001-11-20,13687.2001953125
2001-11-21,13763.2001953125
2001-11-22,13871.6005859375
2001-11-23,13834.0
2001-11-26,13784.900390625
2001-11-27,13938.0
2001-11-28,14059.0
2001-11-29,14056.7001953125
2001-11-30,14183.7001953125
2001-12-03,14306.900390625
2001-12-04,14380.6005859375
2001-12-05,14145.2998046875
2001-12-06,14245.900390625
2001-12-07,14220.5
2001-12-10,14253.0
2001-12-11,14099.5
2001-12-12,13976.400390625
2001-12-13,13750.0
2001-12-14,13638.7001953125
2001-12-17,13555.2998046875
2001-12-18,13759.7998046875
2001-12-19,13627.400390625
2001-12-20,13301.400390625
2001-12-21,13388.2998046875
2001-12-24,13125.900390625
2001-12-25,13164.7998046875
2001-12-26,13337.5
2001-12-27,13281.6005859375
2001-12-28,13351.7998046875
2001-12-31,13400.5
2002-01-04,13140.1005859375
2002-01-07,12991.7998046875
2002-01-08,12897.5
2002-01-09,12671.6005859375
2002-01-10,12779.6005859375
2002-01-11,12448.0
2002-01-14,11992.2998046875
2002-01-15,11770.0
2002-01-16,11914.6005859375
2002-01-17,11358.1005859375
2002-01-18,11289.2001953125
2002-01-21,10825.7998046875
2002-01-22,10769.400390625
2002-01-23,11495.0
2002-01-24,11590.5
2002-01-25,11595.0
2002-01-28,10836.0
2002-01-29,11129.6005859375
2002-01-30,11209.7001953125
2002-01-31,12002.5
2002-02-01,11965.5
2002-02-04,12198.2001953125
2002-02-05,12276.1005859375
2002-02-06,11967.7998046875
2002-02-07,12252.1005859375
2002-02-08,12204.0
2002-02-25,12427.0
2002-02-26,12446.2001953125
2002-02-27,12488.6005859375
2002-02-28,12386.0
2002-03-01,12199.400390625
2002-03-04,12420.1005859375
2002-03-05,12738.5
2002-03-06,12852.2001953125
2002-03-07,13253.7001953125
2002-03-08,13498.7998046875
2002-03-11,13770.0
2002-03-12,13582.7001953125
2002-03-13,13363.5
2002-03-14,13747.400390625
2002-03-15,13364.0
2002-03-18,13419.7998046875
2002-03-19,13738.6005859375
2002-03-20,13885.7001953125
2002-03-21,13914.2998046875
2002-03-22,13784.2998046875
2002-03-25,13857.1005859375
2002-03-26,13636.5
2002-03-27,13704.400390625
2002-03-28,13704.400390625
2002-03-29,13319.0
2002-04-01,13376.2001953125
2002-04-02,13160.5
2002-04-03,13222.7001953125
2002-04-04,13595.2001953125
2002-04-05,13544.7001953125
2002-04-08,13589.1005859375
2002-04-09,13906.6005859375
2002-04-10,13997.6005859375
2002-04-11,13779.5
2002-04-12,13864.1005859375
2002-04-15,13806.7998046875
2002-04-16,13775.2001953125
2002-04-17,13784.0
2002-04-18,13651.5
2002-04-19,13694.0
2002-04-22,13630.2998046875
2002-04-23,13597.6005859375
2002-04-24,13474.7998046875
2002-04-25,13518.5
2002-04-26,13744.7998046875
2002-04-29,13970.1005859375
2002-04-30,13994.6005859375
2002-05-08,13876.2998046875
2002-05-09,13912.6005859375
2002-05-10,13819.900390625
2002-05-13,13687.1005859375
2002-05-14,13627.2001953125
2002-05-15,13495.900390625
2002-05-16,13061.1005859375
2002-05-17,13226.7998046875
2002-05-20,13048.0
2002-05-21,13478.900390625
2002-05-22,13280.2998046875
2002-05-23,13359.400390625
2002-05-24,13171.900390625
2002-05-27,13233.6005859375
2002-05-28,13260.6005859375
2002-05-29,12977.6005859375
2002-05-30,12976.7001953125
2002-05-31,12898.900390625
2002-06-03,12622.400390625
2002-06-04,12691.900390625
2002-06-05,12416.900390625
2002-06-06,12966.6005859375
2002-06-07,13065.5
2002-06-10,12960.2001953125
2002-06-11,13071.7998046875
2002-06-12,13014.7998046875
2002-06-13,12896.7001953125
2002-06-14,12728.7001953125
2002-06-17,12760.6005859375
2002-06-18,13039.2998046875
2002-06-19,12894.2001953125
2002-06-20,12987.7998046875
2002-06-21,13442.6005859375
2002-06-24,14669.900390625
2002-06-25,14559.7001953125
2002-06-26,14650.2998046875
2002-06-27,14662.0
2002-06-28,14658.1005859375
2002-07-01,14515.900390625
2002-07-02,14648.7001953125
2002-07-03,14683.900390625
2002-07-04,14543.6005859375
2002-07-05,14600.5
2002-07-08,14724.0
2002-07-09,14680.2998046875
2002-07-10,14450.900390625
2002-07-11,14459.900390625
2002-07-12,14470.5
2002-07-15,14371.5
2002-07-16,14395.6005859375
2002-07-17,14486.7998046875
2002-07-18,14539.6005859375
2002-07-19,14606.900390625
2002-07-22,14379.6005859375
2002-07-23,14326.7001953125
2002-07-24,14296.2001953125
2002-07-25,14227.2998046875
2002-07-26,14183.2001953125
2002-07-29,14257.900390625
2002-07-30,14289.400390625
2002-07-31,14153.400390625
2002-08-01,14156.6005859375
2002-08-02,14212.1005859375
2002-08-05,14169.2998046875
2002-08-06,14313.400390625
2002-08-07,14288.2001953125
2002-08-08,14214.1005859375
2002-08-09,14123.5
2002-08-12,14033.400390625
2002-08-13,14050.2001953125
2002-08-14,14146.2998046875
2002-08-15,14049.2001953125
2002-08-16,14151.900390625
2002-08-19,14120.5
2002-08-20,14329.1005859375
2002-08-21,14352.900390625
2002-08-22,14486.6005859375
2002-08-23,14466.5
2002-08-26,14364.6005859375
2002-08-27,14452.0
2002-08-28,14445.1005859375
2002-08-29,14352.2001953125
2002-08-30,14358.5
2002-09-02,14384.1005859375
2002-09-03,14431.6005859375
2002-09-04,14350.1005859375
2002-09-05,14174.400390625
2002-09-06,14107.1005859375
2002-09-09,13999.1005859375
2002-09-10,14038.7001953125
2002-09-11,13995.2001953125
2002-09-12,14042.7998046875
2002-09-13,14035.900390625
2002-09-16,13843.900390625
2002-09-17,13833.6005859375
2002-09-18,13750.1005859375
2002-09-19,13993.2998046875
2002-09-20,13865.0
2002-09-23,13852.2001953125
2002-09-24,13788.0
2002-09-25,13786.1005859375
2002-09-26,13714.7001953125
2002-09-27,13657.1005859375
2002-10-08,13520.7001953125
2002-10-09,13343.5
2002-10-10,13292.400390625
2002-10-11,13256.2998046875
2002-10-14,13316.7001953125
2002-10-15,13267.2001953125
2002-10-16,13379.5
2002-10-17,13159.900390625
2002-10-18,13203.5
2002-10-21,13242.7001953125
2002-10-22,13439.900390625
2002-10-23,13456.2001953125
2002-10-24,13348.1005859375
2002-10-25,13201.7998046875
2002-10-28,13034.1005859375
2002-10-29,13116.7001953125
2002-10-30,13101.400390625
2002-10-31,13089.900390625
2002-11-01,13104.7998046875
2002-11-04,13300.2998046875
2002-11-05,13537.400390625
2002-11-06,13480.400390625
2002-11-07,13471.1005859375
2002-11-08,13151.2001953125
2002-11-11,13008.1005859375
2002-11-12,12767.7998046875
2002-11-13,12809.2998046875
2002-11-14,12545.2998046875
2002-11-15,12589.2001953125
2002-11-18,12462.1005859375
2002-11-19,12571.1005859375
2002-11-20,12240.5
2002-11-21,11900.0
2002-11-22,11929.5
2002-11-25,11984.400390625
2002-11-26,11729.7998046875
2002-11-27,11811.7001953125
2002-11-28,12156.6005859375
2002-11-29,12326.1005859375
2002-12-02,11972.1005859375
2002-12-03,12115.1005859375
2002-12-04,12165.900390625
2002-12-05,12088.7998046875
2002-12-06,12088.6005859375
2002-12-09,12050.2998046875
2002-12-10,11917.0
2002-12-11,11867.2998046875
2002-12-12,11937.1005859375
2002-12-13,12074.900390625
2002-12-16,12186.2998046875
2002-12-17,12278.0
2002-12-18,12221.0
2002-12-19,12249.2001953125
2002-12-20,12386.5
2002-12-23,12402.0
2002-12-24,12413.7001953125
2002-12-25,12325.2998046875
2002-12-26,11967.1005859375
2002-12-27,11976.2001953125
2002-12-30,11845.7998046875
2002-12-31,11763.400390625
2003-01-02,11477.7998046875
2003-01-03,11484.6005859375
2003-01-06,11650.1005859375
2003-01-07,11633.1005859375
2003-01-08,11944.7998046875
2003-01-09,12168.5
2003-01-10,12054.1005859375
2003-01-13,12093.0
2003-01-14,12698.5
2003-01-15,12630.7998046875
2003-01-16,12859.7001953125
2003-01-17,12797.900390625
2003-01-20,12875.2998046875
2003-01-21,12638.5
2003-01-22,12692.2998046875
2003-01-23,12596.1005859375
2003-01-24,12786.2001953125
2003-01-27,12951.900390625
2003-01-28,12991.6005859375
2003-01-29,12978.7998046875
2003-02-10,12816.6005859375
2003-02-11,12949.2001953125
2003-02-12,13114.1005859375
2003-02-13,13066.1005859375
2003-02-14,13122.0
2003-02-17,13036.1005859375
2003-02-18,13042.6005859375
2003-02-19,13159.5
2003-02-20,13148.400390625
2003-02-21,12874.900390625
2003-02-24,12892.7001953125
2003-02-25,13147.400390625
2003-02-26,13158.7001953125
2003-02-27,13151.400390625
2003-02-28,13137.1005859375
2003-03-03,13237.7001953125
2003-03-04,13239.2998046875
2003-03-05,13180.2998046875
2003-03-06,13010.2998046875
2003-03-07,12971.1005859375
2003-03-10,12735.2001953125
2003-03-11,12747.1005859375
2003-03-12,12793.900390625
2003-03-13,12714.2001953125
2003-03-14,12736.0
2003-03-17,12732.7001953125
2003-03-18,12646.400390625
2003-03-19,12693.400390625
2003-03-20,12646.1005859375
2003-03-21,12762.1005859375
2003-03-24,12783.900390625
2003-03-25,12654.1005859375
2003-03-26,12587.900390625
2003-03-27,12909.7998046875
2003-03-28,12869.7001953125
2003-03-31,13010.1005859375
2003-04-01,13107.2998046875
2003-04-02,13093.2998046875
2003-04-03,13041.400390625
2003-04-04,13096.400390625
2003-04-07,13002.7998046875
2003-04-08,12989.900390625
2003-04-09,13190.2001953125
2003-04-10,13334.400390625
2003-04-11,13516.1005859375
2003-04-14,13846.6005859375
2003-04-15,13997.6005859375
2003-04-16,13814.900390625
2003-04-17,13877.7998046875
2003-04-18,13835.5
2003-04-21,13596.6005859375
2003-04-22,13588.5
2003-04-23,13384.2998046875
2003-04-24,13032.900390625
2003-04-25,12878.2998046875
2003-04-28,13260.2001953125
2003-04-29,13033.0
2003-04-30,13057.2001953125
2003-05-12,13062.7001953125
2003-05-13,12660.900390625
2003-05-14,12937.0
2003-05-15,13264.900390625
2003-05-16,13275.400390625
2003-05-19,13336.0
2003-05-20,13190.7998046875
2003-05-21,13185.6005859375
2003-05-22,13273.900390625
2003-05-23,13394.2998046875
2003-05-26,13474.900390625
2003-05-27,13504.0
2003-05-28,13389.2001953125
2003-05-29,13541.900390625
2003-05-30,13623.2998046875
2003-06-02,13644.2001953125
2003-06-03,13511.400390625
2003-06-04,13560.6005859375
2003-06-05,13415.0
2003-06-06,13248.900390625
2003-06-09,13120.6005859375
2003-06-10,13197.2001953125
2003-06-11,13412.1005859375
2003-06-12,13381.5
2003-06-13,13430.6005859375
2003-06-16,13392.2001953125
2003-06-17,13349.2001953125
2003-06-18,13331.7998046875
2003-06-19,13199.7998046875
2003-06-20,13123.6005859375
2003-06-23,12975.2001953125
2003-06-24,13000.1005859375
2003-06-25,12907.900390625
2003-06-26,12996.900390625
2003-06-27,12825.400390625
2003-06-30,12740.7998046875
2003-07-01,12712.400390625
2003-07-02,12807.6005859375
2003-07-03,12859.2998046875
2003-07-04,12845.2001953125
2003-07-07,12838.5
2003-07-08,12937.2001953125
2003-07-09,12871.0
2003-07-10,13092.900390625
2003-07-11,13079.1005859375
2003-07-14,13021.7001953125
2003-07-15,13036.400390625
2003-07-16,13072.400390625
2003-07-17,13131.2998046875
2003-07-18,12866.2001953125
2003-07-21,12746.7998046875
2003-07-22,12799.900390625
2003-07-23,12850.5
2003-07-24,12760.7998046875
2003-07-25,12665.6005859375
2003-07-28,12597.7998046875
2003-07-29,12664.6005859375
2003-07-30,12669.0
2003-07-31,12671.0
2003-08-01,12704.2998046875
2003-08-04,12853.7998046875
2003-08-05,12859.2001953125
2003-08-06,12818.2001953125
2003-08-07,12817.7001953125
2003-08-08,12700.5
2003-08-11,12728.0
2003-08-12,12776.1005859375
2003-08-13,12638.1005859375
2003-08-14,12583.5
2003-08-15,12564.5
2003-08-18,12529.5
2003-08-19,12571.7998046875
2003-08-20,12516.400390625
2003-08-21,12524.7001953125
2003-08-22,12517.2998046875
2003-08-25,12359.5
2003-08-26,12387.6005859375
2003-08-27,12383.1005859375
2003-08-28,12295.7998046875
2003-08-29,12353.7998046875
2003-09-01,12590.5
2003-09-02,12572.2001953125
2003-09-03,12604.2998046875
2003-09-04,12591.0
2003-09-05,12462.7998046875
2003-09-08,12415.2001953125
2003-09-09,12374.900390625
2003-09-10,12400.7998046875
2003-09-11,12397.1005859375
2003-09-12,12316.2001953125
2003-09-15,12199.2998046875
2003-09-16,12294.7001953125
2003-09-17,12155.7001953125
2003-09-18,12157.7001953125
2003-09-19,12172.400390625
2003-09-22,12115.7998046875
2003-09-23,12189.900390625
2003-09-24,12236.400390625
2003-09-25,12074.0
2003-09-26,12007.400390625
2003-09-29,11845.7998046875
2003-09-30,11941.5
2003-10-08,11981.1005859375
2003-10-09,11968.400390625
2003-10-10,12245.2001953125
2003-10-13,12214.900390625
2003-10-14,12119.2998046875
2003-10-15,12081.0
2003-10-16,11928.1005859375
2003-10-17,11953.2001953125
2003-10-20,11851.2001953125
2003-10-21,11878.7998046875
2003-10-22,12143.900390625
2003-10-23,12042.400390625
2003-10-24,11972.7001953125
2003-10-27,11826.2001953125
2003-10-28,11747.6005859375
2003-10-29,11610.2998046875
2003-10-30,11465.6005859375
2003-10-31,11511.900390625
2003-11-03,11614.900390625
2003-11-04,11807.5
2003-11-05,11699.2998046875
2003-11-06,11433.5
2003-11-07,11282.7001953125
2003-11-10,11294.0
2003-11-11,11323.2001953125
2003-11-12,11127.1005859375
2003-11-13,11161.7998046875
2003-11-14,11257.1005859375
2003-11-17,11224.2998046875
2003-11-18,11164.1005859375
2003-11-19,11356.0
2003-11-20,11718.400390625
2003-11-21,11571.1005859375
2003-11-24,11914.6005859375
2003-11-25,11990.7001953125
2003-11-26,12027.900390625
2003-11-27,11812.5
2003-11-28,11877.7998046875
2003-12-01,12135.900390625
2003-12-02,12145.7001953125
2003-12-03,12196.400390625
2003-12-04,12258.1005859375
2003-12-05,12295.900390625
2003-12-08,12164.6005859375
2003-12-09,12207.5
2003-12-10,12356.6005859375
2003-12-11,12367.1005859375
2003-12-12,12354.7001953125
2003-12-15,12361.6005859375
2003-12-16,12286.2998046875
2003-12-17,12188.5
2003-12-18,12150.0
2003-12-19,11940.7998046875
2003-12-22,12245.1005859375
2003-12-23,12318.2998046875
2003-12-24,12413.1005859375
2003-12-25,12396.5
2003-12-26,12430.900390625
2003-12-29,12331.900390625
2003-12-30,12388.6005859375
2003-12-31,12283.0
2004-01-02,12360.900390625
2004-01-05,12596.7001953125
2004-01-06,12645.400390625
2004-01-07,12797.900390625
2004-01-08,12998.6005859375
2004-01-09,12858.7998046875
2004-01-12,13086.900390625
2004-01-13,13127.5
2004-01-14,13034.5
2004-01-15,13001.400390625
2004-01-16,13141.1005859375
2004-01-29,13470.2001953125
2004-01-30,13314.2001953125
2004-02-02,13610.5
2004-02-03,13779.6005859375
2004-02-04,14071.900390625
2004-02-05,14193.400390625
2004-02-06,14055.1005859375
2004-02-09,14357.1005859375
2004-02-10,14342.0
2004-02-11,14318.2998046875
2004-02-12,14297.1005859375
2004-02-13,14190.0
2004-02-16,14513.2998046875
2004-02-17,14636.7001953125
2004-02-18,14748.1005859375
2004-02-19,14758.6005859375
2004-02-20,14825.1005859375
2004-02-23,14517.6005859375
2004-02-24,14435.6005859375
2004-02-25,14153.5
2004-02-26,14136.400390625
2004-02-27,14332.1005859375
2004-03-01,14508.2998046875
2004-03-02,14499.1005859375
2004-03-03,14273.5
2004-03-04,14368.7998046875
2004-03-05,14290.1005859375
2004-03-08,13999.0
2004-03-09,13908.7001953125
2004-03-10,14245.2998046875
2004-03-11,14399.1005859375
2004-03-12,14392.2001953125
2004-03-15,14688.7998046875
2004-03-16,14779.400390625
2004-03-17,14808.7998046875
2004-03-18,14560.2998046875
2004-03-19,14786.7998046875
2004-03-22,14867.2998046875
2004-03-23,14806.2998046875
2004-03-24,14777.1005859375
2004-03-25,14786.6005859375
2004-03-26,14797.6005859375
2004-03-29,14682.2001953125
2004-03-30,14710.2998046875
2004-03-31,14870.1005859375
2004-04-01,14998.0
2004-04-02,15100.5
2004-04-05,15168.2001953125
2004-04-06,15290.7001953125
2004-04-07,15275.7998046875
2004-04-08,15246.5
2004-04-09,14887.400390625
2004-04-12,14891.5
2004-04-13,14811.0
2004-04-14,14575.2001953125
2004-04-15,14395.7998046875
2004-04-16,14470.0
2004-04-19,14320.7998046875
2004-04-20,14232.0
2004-04-21,14123.900390625
2004-04-22,14187.2001953125
2004-04-23,13943.0
2004-04-26,13912.7001953125
2004-04-27,13740.6005859375
2004-04-28,13704.1005859375
2004-04-29,13427.2001953125
2004-04-30,13463.6005859375
2004-05-10,13161.7998046875
2004-05-11,13216.1005859375
2004-05-12,13538.1005859375
2004-05-13,13491.7998046875
2004-05-14,13203.900390625
2004-05-17,13103.7998046875
2004-05-18,13363.0
2004-05-19,13371.6005859375
2004-05-20,13269.2998046875
2004-05-21,13327.1005859375
2004-05-24,13227.2001953125
2004-05-25,12924.0
2004-05-26,12975.0
2004-05-27,13229.400390625
2004-05-28,13158.5
2004-05-31,13218.400390625
2004-06-01,13445.7998046875
2004-06-02,13378.2998046875
2004-06-03,13159.2998046875
2004-06-04,13154.5
2004-06-07,12965.1005859375
2004-06-08,12816.0
2004-06-09,12522.6005859375
2004-06-10,12496.5
2004-06-11,12520.5
2004-06-14,12221.7001953125
2004-06-15,12442.6005859375
2004-06-16,12506.7001953125
2004-06-17,12250.7998046875
2004-06-18,12133.2001953125
2004-06-21,12236.2998046875
2004-06-22,12371.7998046875
2004-06-23,12272.2998046875
2004-06-24,12176.5
2004-06-25,11967.2001953125
2004-06-28,11771.400390625
2004-06-29,11919.7001953125
2004-06-30,11819.900390625
2004-07-01,12190.400390625
2004-07-02,12198.5
2004-07-05,12261.2998046875
2004-07-06,12336.5
2004-07-07,12264.5
2004-07-08,12292.7998046875
2004-07-09,12212.2001953125
2004-07-12,11905.0
2004-07-13,11938.400390625
2004-07-14,11909.400390625
2004-07-15,12049.0
2004-07-16,12392.400390625
2004-07-19,12411.5
2004-07-20,12329.7998046875
2004-07-21,12341.7998046875
2004-07-22,12047.0
2004-07-23,12097.7998046875
2004-07-26,11929.7001953125
2004-07-27,11870.2998046875
2004-07-28,11945.2998046875
2004-07-29,12112.6005859375
2004-07-30,11931.7998046875
2004-08-02,11841.2998046875
2004-08-03,11801.7998046875
2004-08-04,12118.1005859375
2004-08-05,11970.2998046875
2004-08-06,11953.1005859375
2004-08-09,11987.0
2004-08-10,12038.2998046875
2004-08-11,11887.7001953125
2004-08-12,11728.6005859375
2004-08-13,11744.900390625
2004-08-16,11593.400390625
2004-08-17,11633.6005859375
2004-08-18,11614.7001953125
2004-08-19,11437.1005859375
2004-08-20,11442.6005859375
2004-08-23,11331.7001953125
2004-08-24,11508.900390625
2004-08-25,11462.7998046875
2004-08-26,11388.900390625
2004-08-27,11266.6005859375
2004-08-30,11276.2998046875
2004-08-31,11487.0
2004-09-01,11313.7001953125
2004-09-02,11419.2001953125
2004-09-03,11408.6005859375
2004-09-06,11394.0
2004-09-07,11411.400390625
2004-09-08,11328.0
2004-09-09,11114.0
2004-09-10,11131.7998046875
2004-09-13,10877.0
2004-09-14,11219.400390625
2004-09-15,11727.400390625
2004-09-16,11865.0
2004-09-17,12249.5
2004-09-20,12708.2001953125
2004-09-21,12635.900390625
2004-09-22,12382.2998046875
2004-09-23,12766.900390625
2004-09-24,12489.7001953125
2004-09-27,12367.1005859375
2004-09-28,12460.7998046875
2004-09-29,12323.7998046875
2004-09-30,12135.7998046875
2004-10-08,12439.900390625
2004-10-11,12427.1005859375
2004-10-12,12196.7998046875
2004-10-13,12216.0
2004-10-14,11646.0
2004-10-15,11625.7998046875
2004-10-18,11676.2998046875
2004-10-19,11692.1005859375
2004-10-20,11626.6005859375
2004-10-21,11460.400390625
2004-10-22,11561.2998046875
2004-10-25,11438.400390625
2004-10-26,11567.1005859375
2004-10-27,11735.2998046875
2004-10-28,11707.7998046875
2004-10-29,11497.2998046875
2004-11-01,11369.0
2004-11-02,11340.900390625
2004-11-03,11569.2998046875
2004-11-04,11320.1005859375
2004-11-05,11324.900390625
2004-11-08,11340.400390625
2004-11-09,11379.900390625
2004-11-10,11818.5
2004-11-11,11766.2001953125
2004-11-12,11797.7001953125
2004-11-15,11946.2001953125
2004-11-16,11935.5
2004-11-17,11825.5
2004-11-18,11961.5
2004-11-19,12037.2998046875
2004-11-22,12109.7998046875
2004-11-23,12047.5
2004-11-24,11915.2001953125
2004-11-25,11879.6005859375
2004-11-26,11899.6005859375
2004-11-29,11740.400390625
2004-11-30,11777.2998046875
2004-12-01,11737.7001953125
2004-12-02,11765.900390625
2004-12-03,11823.7001953125
2004-12-06,11837.400390625
2004-12-07,11665.6005859375
2004-12-08,11692.900390625
2004-12-09,11778.2998046875
2004-12-10,11542.400390625
2004-12-13,11461.5
2004-12-14,11430.900390625
2004-12-15,11434.0
2004-12-16,11358.6005859375
2004-12-17,11253.1005859375
2004-12-20,11127.7998046875
2004-12-21,11133.5
2004-12-22,11446.1005859375
2004-12-23,11221.5
2004-12-24,11238.1005859375
2004-12-27,11196.6005859375
2004-12-28,11169.1005859375
2004-12-29,11107.400390625
2004-12-30,11078.7001953125
2004-12-31,10992.6005859375
2005-01-04,10822.7001953125
2005-01-05,10966.1005859375
2005-01-06,10873.2998046875
2005-01-07,10900.6005859375
2005-01-10,11001.900390625
2005-01-11,11034.7998046875
2005-01-12,11030.2001953125
2005-01-13,11045.2001953125
2005-01-14,10929.900390625
2005-01-17,10693.2998046875
2005-01-18,10803.400390625
2005-01-19,10736.1005859375
2005-01-20,10602.400390625
2005-01-21,10843.1005859375
2005-01-24,11033.1005859375
2005-01-25,10993.6005859375
2005-01-26,10895.0
2005-01-27,10726.7998046875
2005-01-28,10601.400390625
2005-01-31,10365.7998046875
2005-02-01,10318.2001953125
2005-02-02,10868.7001953125
2005-02-03,10707.7001953125
2005-02-04,10934.400390625
2005-02-16,11027.7001953125
2005-02-17,11035.7001953125
2005-02-18,10890.400390625
2005-02-21,11093.2998046875
2005-02-22,11347.0
2005-02-23,11385.2998046875
2005-02-24,11416.2998046875
2005-02-25,11428.0
2005-02-28,11379.2001953125
2005-03-01,11357.6005859375
2005-03-02,11194.7998046875
2005-03-03,11262.2998046875
2005-03-04,11204.2998046875
2005-03-07,11259.400390625
2005-03-08,11480.0
2005-03-09,11481.900390625
2005-03-10,11207.7998046875
2005-03-11,11264.7998046875
2005-03-14,11266.6005859375
2005-03-15,11097.7001953125
2005-03-16,10987.0
2005-03-17,10861.400390625
2005-03-18,10677.6005859375
2005-03-21,10696.5
2005-03-22,10451.900390625
2005-03-23,10413.7998046875
2005-03-24,10493.1005859375
2005-03-25,10476.5
2005-03-28,10424.6005859375
2005-03-29,10362.1005859375
2005-03-30,10114.6005859375
2005-03-31,10187.0
2005-04-01,10558.400390625
2005-04-04,10378.0
2005-04-05,10300.400390625
2005-04-06,10482.2998046875
2005-04-07,10619.6005859375
2005-04-08,10811.7001953125
2005-04-11,10754.2001953125
2005-04-12,10560.0
2005-04-13,10799.5
2005-04-14,10645.7001953125
2005-04-15,10459.0
2005-04-18,10337.7998046875
2005-04-19,10352.7998046875
2005-04-20,10175.0
2005-04-21,10051.1005859375
2005-04-22,9958.400390625
2005-04-25,9819.6005859375
2005-04-26,9931.2998046875
2005-04-27,9798.6005859375
2005-04-28,9986.400390625
2005-04-29,9866.6005859375
2005-05-09,9597.5
2005-05-10,9726.900390625
2005-05-11,9622.900390625
2005-05-12,9498.1005859375
2005-05-13,9540.0
2005-05-16,9434.2001953125
2005-05-17,9522.400390625
2005-05-18,9590.7001953125
2005-05-19,9596.0
2005-05-20,9555.2001953125
2005-05-23,9306.5
2005-05-24,9407.2001953125
2005-05-25,9415.1005859375
2005-05-26,9300.5
2005-05-27,9214.900390625
2005-05-30,9288.400390625
2005-05-31,9289.0
2005-06-01,9090.0
2005-06-02,8918.7001953125
2005-06-03,8903.1005859375
2005-06-06,9091.7001953125
2005-06-07,9091.7001953125
2005-06-08,9814.2998046875
2005-06-09,9894.7998046875
2005-06-10,9692.900390625
2005-06-13,9685.0
2005-06-14,9543.1005859375
2005-06-15,9329.2001953125
2005-06-16,9437.400390625
2005-06-17,9421.2998046875
2005-06-20,9693.1005859375
2005-06-21,9595.900390625
2005-06-22,9629.5
2005-06-23,9535.0
2005-06-24,9577.2001953125
2005-06-27,9791.5
2005-06-28,9647.2001953125
2005-06-29,9591.5
2005-06-30,9356.5
2005-07-01,9084.400390625
2005-07-04,9006.6005859375
2005-07-05,8942.6005859375
2005-07-06,8887.7998046875
2005-07-07,8920.7998046875
2005-07-08,8709.900390625
2005-07-11,8626.7998046875
2005-07-12,8915.0
2005-07-13,8844.900390625
2005-07-14,8861.6005859375
2005-07-15,8724.7001953125
2005-07-18,8584.5
2005-07-19,8621.0
2005-07-20,8682.7001953125
2005-07-21,8673.900390625
2005-07-22,8856.5
2005-07-25,8831.6005859375
2005-07-26,9035.7001953125
2005-07-27,9217.2998046875
2005-07-28,9191.2998046875
2005-07-29,9159.5
2005-08-01,9208.0
2005-08-02,9345.2998046875
2005-08-03,9418.6005859375
2005-08-04,9360.900390625
2005-08-05,9597.1005859375
2005-08-08,9676.7001953125
2005-08-09,9776.6005859375
2005-08-10,9871.2998046875
2005-08-11,10006.7998046875
2005-08-12,9825.2998046875
2005-08-15,10055.1005859375
2005-08-16,9997.2001953125
2005-08-17,10126.900390625
2005-08-18,9815.900390625
2005-08-19,9827.0
2005-08-22,9921.900390625
2005-08-23,9811.7001953125
2005-08-24,9905.7001953125
2005-08-25,9955.5
2005-08-26,9970.7001953125
2005-08-29,9864.900390625
2005-08-30,9814.400390625
2005-08-31,9991.5
2005-09-01,10192.7001953125
2005-09-02,10245.400390625
2005-09-05,10343.2001953125
2005-09-06,10137.2998046875
2005-09-07,10361.1005859375
2005-09-08,10383.6005859375
2005-09-09,10303.2001953125
2005-09-12,10330.6005859375
2005-09-13,10518.2001953125
2005-09-14,10603.6005859375
2005-09-15,10618.400390625
2005-09-16,10606.400390625
2005-09-19,10696.2001953125
2005-09-20,10617.1005859375
2005-09-21,10435.2001953125
2005-09-22,10147.5
2005-09-23,10041.1005859375
2005-09-26,10078.2001953125
2005-09-27,9901.6005859375
2005-09-28,9877.400390625
2005-09-29,10043.7001953125
2005-09-30,10037.2998046875
2005-10-10,9911.1005859375
2005-10-11,10084.0
2005-10-12,10151.7001953125
2005-10-13,10085.7998046875
2005-10-14,9972.5
2005-10-17,9943.5
2005-10-18,10046.7001953125
2005-10-19,9989.1005859375
2005-10-20,9987.5
2005-10-21,10051.7001953125
2005-10-24,10074.6005859375
2005-10-25,9889.5
2005-10-26,9672.7998046875
2005-10-27,9637.5
2005-10-28,9469.7001953125
2005-10-31,9542.1005859375
2005-11-01,9493.6005859375
2005-11-02,9637.2001953125
2005-11-03,9541.2998046875
2005-11-04,9585.0
2005-11-07,9621.900390625
2005-11-08,9684.400390625
2005-11-09,9654.2998046875
2005-11-10,9439.1005859375
2005-11-11,9470.0
2005-11-14,9465.1005859375
2005-11-15,9412.7998046875
2005-11-16,9478.7001953125
2005-11-17,9471.7998046875
2005-11-18,9680.2998046875
2005-11-21,9703.6005859375
2005-11-22,9535.0
2005-11-23,9607.2001953125
2005-11-24,9656.400390625
2005-11-25,9672.6005859375
2005-11-28,9634.7998046875
2005-11-29,9518.1005859375
2005-11-30,9538.6005859375
2005-12-01,9528.2998046875
2005-12-02,9469.7001953125
2005-12-05,9295.7998046875
2005-12-06,9347.2001953125
2005-12-07,9434.7998046875
2005-12-08,9429.2998046875
2005-12-09,9576.5
2005-12-12,9611.1005859375
2005-12-13,9608.6005859375
2005-12-14,9711.6005859375
2005-12-15,9677.5
2005-12-16,9749.400390625
2005-12-19,9758.7998046875
2005-12-20,9793.2998046875
2005-12-21,9737.7001953125
2005-12-22,9796.2998046875
2005-12-23,9889.2001953125
2005-12-26,9972.900390625
2005-12-27,9958.2998046875
2005-12-28,9978.5
2005-12-29,10116.7001953125
2005-12-30,10028.0
2006-01-04,10195.6005859375
2006-01-05,10360.1005859375
2006-01-06,10466.2001953125
2006-01-09,10557.2001953125
2006-01-10,10599.1005859375
2006-01-11,10561.2001953125
2006-01-12,10712.0
2006-01-13,10699.900390625
2006-01-16,10533.2001953125
2006-01-17,10552.6005859375
2006-01-18,10759.900390625
2006-01-19,10852.400390625
2006-01-20,10874.7998046875
2006-01-23,10918.5
2006-01-24,10926.900390625
2006-01-25,10977.900390625
2006-02-06,11231.5
2006-02-07,11217.6005859375
2006-02-08,11257.7998046875
2006-02-09,11116.0
2006-02-10,11239.900390625
2006-02-13,11235.2001953125
2006-02-14,11318.1005859375
2006-02-15,11343.7001953125
2006-02-16,11084.7998046875
2006-02-17,11055.7998046875
2006-02-20,11040.1005859375
2006-02-21,11221.0
2006-02-22,11215.400390625
2006-02-23,11240.5
2006-02-24,11310.0
2006-02-27,11378.7998046875
2006-02-28,11418.7998046875
2006-03-01,11504.400390625
2006-03-02,11301.0
2006-03-03,11335.7998046875
2006-03-06,11304.0
2006-03-07,11037.6005859375
2006-03-08,10982.2998046875
2006-03-09,10932.7001953125
2006-03-10,10968.7998046875
2006-03-13,11065.7001953125
2006-03-14,11071.5
2006-03-15,11189.5
2006-03-16,11189.400390625
2006-03-17,11153.7998046875
2006-03-20,11295.2001953125
2006-03-21,11333.1005859375
2006-03-22,11425.900390625
2006-03-23,11468.1005859375
2006-03-24,11401.900390625
2006-03-27,11488.5
2006-03-28,11582.7001953125
2006-03-29,11660.400390625
2006-03-30,11560.1005859375
2006-03-31,11631.2998046875
2006-04-03,11848.0
2006-04-04,11969.900390625
2006-04-05,12113.5
2006-04-06,12156.2001953125
2006-04-07,12217.5
2006-04-10,12421.1005859375
2006-04-11,12481.7001953125
2006-04-12,12445.2001953125
2006-04-13,12150.1005859375
2006-04-14,12412.400390625
2006-04-17,12485.1005859375
2006-04-18,12540.1005859375
2006-04-19,12599.7998046875
2006-04-20,12538.900390625
2006-04-21,12669.5
2006-04-24,12567.5
2006-04-25,12581.2001953125
2006-04-26,12734.7001953125
2006-04-27,12760.1005859375
2006-04-28,12931.2001953125
2006-05-08,13414.2998046875
2006-05-09,13800.1005859375
2006-05-10,13993.7001953125
2006-05-11,13917.1005859375
2006-05-12,14395.7998046875
2006-05-15,15014.2001953125
2006-05-16,14653.7998046875
2006-05-17,14787.0
2006-05-18,14812.400390625
2006-05-19,15146.6005859375
2006-05-22,15297.0
2006-05-23,14681.2001953125
2006-05-24,14541.2001953125
2006-05-25,14608.6005859375
2006-05-26,14889.1005859375
2006-05-29,15264.1005859375
2006-05-30,15452.7998046875
2006-05-31,15348.900390625
2006-06-01,15829.5
2006-06-02,15767.1005859375
2006-06-05,15975.0
2006-06-06,15900.5
2006-06-07,14960.0
2006-06-08,14993.2001953125
2006-06-09,14655.900390625
2006-06-12,14695.7001953125
2006-06-13,14733.2001953125
2006-06-14,14602.2001953125
2006-06-15,14633.400390625
2006-06-16,14979.900390625
2006-06-19,15176.7998046875
2006-06-20,15264.0
2006-06-21,15222.1005859375
2006-06-22,15207.6005859375
2006-06-23,15351.900390625
2006-06-26,15628.400390625
2006-06-27,15678.2001953125
2006-06-28,15662.400390625
2006-06-29,15991.2001953125
2006-06-30,15978.1005859375
2006-07-03,16261.900390625
2006-07-04,16224.900390625
2006-07-05,16193.6005859375
2006-07-06,16542.5
2006-07-07,16491.80078125
2006-07-10,16393.80078125
2006-07-11,16498.701171875
2006-07-12,16500.400390625
2006-07-13,15566.5
2006-07-14,15687.2998046875
2006-07-17,15905.2998046875
2006-07-18,15959.7998046875
2006-07-19,15565.900390625
2006-07-20,15673.6005859375
2006-07-21,15781.6005859375
2006-07-24,15804.6005859375
2006-07-25,16018.6005859375
2006-07-26,16027.0
2006-07-27,15846.400390625
2006-07-28,15693.7998046875
2006-07-31,15099.7001953125
2006-08-01,15033.1005859375
2006-08-02,14964.0
2006-08-03,14934.0
2006-08-04,14533.7001953125
2006-08-07,14303.6005859375
2006-08-08,14675.7001953125
2006-08-09,14671.7998046875
2006-08-10,14926.900390625
2006-08-11,14989.0
2006-08-14,14613.6005859375
2006-08-15,15057.0
2006-08-16,15291.7001953125
2006-08-17,15193.5
2006-08-18,15151.900390625
2006-08-21,15208.0
2006-08-22,15379.1005859375
2006-08-23,15379.900390625
2006-08-24,15484.6005859375
2006-08-25,15525.5
2006-08-28,15895.0
2006-08-29,15931.900390625
2006-08-30,16021.5
2006-08-31,16110.400390625
2006-09-01,15832.7001953125
2006-09-04,16099.5
2006-09-05,16142.5
2006-09-06,16215.6005859375
2006-09-07,15989.1005859375
2006-09-08,16033.7998046875
2006-09-11,16130.900390625
2006-09-12,16219.7998046875
2006-09-13,16070.7001953125
2006-09-14,16072.2998046875
2006-09-15,16327.900390625
2006-09-18,16520.900390625
2006-09-19,16563.400390625
2006-09-20,16598.201171875
2006-09-21,16695.0
2006-09-22,16565.80078125
2006-09-25,16558.099609375
2006-09-26,16433.201171875
2006-09-27,16596.201171875
2006-09-28,16760.5
2006-09-29,16958.599609375
2006-10-09,17309.599609375
2006-10-10,17361.201171875
2006-10-11,17370.30078125
2006-10-12,17220.900390625
2006-10-13,17289.0
2006-10-16,17195.5
2006-10-17,17158.701171875
2006-10-18,17434.0
2006-10-19,17489.701171875
2006-10-20,17444.30078125
2006-10-23,16992.400390625
2006-10-24,17394.900390625
2006-10-25,17414.30078125
2006-10-26,17552.201171875
2006-10-27,17537.599609375
2006-10-30,17571.599609375
2006-10-31,17801.5
2006-11-01,17966.201171875
2006-11-02,17954.701171875
2006-11-03,18058.900390625
2006-11-06,18164.400390625
2006-11-07,18162.701171875
2006-11-08,18023.80078125
2006-11-09,18302.599609375
2006-11-10,17998.599609375
2006-11-13,17559.201171875
2006-11-14,17774.900390625
2006-11-15,18190.599609375
2006-11-16,18111.400390625
2006-11-17,18397.80078125
2006-11-20,18599.099609375
2006-11-21,18829.099609375
2006-11-22,19008.0
2006-11-23,19129.599609375
2006-11-24,19281.701171875
2006-11-27,19533.0
2006-11-28,19524.599609375
2006-11-29,19772.701171875
2006-11-30,20280.30078125
2006-12-01,20467.30078125
2006-12-04,20998.900390625
2006-12-05,21166.30078125
2006-12-06,20959.599609375
2006-12-07,21011.5
2006-12-08,20169.400390625
2006-12-11,20970.5
2006-12-12,21242.400390625
2006-12-13,21291.400390625
2006-12-14,21642.099609375
2006-12-15,22003.80078125
2006-12-18,22498.201171875
2006-12-19,22592.900390625
2006-12-20,22865.701171875
2006-12-21,22640.30078125
2006-12-22,22533.5
2006-12-25,23036.30078125
2006-12-26,22952.80078125
2006-12-27,23409.30078125
2006-12-28,23235.201171875
2006-12-29,23812.599609375
2007-01-04,24017.701171875
2007-01-05,24286.80078125
2007-01-08,25078.701171875
2007-01-09,26026.400390625
2007-01-10,26703.30078125
2007-01-11,26563.5
2007-01-12,25868.599609375
2007-01-15,27223.30078125
2007-01-16,28050.599609375
2007-01-17,27630.201171875
2007-01-18,27908.80078125
2007-01-19,28883.900390625
2007-01-22,30066.701171875
2007-01-23,30267.701171875
2007-01-24,30652.400390625
2007-01-25,29551.0
2007-01-26,30104.701171875
2007-01-29,31063.099609375
2007-01-30,30835.80078125
2007-01-31,29040.400390625
2007-02-01,29251.80078125
2007-02-02,28304.701171875
2007-02-05,28295.80078125
2007-02-06,28865.900390625
2007-02-07,29479.701171875
2007-02-08,30000.5
2007-02-09,29942.30078125
2007-02-12,30909.701171875
2007-02-13,31437.5
2007-02-14,32229.099609375
2007-02-15,33230.19921875
2007-02-16,33500.6015625
2007-02-26,34261.40234375
2007-02-27,31249.30078125
2007-02-28,32509.30078125
2007-03-01,31988.80078125
2007-03-02,32512.0
2007-03-05,32283.701171875
2007-03-06,32688.701171875
2007-03-07,33582.0
2007-03-08,34172.69921875
2007-03-09,34099.90234375
2007-03-12,34443.5
2007-03-13,34801.6015625
2007-03-14,34388.80078125
2007-03-15,35068.69921875
2007-03-16,34515.6015625
2007-03-19,35165.90234375
2007-03-20,35581.80078125
2007-03-21,36086.80078125
2007-03-22,36296.90234375
2007-03-23,36532.40234375
2007-03-26,37310.1015625
2007-03-27,37693.30078125
2007-03-28,37709.1015625
2007-03-29,37189.1015625
2007-03-30,37355.19921875
2007-04-02,38308.30078125
2007-04-03,38891.19921875
2007-04-04,39264.69921875
2007-04-05,39894.5
2007-04-06,40359.5
2007-04-09,41174.80078125
2007-04-10,41812.19921875
2007-04-11,42377.19921875
2007-04-12,43244.5
2007-04-13,43149.0
2007-04-16,44457.90234375
2007-04-17,45189.69921875
2007-04-18,45897.30078125
2007-04-19,43923.19921875
2007-04-20,46052.6015625
2007-04-23,48014.0
2007-04-24,48356.5
2007-04-25,48390.80078125
2007-04-26,49068.40234375
2007-04-27,48946.19921875
2007-04-30,50141.5
2007-05-08,52176.6015625
2007-05-09,52493.6015625
2007-05-10,52895.6015625
2007-05-11,52712.80078125
2007-05-14,53670.1015625
2007-05-15,52123.5
2007-05-16,53487.40234375
2007-05-17,54785.6015625
2007-05-18,54903.19921875
2007-05-21,55975.1015625
2007-05-22,56851.6015625
2007-05-23,58057.19921875
2007-05-24,57863.40234375
2007-05-25,58905.90234375
2007-05-28,60169.90234375
2007-05-29,61444.69921875
2007-05-30,57129.80078125
2007-05-31,56630.19921875
2007-06-01,54077.1015625
2007-06-04,49869.40234375
2007-06-05,51120.6015625
2007-06-06,51982.30078125
2007-06-07,54024.30078125
2007-06-08,54740.69921875
2007-06-11,56091.6015625
2007-06-12,57560.5
2007-06-13,59084.6015625
2007-06-14,58492.1015625
2007-06-15,58773.0
2007-06-18,60564.40234375
2007-06-19,61219.19921875
2007-06-20,59833.0
2007-06-21,60214.1015625
2007-06-22,57698.1015625
2007-06-25,54872.0
2007-06-26,55816.80078125
2007-06-27,57678.0
2007-06-28,54789.1015625
2007-06-29,53114.40234375
2007-07-02,53223.69921875
2007-07-03,54189.40234375
2007-07-04,53014.19921875
2007-07-05,50015.5
2007-07-06,52570.69921875
2007-07-09,54178.5
2007-07-10,53288.69921875
2007-07-11,53666.30078125
2007-07-12,54129.1015625
2007-07-13,54079.6015625
2007-07-16,52576.69921875
2007-07-17,53774.69921875
2007-07-18,54045.5
2007-07-19,54356.90234375
2007-07-20,56600.19921875
2007-07-23,59269.40234375
2007-07-24,59402.30078125
2007-07-25,60910.5
2007-07-26,61812.30078125
2007-07-27,62335.5
2007-07-30,63791.30078125
2007-07-31,64650.1015625
2007-08-01,61961.30078125
2007-08-02,64143.90234375
2007-08-03,66035.6015625
2007-08-06,67544.6015625
2007-08-07,67645.8984375
2007-08-08,66839.1015625
2007-08-09,68107.8984375
2007-08-10,67221.203125
2007-08-13,67278.3046875
2007-08-14,68559.6015625
2007-08-15,68701.3984375
2007-08-16,68228.8046875
2007-08-17,67146.5
2007-08-20,70611.3984375
2007-08-21,71652.203125
2007-08-22,72758.1015625
2007-08-23,73889.5
2007-08-24,74787.203125
2007-08-27,75056.6015625
2007-08-28,75241.3046875
2007-08-29,74310.3984375
2007-08-30,75733.8984375
2007-08-31,76627.703125
2007-09-03,78436.1015625
2007-09-04,78040.703125
2007-09-05,78415.3046875
2007-09-06,79254.703125
2007-09-07,77555.703125
2007-09-10,78951.1015625
2007-09-11,74939.1015625
2007-09-12,75943.203125
2007-09-13,77851.0
2007-09-14,78676.0
2007-09-17,80226.0
2007-09-18,80203.0
2007-09-19,79572.8046875
2007-09-20,80604.8984375
2007-09-21,80142.203125
2007-09-24,80693.3046875
2007-09-25,80468.3046875
2007-09-26,79205.8046875
2007-09-27,80327.3046875
2007-09-28,82605.3984375
2007-10-08,83488.6015625
2007-10-09,84853.8046875
2007-10-10,84966.3984375
2007-10-11,85483.6015625
2007-10-12,84791.8984375
2007-10-15,85667.8046875
2007-10-16,87853.8046875
2007-10-17,87212.703125
2007-10-18,84610.3046875
2007-10-19,84696.8984375
2007-10-22,82561.0
2007-10-23,83284.8046875
2007-10-24,83435.8984375
2007-10-25,79220.3984375
2007-10-26,80315.1015625
2007-10-29,82702.6015625
2007-10-30,84237.203125
2007-10-31,86154.1015625
2007-11-01,84621.703125
2007-11-02,82646.8046875
2007-11-05,83035.3984375
2007-11-06,82677.8046875
2007-11-07,83051.203125
2007-11-08,79366.203125
2007-11-09,78509.0
2007-11-12,77434.5
2007-11-13,77139.0
2007-11-14,80271.8984375
2007-11-15,79287.8046875
2007-11-16,78691.3984375
2007-11-19,79097.703125
2007-11-20,80299.0
2007-11-21,79302.3984375
2007-11-22,75832.8046875
2007-11-23,77170.3984375
2007-11-26,76394.0
2007-11-27,75203.5
2007-11-28,74418.5
2007-11-29,77085.0
2007-11-30,75788.5
2007-12-03,76775.8984375
2007-12-04,77488.8984375
2007-12-05,79481.8984375
2007-12-06,79743.8046875
2007-12-07,80980.0
2007-12-10,82795.8984375
2007-12-11,83132.0
2007-12-12,82735.8984375
2007-12-13,79891.6015625
2007-12-14,81434.6015625
2007-12-17,80102.3046875
2007-12-18,79662.1015625
2007-12-19,81597.3046875
2007-12-20,83564.5
2007-12-21,84767.8046875
2007-12-24,86587.8984375
2007-12-25,87528.203125
2007-12-26,88728.8046875
2007-12-27,90401.203125
2007-12-28,90121.3984375
2008-01-02,91602.203125
2008-01-03,92617.5
2008-01-04,93439.203125
2008-01-07,94931.203125
2008-01-08,93879.8046875
2008-01-09,96403.703125
2008-01-10,97256.3984375
2008-01-11,97576.203125
2008-01-14,98423.8984375
2008-01-15,98366.3984375
2008-01-16,95827.6015625
2008-01-17,93536.8984375
2008-01-18,94422.5
2008-01-21,90117.703125
2008-01-22,83181.3984375
2008-01-23,87089.8984375
2008-01-24,88660.6015625
2008-01-25,89403.3984375
2008-01-28,83452.1015625
2008-01-29,84249.8046875
2008-01-30,83769.0
2008-01-31,81749.0
2008-02-01,80499.703125
2008-02-04,87020.8984375
2008-02-05,88577.203125
2008-02-13,87205.0
2008-02-14,88580.0
2008-02-15,87641.1015625
2008-02-18,89807.3984375
2008-02-19,91685.6015625
2008-02-20,90069.8984375
2008-02-21,89967.8046875
2008-02-22,87163.203125
2008-02-25,84076.6015625
2008-02-26,84203.1015625
2008-02-27,87183.1015625
2008-02-28,87029.5
2008-02-29,88101.1015625
2008-03-03,92898.0
2008-03-04,91066.1015625
2008-03-05,90816.8984375
2008-03-06,91863.3046875
2008-03-07,90433.8984375
2008-03-10,87374.1015625
2008-03-11,87790.1015625
2008-03-12,85345.8984375
2008-03-13,82969.703125
2008-03-14,82248.5
2008-03-17,77904.3984375
2008-03-18,73636.6015625
2008-03-19,76215.1015625
2008-03-20,78524.3984375
2008-03-21,79189.8984375
2008-03-24,76256.6015625
2008-03-25,77151.703125
2008-03-26,77311.0
2008-03-27,73847.1015625
2008-03-28,76864.203125
2008-03-31,74316.6015625
2008-04-01,69945.703125
2008-04-02,68698.3984375
2008-04-03,70565.8046875
2008-04-07,74436.8984375
2008-04-08,75424.6015625
2008-04-09,71467.703125
2008-04-10,72986.6015625
2008-04-11,73720.8046875
2008-04-14,69012.6015625
2008-04-15,70266.3046875
2008-04-16,68578.8984375
2008-04-17,66737.1015625
2008-04-18,64248.30078125
2008-04-21,64183.30078125
2008-04-22,64337.90234375
2008-04-23,67329.5
2008-04-24,72155.6015625
2008-04-25,74019.703125
2008-04-28,73120.8984375
2008-04-29,73906.0
2008-04-30,77444.203125
2008-05-05,79384.703125
2008-05-06,79373.6015625
2008-05-07,75756.8046875
2008-05-08,77781.8984375
2008-05-09,77061.3984375
2008-05-12,78100.8984375
2008-05-13,77280.6015625
2008-05-14,79480.8984375
2008-05-15,78891.703125
2008-05-16,79785.8046875
2008-05-19,79495.3984375
2008-05-20,75292.0
2008-05-21,76780.203125
2008-05-22,75561.8046875
2008-05-23,75044.0
2008-05-26,72875.703125
2008-05-27,73260.8984375
2008-05-28,75386.703125
2008-05-29,73590.203125
2008-05-30,74179.8984375
2008-06-02,74685.703125
2008-06-03,74231.8984375
2008-06-04,73062.203125
2008-06-05,72456.1015625
2008-06-06,72111.8046875
2008-06-10,66193.5
2008-06-11,64756.90234375
2008-06-12,63748.30078125
2008-06-13,61480.90234375
2008-06-16,60853.19921875
2008-06-17,58563.0
2008-06-18,61621.90234375
2008-06-19,57076.1015625
2008-06-20,58604.80078125
2008-06-23,57493.40234375
2008-06-24,58863.6015625
2008-06-25,61420.6015625
2008-06-26,62033.30078125
2008-06-27,58452.0
2008-06-30,58242.0
2008-07-01,56570.19921875
2008-07-02,56870.6015625
2008-07-03,58452.19921875
2008-07-04,58258.40234375
2008-07-07,61261.5
2008-07-08,61820.69921875
2008-07-09,63965.69921875
2008-07-10,62907.30078125
2008-07-11,62542.1015625
2008-07-14,63336.1015625
2008-07-15,61151.19921875
2008-07-16,58762.69921875
2008-07-17,58289.1015625
2008-07-18,60366.90234375
2008-07-21,62575.0
2008-07-22,62530.5
2008-07-23,62156.0
2008-07-24,64012.0
2008-07-25,63370.5
2008-07-28,63998.80078125
2008-07-29,62774.40234375
2008-07-30,62414.19921875
2008-07-31,60597.69921875
2008-08-01,61455.90234375
2008-08-04,59999.90234375
2008-08-05,58677.69921875
2008-08-06,59014.5
2008-08-07,58996.6015625
2008-08-08,55865.69921875
2008-08-11,52759.0
2008-08-12,52377.30078125
2008-08-13,52352.80078125
2008-08-14,52399.0
2008-08-15,52625.6015625
2008-08-18,49785.40234375
2008-08-19,51325.6015625
2008-08-20,55332.69921875
2008-08-21,53393.80078125
2008-08-22,52543.90234375
2008-08-25,52515.5
2008-08-26,50694.90234375
2008-08-27,50555.0
2008-08-28,50716.30078125
2008-08-29,51997.69921875
2008-09-01,50403.0
2008-09-02,50133.1015625
2008-09-03,49479.69921875
2008-09-04,49612.90234375
2008-09-05,47945.90234375
2008-09-08,46377.19921875
2008-09-09,46714.80078125
2008-09-10,46909.69921875
2008-09-11,45600.1015625
2008-09-12,45683.30078125
2008-09-16,44281.19921875
2008-09-17,42922.30078125
2008-09-18,41967.30078125
2008-09-19,46141.69921875
2008-09-22,48844.1015625
2008-09-23,46520.40234375
2008-09-24,47072.30078125
2008-09-25,48736.40234375
2008-09-26,49053.19921875
2008-10-06,46790.6015625
2008-10-07,46368.69921875
2008-10-08,44823.90234375
2008-10-09,44265.69921875
2008-10-10,42072.80078125
2008-10-13,43578.1015625
2008-10-14,42400.0
2008-10-15,42019.19921875
2008-10-16,40291.5
2008-10-17,40624.0
2008-10-20,41991.1015625
2008-10-21,41687.80078125
2008-10-22,40714.19921875
2008-10-23,40759.1015625
2008-10-24,39907.90234375
2008-10-27,37041.69921875
2008-10-28,38113.90234375
2008-10-29,36961.80078125
2008-10-30,37748.6015625
2008-10-31,37033.40234375
2008-11-03,36793.1015625
2008-11-04,36273.69921875
2008-11-05,37611.69921875
2008-11-06,36806.69921875
2008-11-07,37430.90234375
2008-11-10,40224.40234375
2008-11-11,39787.6015625
2008-11-12,40402.19921875
2008-11-13,42090.40234375
2008-11-14,43739.1015625
2008-11-17,45069.69921875
2008-11-18,41802.90234375
2008-11-19,44480.90234375
2008-11-20,44152.19921875
2008-11-21,43997.69921875
2008-11-24,42228.0
2008-11-25,42078.19921875
2008-11-26,42320.6015625
2008-11-27,42928.0
2008-11-28,42171.80078125
2008-12-01,43302.6015625
2008-12-02,43605.40234375
2008-12-03,45505.90234375
2008-12-04,46089.30078125
2008-12-05,47030.80078125
2008-12-08,49012.30078125
2008-12-09,47832.90234375
2008-12-10,49149.80078125
2008-12-11,47879.6015625
2008-12-12,45870.30078125
2008-12-15,46390.40234375
2008-12-16,46929.30078125
2008-12-17,47225.90234375
2008-12-18,48195.1015625
2008-12-19,48498.69921875
2008-12-22,48057.69921875
2008-12-23,45535.40234375
2008-12-24,44707.90234375
2008-12-25,44606.80078125
2008-12-26,44547.5
2008-12-29,44964.1015625
2008-12-30,44743.40234375
2008-12-31,44316.69921875
2009-01-05,46192.69921875
2009-01-06,47820.5
2009-01-07,47727.80078125
2009-01-08,46670.69921875
2009-01-09,47615.5
2009-01-12,47890.69921875
2009-01-13,46764.30078125
2009-01-14,48689.6015625
2009-01-15,48878.6015625
2009-01-16,49626.80078125
2009-01-19,50033.69921875
2009-01-20,50477.5
2009-01-21,50379.0
2009-01-22,51021.30078125
2009-01-23,50878.30078125
2009-02-02,52046.19921875
2009-02-03,53362.6015625
2009-02-04,54675.1015625
2009-02-05,54165.69921875
2009-02-06,56392.40234375
2009-02-09,58061.0
2009-02-10,59098.6015625
2009-02-11,59255.5
2009-02-12,59457.6015625
2009-02-13,61527.69921875
2009-02-16,63075.69921875
2009-02-17,60987.80078125
2009-02-18,58351.40234375
2009-02-19,59185.40234375
2009-02-20,60618.40234375
2009-02-23,62431.69921875
2009-02-24,59658.6015625
2009-02-25,59795.1015625
2009-02-26,56516.6015625
2009-02-27,54590.1015625
2009-03-02,56413.5
2009-03-03,56224.80078125
2009-03-04,59869.0
2009-03-05,60386.19921875
2009-03-06,59949.80078125
2009-03-09,57727.0
2009-03-10,58900.19921875
2009-03-11,58476.30078125
2009-03-12,58449.0
2009-03-13,58179.90234375
2009-03-16,59154.5
2009-03-17,61261.30078125
2009-03-18,61726.1015625
2009-03-19,63096.0
2009-03-20,63027.80078125
2009-03-23,64531.1015625
2009-03-24,64933.5
2009-03-25,63538.40234375
2009-03-26,65500.40234375
2009-03-27,66126.1015625
2009-03-30,66241.3984375
2009-03-31,66927.0
2009-04-01,67968.8046875
2009-04-02,68484.3984375
2009-04-03,68490.8984375
2009-04-07,68992.5
2009-04-08,66473.3046875
2009-04-09,67581.5
2009-04-10,69690.8984375
2009-04-13,71179.6015625
2009-04-14,72017.3046875
2009-04-15,72587.6015625
2009-04-16,72681.3984375
2009-04-17,71941.6015625
2009-04-20,73832.8984375
2009-04-21,73245.1015625
2009-04-22,70260.1015625
2009-04-23,70712.3984375
2009-04-24,70381.703125
2009-04-27,68871.703125
2009-04-28,69315.3046875
2009-04-29,71476.8046875
2009-04-30,72125.6015625
2009-05-04,74676.0
2009-05-05,75197.8984375
2009-05-06,76227.0
2009-05-07,76090.8984375
2009-05-08,76711.0
2009-05-11,74658.3046875
2009-05-12,76687.203125
2009-05-13,77349.1015625
2009-05-14,77087.6015625
2009-05-15,77396.8046875
2009-05-18,77916.5
2009-05-19,79444.6015625
2009-05-20,78915.3046875
2009-05-21,77199.3046875
2009-05-22,77320.6015625
2009-05-25,78403.703125
2009-05-26,77871.703125
2009-05-27,78693.0
2009-06-01,81100.8046875
2009-06-02,81350.8984375
2009-06-03,82895.0
2009-06-04,83279.8046875
2009-06-05,82810.3984375
2009-06-08,83217.703125
2009-06-09,83241.1015625
2009-06-10,84709.3984375
2009-06-11,84145.203125
2009-06-12,82586.0
2009-06-15,84096.8046875
2009-06-16,83974.0
2009-06-17,85396.203125
2009-06-18,86495.203125
2009-06-19,87114.8046875
2009-06-22,87024.0
2009-06-23,87132.0
2009-06-24,88110.203125
2009-06-25,88169.0
2009-06-26,88496.3984375
2009-06-29,89942.8046875
2009-06-30,89578.8046875
2009-07-01,91250.8046875
2009-07-02,92409.703125
2009-07-03,92852.203125
2009-07-06,102852.1015625
2009-07-07,102207.6015625
2009-07-08,102620.3046875
2009-07-09,104237.3046875
2009-07-10,104369.1015625
2009-07-13,103953.703125
2009-07-14,106438.703125
2009-07-15,107519.203125
2009-07-16,107478.6015625
2009-07-17,107904.203125
2009-07-20,109960.703125
2009-07-21,108134.3046875
2009-07-22,109989.0
2009-07-23,111333.1015625
2009-07-24,111466.703125
2009-07-27,113969.3046875
2009-07-28,114665.6015625
2009-07-29,109251.3984375
2009-07-30,111362.5
2009-07-31,114879.1015625
2009-08-03,117858.3046875
2009-08-04,118139.0
2009-08-05,117290.8984375
2009-08-06,115324.8046875
2009-08-07,112080.203125
2009-08-10,112337.3046875
2009-08-11,112886.703125
2009-08-12,108141.8046875
2009-08-13,109023.1015625
2009-08-14,105469.3984375
2009-08-17,99070.5
2009-08-18,100930.8046875
2009-08-19,96279.5
2009-08-20,100101.3046875
2009-08-21,102233.3046875
2009-08-24,103583.8984375
2009-08-25,100597.703125
2009-08-26,102920.0
2009-08-27,103053.203125
2009-08-28,99895.703125
2009-08-31,93100.8984375
2009-09-01,93275.0
2009-09-02,94403.5
2009-09-03,99227.3984375
2009-09-04,100280.1015625
2009-09-07,101301.5
2009-09-08,103254.8984375
2009-09-09,103908.0
2009-09-10,102969.6015625
2009-09-11,105275.1015625
2009-09-14,107303.8046875
2009-09-15,107979.5
2009-09-16,107066.8984375
2009-09-17,109182.1015625
2009-09-18,105502.8046875
2009-09-21,106429.6015625
2009-09-22,104052.3984375
2009-09-23,101957.703125
2009-09-24,102030.203125
2009-09-25,101277.3046875
2009-09-28,98762.3046875
2009-09-29,98180.203125
2009-09-30,99207.3984375
2009-10-09,104112.6015625
2009-10-12,104018.8984375
2009-10-13,105607.1015625
2009-10-14,106566.1015625
2009-10-15,106924.5
2009-10-16,113865.5
2009-10-19,116877.203125
2009-10-20,118606.3046875
2009-10-21,118158.6015625
2009-10-22,117652.6015625
2009-10-23,119719.203125
2009-10-26,119777.703125
2009-10-27,129216.8984375
2009-10-28,129843.1015625
2009-10-29,127335.203125
2009-10-30,129261.3984375
2009-11-02,133213.203125
2009-11-03,134991.796875
2009-11-04,135738.796875
2009-11-05,136766.40625
2009-11-06,137243.40625
2009-11-09,137945.5
2009-11-10,138300.90625
2009-11-11,138344.40625
2009-11-12,138485.5
2009-11-13,139618.796875
2009-11-16,143464.609375
2009-11-17,144029.5
2009-11-18,144867.296875
2009-11-19,145750.5
2009-11-20,145464.609375
2009-11-23,147027.90625
2009-11-24,141698.703125
2009-11-25,145086.5
2009-11-26,139610.0
2009-11-27,136486.796875
2009-11-30,141582.203125
2009-12-01,144371.0
2009-12-02,146000.296875
2009-12-03,145995.90625
2009-12-04,146906.40625
2009-12-07,149047.0
2009-12-08,147844.609375
2009-12-09,145557.40625
2009-12-10,146400.296875
2009-12-11,146221.5
2009-12-14,147961.5
2009-12-15,147306.203125
2009-12-16,146556.0
2009-12-17,142995.609375
2009-12-18,139698.796875
2009-12-21,140442.703125
2009-12-22,137460.609375
2009-12-23,139032.90625
2009-12-24,143003.0
2009-12-25,142974.90625
2009-12-28,145290.203125
2009-12-29,146606.609375
2009-12-30,148144.5
2009-12-31,148922.703125
2010-01-04,147820.609375
2010-01-05,149022.0
2010-01-06,148050.796875
2010-01-07,144986.5
2010-01-08,145646.109375
2010-01-11,151874.609375
2010-01-12,154576.796875
2010-01-13,150408.703125
2010-01-14,152885.5
2010-01-15,153728.703125
2010-01-18,154746.609375
2010-01-19,154887.109375
2010-01-20,149913.796875
2010-01-21,150710.109375
2010-01-22,148703.609375
2010-01-25,147221.703125
2010-01-26,143306.609375
2010-01-27,141617.90625
2010-01-28,142420.296875
2010-01-29,142564.703125
2010-02-01,140586.609375
2010-02-02,140302.0
2010-02-03,143418.703125
2010-02-04,143457.703125
2010-02-05,141112.796875
2010-02-08,140958.5
2010-02-09,141494.703125
2010-02-10,143312.109375
2010-02-11,143446.796875
2010-02-12,145116.796875
2010-02-22,144503.109375
2010-02-23,143872.203125
2010-02-24,146094.609375
2010-02-25,148175.296875
2010-02-26,148084.796875
2010-03-01,150419.90625
2010-03-02,150013.90625
2010-03-03,151478.203125
2010-03-04,147588.5
2010-03-05,147977.40625
2010-03-08,149076.703125
2010-03-09,149847.796875
2010-03-10,148693.703125
2010-03-11,148624.109375
2010-03-12,146856.0
2010-03-15,144997.5
2010-03-16,146083.203125
2010-03-17,149165.90625
2010-03-18,149061.203125
2010-03-19,150601.40625
2010-03-22,151115.5
2010-03-23,150211.109375
2010-03-24,150549.796875
2010-03-25,148857.5
2010-03-26,150994.203125
2010-03-29,154091.203125
2010-03-30,154671.609375
2010-03-31,154072.703125
2010-04-01,156014.0
2010-04-02,156678.203125
2010-04-06,156718.796875
2010-04-07,156397.90625
2010-04-08,155183.203125
2010-04-09,156825.703125
2010-04-12,156336.5
2010-04-13,157184.703125
2010-04-14,157776.796875
2010-04-15,157314.40625
2010-04-16,156007.109375
2010-04-19,148858.203125
2010-04-20,149147.40625
2010-04-21,152339.703125
2010-04-22,151254.40625
2010-04-23,150430.0
2010-04-26,149854.203125
2010-04-27,146709.5
2010-04-28,147877.5
2010-04-29,145714.296875
2010-04-30,145059.796875
2010-05-04,143249.0
2010-05-05,145308.296875
2010-05-06,139763.609375
2010-05-07,137280.5
2010-05-10,137415.609375
2010-05-11,134552.296875
2010-05-12,134474.203125
2010-05-13,137559.609375
2010-05-14,137178.40625
2010-05-17,130493.0
2010-05-18,132608.90625
2010-05-19,132489.109375
2010-05-20,130768.203125
2010-05-21,132829.296875
2010-05-24,137781.109375
2010-05-25,135519.90625
2010-05-26,135905.609375
2010-05-27,137529.296875
2010-05-28,137606.90625
2010-05-31,134268.703125
2010-06-01,132749.703125
2010-06-02,133140.90625
2010-06-03,132419.796875
2010-06-04,132636.296875
2010-06-07,130829.3046875
2010-06-08,130459.5
2010-06-09,134485.703125
2010-06-10,133421.109375
2010-06-11,133812.40625
2010-06-17,133114.796875
2010-06-18,130022.6015625
2010-06-21,133881.0
2010-06-22,134560.296875
2010-06-23,133735.0
2010-06-24,133033.5
2010-06-25,132572.703125
2010-06-28,131740.40625
2010-06-29,125850.0
2010-06-30,124452.0
2010-07-01,123044.6015625
2010-07-02,123030.3046875
2010-07-05,122481.3984375
2010-07-06,125291.1015625
2010-07-07,126238.703125
2010-07-08,125975.6015625
2010-07-09,129132.5
2010-07-12,130366.703125
2010-07-13,128441.3046875
2010-07-14,129398.0
2010-07-15,126898.3984375
2010-07-16,127315.1015625
2010-07-19,130703.203125
2010-07-20,133500.796875
2010-07-21,134061.40625
2010-07-22,135662.90625
2010-07-23,136144.0
2010-07-26,137068.40625
2010-07-27,136644.5
2010-07-28,139929.203125
2010-07-29,140683.5
2010-07-30,140327.109375
2010-08-02,142636.203125
2010-08-03,140285.609375
2010-08-04,140994.5
2010-08-05,140352.40625
2010-08-06,142583.0
2010-08-09,143645.296875
2010-08-10,139403.609375
2010-08-11,140563.0
2010-08-12,138922.703125
2010-08-13,140969.90625
2010-08-16,144215.203125
2010-08-17,145126.296875
2010-08-18,145132.5
2010-08-19,145946.40625
2010-08-20,143604.40625
2010-08-23,143861.90625
2010-08-24,144802.203125
2010-08-25,141834.5
2010-08-26,142576.609375
2010-08-27,143107.703125
2010-08-30,145987.40625
2010-08-31,145835.609375
2010-09-01,144771.796875
2010-09-02,146969.296875
2010-09-03,147334.296875
2010-09-06,149093.703125
2010-09-07,149573.0
2010-09-08,149764.40625
2010-09-09,147502.40625
2010-09-10,148173.296875
2010-09-13,149945.203125
2010-09-14,150141.0
2010-09-15,147804.40625
2010-09-16,144803.90625
2010-09-17,144973.203125
2010-09-20,144509.796875
2010-09-21,144777.609375
2010-09-27,148222.5
2010-09-28,147370.5
2010-09-29,147010.796875
2010-09-30,149533.0
2010-10-08,153990.0
2010-10-11,160921.0
2010-10-12,162542.109375
2010-10-13,164010.296875
2010-10-14,163182.796875
2010-10-15,167608.0
2010-10-18,166621.609375
2010-10-19,170252.296875
2010-10-20,171001.109375
2010-10-21,170638.703125
2010-10-22,170413.0
2010-10-25,175429.296875
2010-10-26,175034.0
2010-10-27,172704.109375
2010-10-28,172623.109375
2010-10-29,172689.90625
2010-11-01,177572.203125
2010-11-02,177128.296875
2010-11-03,175542.703125
2010-11-04,178701.5
2010-11-05,181488.203125
2010-11-08,203657.90625
2010-11-09,202665.203125
2010-11-10,202042.703125
2010-11-11,203511.109375
2010-11-12,192906.5
2010-11-15,195483.609375
2010-11-16,187727.796875
2010-11-17,183796.796875
2010-11-18,186674.90625
2010-11-19,188946.796875
2010-11-22,189316.296875
2010-11-23,186098.40625
2010-11-24,188458.0
2010-11-25,190709.109375
2010-11-26,189200.296875
2010-11-29,189855.0
2010-11-30,187017.203125
2010-12-01,187090.90625
2010-12-02,188372.796875
2010-12-03,188349.703125
2010-12-06,189239.5
2010-12-07,190967.40625
2010-12-08,189425.0
2010-12-09,186660.296875
2010-12-10,188843.0
2010-12-13,194685.40625
2010-12-14,195416.796875
2010-12-15,194461.5
2010-12-16,193914.703125
2010-12-17,193633.609375
2010-12-20,191028.109375
2010-12-21,194366.40625
2010-12-22,192723.5
2010-12-23,190831.40625
2010-12-24,189174.203125
2010-12-27,186789.109375
2010-12-28,183739.90625
2010-12-29,185959.796875
2010-12-30,186656.0
2010-12-31,190064.296875
2011-01-04,193955.203125
2011-01-05,193219.90625
2011-01-06,192210.5
2011-01-07,193178.796875
2011-01-10,189558.40625
2011-01-11,190340.609375
2011-01-12,191762.40625
2011-01-13,192400.203125
2011-01-14,189761.296875
2011-01-17,183587.40625
2011-01-18,183955.109375
2011-01-19,187457.0
2011-01-20,181790.90625
2011-01-21,184023.40625
2011-01-24,182233.5
2011-01-25,180832.109375
2011-01-26,183217.296875
2011-01-27,185946.90625
2011-01-28,186730.90625
2011-01-31,189188.109375
2011-02-01,190666.703125
2011-02-09,188963.703125
2011-02-10,192624.796875
2011-02-11,193728.109375
2011-02-14,198765.90625
2011-02-15,198844.703125
2011-02-16,200969.609375
2011-02-17,201193.203125
2011-02-18,199449.703125
2011-02-21,202662.90625
2011-02-22,197525.203125
2011-02-23,198154.109375
2011-02-24,199271.296875
2011-02-25,199369.109375
2011-02-28,201668.203125
2011-03-01,202656.109375
2011-03-02,202349.703125
2011-03-03,201160.109375
2011-03-04,204061.40625
2011-03-07,207974.203125
2011-03-08,208369.5
2011-03-09,208604.296875
2011-03-10,206400.0
2011-03-11,204964.5
2011-03-14,205918.40625
2011-03-15,202993.109375
2011-03-16,205611.703125
2011-03-17,203055.703125
2011-03-18,203826.796875
2011-03-21,203809.609375
2011-03-22,204331.90625
2011-03-23,206544.90625
2011-03-24,206366.296875
2011-03-25,208455.109375
2011-03-28,208816.40625
2011-03-29,206581.5
2011-03-30,206298.796875
2011-03-31,204427.0
2011-04-01,207021.609375
2011-04-06,208706.296875
2011-04-07,209350.609375
2011-04-08,211073.203125
2011-04-11,210431.703125
2011-04-12,210423.796875
2011-04-13,212552.5
2011-04-14,211861.203125
2011-04-15,212288.296875
2011-04-18,212843.796875
2011-04-19,210137.609375
2011-04-20,210808.5
2011-04-21,212313.109375
2011-04-22,210758.796875
2011-04-25,208207.296875
2011-04-26,206240.703125
2011-04-27,205234.796875
2011-04-28,202037.609375
2011-04-29,204137.90625
2011-05-03,205988.796875
2011-05-04,201374.40625
2011-05-05,201840.109375
2011-05-06,200786.796875
2011-05-09,202367.203125
2011-05-10,203604.703125
2011-05-11,203281.5
2011-05-12,200467.90625
2011-05-13,202425.109375
2011-05-16,201076.40625
2011-05-17,201307.40625
2011-05-18,203089.609375
2011-05-19,202299.296875
2011-05-20,202382.296875
2011-05-23,196274.5
2011-05-24,195914.40625
2011-05-25,194136.5
2011-05-26,193455.90625
2011-05-27,191346.296875
2011-05-30,190896.203125
2011-05-31,193733.5
2011-06-01,194047.703125
2011-06-02,191382.0
2011-06-03,193034.796875
2011-06-07,194640.296875
2011-06-08,195403.609375
2011-06-09,191920.0
2011-06-10,192431.609375
2011-06-13,191887.296875
2011-06-14,194377.609375
2011-06-15,192634.296875
2011-06-16,189128.296875
2011-06-17,187961.109375
2011-06-20,186264.703125
2011-06-21,188350.109375
2011-06-22,188426.203125
2011-06-23,191428.90625
2011-06-24,195528.40625
2011-06-27,196771.109375
2011-06-28,196575.796875
2011-06-29,195117.5
2011-06-30,197717.90625
2011-07-01,198402.203125
2011-07-04,202616.796875
2011-07-05,203490.0
2011-07-06,203463.609375
2011-07-07,202543.703125
2011-07-08,202746.40625
2011-07-11,203416.90625
2011-07-12,200131.109375
2011-07-13,203376.5
2011-07-14,204376.796875
2011-07-15,205340.90625
2011-07-18,205253.5
2011-07-19,203688.0
2011-07-20,203738.90625
2011-07-21,201718.796875
2011-07-22,202476.796875
2011-07-25,196222.5
2011-07-26,197335.0
2011-07-27,199193.796875
2011-07-28,198502.0
2011-07-29,197625.203125
2011-08-01,197960.40625
2011-08-02,196395.296875
2011-08-03,196651.203125
2011-08-04,197142.703125
2011-08-05,193085.609375
2011-08-08,185433.609375
2011-08-09,185361.40625
2011-08-10,187430.0
2011-08-11,190123.0
2011-08-12,191231.296875
2011-08-15,193897.703125
2011-08-16,192521.796875
2011-08-17,191943.796875
2011-08-18,189291.109375
2011-08-19,187554.296875
2011-08-22,186010.90625
2011-08-23,188841.5
2011-08-24,188057.609375
2011-08-25,193214.0
2011-08-26,193231.109375
2011-08-29,191129.0
2011-08-30,190354.109375
2011-08-31,190383.0
2011-09-01,189502.5
2011-09-02,187503.0
2011-09-05,183614.0
2011-09-06,182598.796875
2011-09-07,186285.0
2011-09-08,185027.703125
2011-09-09,184720.203125
2011-09-13,182562.203125
2011-09-14,183724.5
2011-09-15,183509.109375
2011-09-16,183813.296875
2011-09-19,180484.609375
2011-09-20,181234.109375
2011-09-21,186132.796875
2011-09-22,180940.0
2011-09-23,179939.5
2011-09-26,176942.203125
2011-09-27,178432.0
2011-09-28,176627.203125
2011-09-29,174125.109375
2011-09-30,173727.796875
2011-10-10,172709.0
2011-10-11,172617.703125
2011-10-12,177947.109375
2011-10-13,179775.703125
2011-10-14,179137.0
2011-10-17,179990.609375
2011-10-18,175561.90625
2011-10-19,175065.0
2011-10-20,171407.5
2011-10-21,169957.5
2011-10-24,173806.296875
2011-10-25,177095.5
2011-10-26,178566.609375
2011-10-27,179064.703125
2011-10-28,182210.109375
2011-10-31,182068.203125
2011-11-01,182190.0
2011-11-02,185079.40625
2011-11-03,185683.203125
2011-11-04,187141.609375
2011-11-07,185882.609375
2011-11-08,185247.109375
2011-11-09,187089.90625
2011-11-10,184007.90625
2011-11-11,184285.703125
2011-11-14,188177.109375
2011-11-15,188387.109375
2011-11-16,183694.796875
2011-11-17,183469.109375
2011-11-18,179740.109375
2011-11-21,179803.40625
2011-11-22,179659.796875
2011-11-23,178455.609375
2011-11-24,178704.609375
2011-11-25,177637.5
2011-11-28,177868.296875
2011-11-29,180149.609375
2011-11-30,174077.203125
2011-12-01,178015.796875
2011-12-02,175831.109375
2011-12-05,173464.296875
2011-12-06,173144.296875
2011-12-07,173667.703125
2011-12-08,173500.0
2011-12-09,172299.609375
2011-12-12,170573.296875
2011-12-13,167096.796875
2011-12-14,165411.0
2011-12-15,161901.109375
2011-12-16,165470.40625
2011-12-19,165204.90625
2011-12-20,165157.109375
2011-12-21,162874.40625
2011-12-22,162316.5
2011-12-23,163785.703125
2011-12-26,162653.296875
2011-12-27,160352.0
2011-12-28,160514.0
2011-12-29,160900.609375
2011-12-30,163011.796875
2012-01-04,160427.90625
2012-01-05,158032.40625
2012-01-06,159250.5
2012-01-09,164162.703125
2012-01-10,169101.203125
2012-01-11,168541.0
2012-01-12,168435.796875
2012-01-13,165562.203125
2012-01-16,162345.296875
2012-01-17,169427.0
2012-01-18,166765.5
2012-01-19,169015.203125
2012-01-20,170932.90625
2012-01-30,168718.203125
2012-01-31,169134.40625
2012-02-01,167581.40625
2012-02-02,170851.90625
2012-02-03,172425.609375
2012-02-06,172764.796875
2012-02-07,169845.0
2012-02-08,174146.796875
2012-02-09,174511.703125
2012-02-10,174812.796875
2012-02-13,175095.796875
2012-02-14,174663.5
2012-02-15,176582.109375
2012-02-16,175967.609375
2012-02-17,175966.796875
2012-02-20,176666.609375
2012-02-21,178169.296875
2012-02-22,180301.5
2012-02-23,180860.5
2012-02-24,183512.296875
2012-02-27,184170.5
2012-02-28,184194.203125
2012-02-29,182286.0
2012-03-01,182341.796875
2012-03-02,185187.40625
2012-03-05,184209.703125
2012-03-06,181729.5
2012-03-07,180560.796875
2012-03-08,182652.0
2012-03-09,184542.90625
2012-03-12,184512.5
2012-03-13,186174.296875
2012-03-14,180790.90625
2012-03-15,179569.5
2012-03-16,182390.609375
2012-03-19,183236.296875
2012-03-20,180467.703125
2012-03-21,180489.90625
2012-03-22,180183.703125
2012-03-23,177972.296875
2012-03-26,178008.703125
2012-03-27,177722.609375
2012-03-28,172422.90625
2012-03-29,169866.703125
2012-03-30,170414.109375
2012-04-05,173841.40625
2012-04-06,174533.90625
2012-04-09,173049.609375
2012-04-10,174631.796875
2012-04-11,174971.296875
2012-04-12,178264.0
2012-04-13,179035.40625
2012-04-16,178958.109375
2012-04-17,177072.796875
2012-04-18,180548.40625
2012-04-19,180181.5
2012-04-20,182175.109375
2012-04-23,180658.40625
2012-04-24,180318.40625
2012-04-25,181951.703125
2012-04-26,181722.40625
2012-04-27,181144.203125
2012-05-02,184397.90625
2012-05-03,184752.609375
2012-05-04,185603.796875
2012-05-07,186244.703125
2012-05-08,185893.5
2012-05-09,182761.203125
2012-05-10,182900.5
2012-05-11,181863.0
2012-05-14,181020.5
2012-05-15,180646.109375
2012-05-16,178394.796875
2012-05-17,180821.90625
2012-05-18,178274.40625
2012-05-21,178618.703125
2012-05-22,180701.0
2012-05-23,180109.296875
2012-05-24,178914.609375
2012-05-25,177337.90625
2012-05-28,179835.0
2012-05-29,181967.796875
2012-05-30,181763.109375
2012-05-31,181225.109375
2012-06-01,181181.40625
2012-06-04,176332.796875
2012-06-05,176598.0
2012-06-06,176352.109375
2012-06-07,175159.109375
2012-06-08,174322.0
2012-06-11,176497.796875
2012-06-12,175226.0
2012-06-13,177817.296875
2012-06-14,176183.5
2012-06-15,176820.296875
2012-06-18,177642.40625
2012-06-19,176576.796875
2012-06-20,176321.609375
2012-06-21,173855.296875
2012-06-25,170592.796875
2012-06-26,170440.5
2012-06-27,170121.796875
2012-06-28,168108.703125
2012-06-29,170314.0
2012-07-02,171433.90625
2012-07-03,171847.203125
2012-07-04,171505.109375
2012-07-05,169304.609375
2012-07-06,171751.40625
2012-07-09,167719.40625
2012-07-10,167046.109375
2012-07-11,168049.0
2012-07-12,169367.296875
2012-07-13,169310.90625
2012-07-16,165654.796875
2012-07-17,166790.203125
2012-07-18,167321.0
2012-07-19,168601.296875
2012-07-20,167283.40625
2012-07-23,165175.5
2012-07-24,165837.0
2012-07-25,165065.796875
2012-07-26,164162.40625
2012-07-27,164358.109375
2012-07-30,163295.703125
2012-07-31,162497.796875
2012-08-01,164310.609375
2012-08-02,163132.203125
2012-08-03,165119.0
2012-08-06,167320.703125
2012-08-07,167796.90625
2012-08-08,167940.40625
2012-08-09,169342.109375
2012-08-10,168953.796875
2012-08-13,166227.90625
2012-08-14,167009.296875
2012-08-15,165333.90625
2012-08-16,164613.296875
2012-08-17,164603.609375
2012-08-20,164546.5
2012-08-21,165623.203125
2012-08-22,164795.796875
2012-08-23,165322.796875
2012-08-24,163312.296875
2012-08-27,160344.109375
2012-08-28,161707.0
2012-08-29,160232.109375
2012-08-30,159680.609375
2012-08-31,159513.5
2012-09-03,161098.0
2012-09-04,159753.796875
2012-09-05,159623.796875
2012-09-06,160841.109375
2012-09-07,166817.90625
2012-09-10,167755.40625
2012-09-11,166809.0
2012-09-12,167425.5
2012-09-13,165914.296875
2012-09-14,166860.703125
2012-09-17,163018.203125
2012-09-18,161658.796875
2012-09-19,162457.0
2012-09-20,158756.203125
2012-09-21,158793.90625
2012-09-24,159507.109375
2012-09-25,159104.796875
2012-09-26,156741.203125
2012-09-27,160892.796875
2012-09-28,163439.90625
2012-10-08,162435.40625
2012-10-09,165984.703125
2012-10-10,166677.0
2012-10-11,165076.5
2012-10-12,165141.296875
2012-10-15,164762.296875
2012-10-16,164898.796875
2012-10-17,165346.40625
2012-10-18,167640.703125
2012-10-19,167373.203125
2012-10-22,167967.109375
2012-10-23,166420.296875
2012-10-24,166385.90625
2012-10-25,165171.203125
2012-10-26,162253.5
2012-10-29,161844.609375
2012-10-30,162184.90625
2012-10-31,162757.90625
2012-11-01,165641.40625
2012-11-02,166540.703125
2012-11-05,166303.203125
2012-11-06,165718.40625
2012-11-07,165666.5
2012-11-08,162687.609375
2012-11-09,162367.90625
2012-11-12,163247.5
2012-11-13,160582.5
2012-11-14,161203.203125
2012-11-15,159095.5
2012-11-16,157806.5
2012-11-19,158148.703125
2012-11-20,157565.0
2012-11-21,159282.90625
2012-11-22,157944.109375
2012-11-23,158797.5
2012-11-26,157663.5
2012-11-27,155254.796875
2012-11-28,153450.796875
2012-11-29,152513.90625
2012-11-30,154032.90625
2012-12-03,151908.90625
2012-12-04,153434.609375
2012-12-05,158140.796875
2012-12-06,157919.703125
2012-12-07,160676.40625
2012-12-10,162531.796875
2012-12-11,161796.703125
2012-12-12,162366.40625
2012-12-13,160610.296875
2012-12-14,167456.5
2012-12-17,169005.90625
2012-12-18,169046.90625
2012-12-19,169322.203125
2012-12-20,169879.5
2012-12-21,169019.296875
2012-12-24,169808.703125
2012-12-25,174156.609375
2012-12-26,175116.703125
2012-12-27,174144.203125
2012-12-28,176334.0
2012-12-31,179342.109375
2013-01-04,179643.40625
2013-01-07,180828.109375
2013-01-08,180698.5
2013-01-09,180953.5
2013-01-10,181727.0
2013-01-11,178421.796875
2013-01-14,184215.703125
2013-01-15,185706.109375
2013-01-16,184661.0
2013-01-17,182730.5
2013-01-18,185511.609375
2013-01-21,186594.40625
2013-01-22,185274.203125
2013-01-23,185638.296875
2013-01-24,183645.90625
2013-01-25,182905.5
2013-01-28,187415.5
2013-01-29,188586.703125
2013-01-30,190136.296875
2013-01-31,189784.296875
2013-02-01,192171.5
2013-02-04,192227.703125
2013-02-05,193240.296875
2013-02-06,193478.0
2013-02-07,192788.703125
2013-02-08,194645.0
2013-02-18,194240.0
2013-02-19,191033.109375
2013-02-20,192800.296875
2013-02-21,188052.203125
2013-02-22,187242.90625
2013-02-25,188468.296875
2013-02-26,186263.5
2013-02-27,187587.5
2013-02-28,191752.703125
2013-03-01,191953.296875
2013-03-04,184985.796875
2013-03-05,189123.109375
2013-03-06,191214.796875
2013-03-07,189479.5
2013-03-08,188652.0
2013-03-11,188152.296875
2013-03-12,185762.0
2013-03-13,183938.109375
2013-03-14,184361.796875
2013-03-15,184988.296875
2013-03-18,182175.796875
2013-03-19,183347.296875
2013-03-20,188283.796875
2013-03-21,189175.5
2013-03-22,189575.5
2013-03-25,189417.703125
2013-03-26,187399.5
2013-03-27,187814.5
2013-03-28,182754.296875
2013-03-29,182663.0
2013-04-01,183332.5
2013-04-02,182384.109375
2013-04-03,181855.0
2013-04-08,181244.90625
2013-04-09,182529.109375
2013-04-10,182443.609375
2013-04-11,181930.703125
2013-04-12,180871.0
2013-04-15,178698.109375
2013-04-16,180034.609375
2013-04-17,180483.796875
2013-04-18,180818.296875
2013-04-19,184686.40625
2013-04-22,184674.796875
2013-04-23,179912.0
2013-04-24,182916.703125
2013-04-25,180996.40625
2013-04-26,179007.5
2013-05-02,179217.109375
2013-05-03,182049.203125
2013-05-06,184688.0
2013-05-07,185054.40625
2013-05-08,186074.40625
2013-05-09,185359.796875
2013-05-10,186370.40625
2013-05-13,186281.5
2013-05-14,183920.296875
2013-05-15,184970.609375
2013-05-16,187369.796875
2013-05-17,190107.296875
2013-05-20,191906.109375
2013-05-21,192928.5
2013-05-22,191967.203125
2013-05-23,190642.296875
2013-05-24,192055.109375
2013-05-27,192685.5
2013-05-28,195191.90625
2013-05-29,195585.703125
2013-05-30,195247.5
2013-05-31,193667.796875
2013-06-03,193396.203125
2013-06-04,190762.609375
2013-06-05,190863.109375
2013-06-06,188238.0
2013-06-07,185447.796875
2013-06-13,180295.609375
2013-06-14,182068.40625
2013-06-17,181865.90625
2013-06-18,182212.703125
2013-06-19,180084.5
2013-06-20,175746.796875
2013-06-21,174942.796875
2013-06-24,165022.609375
2013-06-25,164690.703125
2013-06-26,165091.203125
2013-06-27,164215.90625
2013-06-28,166581.796875
2013-07-01,168384.203125
2013-07-02,169893.203125
2013-07-03,168741.703125
2013-07-04,170632.609375
2013-07-05,170551.109375
2013-07-08,165798.296875
2013-07-09,166429.0
2013-07-10,170489.90625
2013-07-11,175928.796875
2013-07-12,173553.203125
2013-07-15,175883.703125
2013-07-16,183287.609375
2013-07-17,181238.203125
2013-07-18,179585.296875
2013-07-19,176605.109375
2013-07-22,178159.703125
2013-07-23,182041.203125
2013-07-24,181509.90625
2013-07-25,180049.609375
2013-07-26,179320.5
2013-07-29,176146.5
2013-07-30,176991.0
2013-07-31,177432.796875
2013-08-01,181142.203125
2013-08-02,181379.40625
2013-08-05,183485.0
2013-08-06,184667.40625
2013-08-07,183225.109375
2013-08-08,183274.296875
2013-08-09,183873.203125
2013-08-12,187873.0
2013-08-13,188725.0
2013-08-14,188237.203125
2013-08-15,186444.0
2013-08-16,184712.796875
2013-08-19,187397.90625
2013-08-20,186392.90625
2013-08-21,186748.90625
2013-08-22,186485.40625
2013-08-23,185651.0
2013-08-26,189122.203125
2013-08-27,189907.703125
2013-08-28,189106.5
2013-08-29,188730.0
2013-08-30,188079.90625
2013-09-02,188682.40625
2013-09-03,191173.109375
2013-09-04,191475.5
2013-09-05,191093.109375
2013-09-06,192690.296875
2013-09-09,198069.90625
2013-09-10,200007.40625
2013-09-11,200143.0
2013-09-12,201118.609375
2013-09-13,200205.109375
2013-09-16,200149.796875
2013-09-17,196375.296875
2013-09-18,196869.5
2013-09-23,199934.703125
2013-09-24,199051.296875
2013-09-25,198135.109375
2013-09-26,194677.40625
2013-09-27,195173.90625
2013-09-30,197247.796875
2013-10-08,199767.703125
2013-10-09,201137.703125
2013-10-10,199427.40625
2013-10-11,202454.296875
2013-10-14,203643.296875
2013-10-15,203441.203125
2013-10-16,199453.5
2013-10-17,199220.109375
2013-10-18,199974.109375
2013-10-21,203643.5
2013-10-22,201875.609375
2013-10-23,198817.90625
2013-10-24,197270.0
2013-10-25,194354.296875
2013-10-28,194478.0
2013-10-29,193248.796875
2013-10-30,196171.796875
2013-10-31,194379.296875
2013-11-01,194772.296875
2013-11-04,195202.90625
2013-11-05,196292.703125
2013-11-06,194631.90625
2013-11-07,193421.90625
2013-11-08,191206.796875
2013-11-11,191898.203125
2013-11-12,193693.109375
2013-11-13,190146.5
2013-11-14,191625.5
2013-11-15,194979.796875
2013-11-18,200255.609375
2013-11-19,200066.296875
2013-11-20,201336.109375
2013-11-21,201108.796875
2013-11-22,200303.203125
2013-11-25,199700.796875
2013-11-26,199575.609375
2013-11-27,201505.703125
2013-11-28,203263.796875
2013-11-29,203783.703125
2013-12-02,200452.90625
2013-12-03,202447.296875
2013-12-04,205005.796875
2013-12-05,204411.90625
2013-12-06,203783.0
2013-12-09,204392.609375
2013-12-10,204443.796875
2013-12-11,201683.609375
2013-12-12,201894.796875
2013-12-13,201649.796875
2013-12-16,198676.609375
2013-12-17,197728.109375
2013-12-18,197790.296875
2013-12-19,196148.796875
2013-12-20,192557.609375
2013-12-23,192996.703125
2013-12-24,193689.0
2013-12-25,195390.296875
2013-12-26,192268.796875
2013-12-27,195055.203125
2013-12-30,195210.609375
2013-12-31,196987.609375
2014-01-02,197159.703125
2014-01-03,195242.296875
2014-01-06,191367.5
2014-01-07,191953.40625
2014-01-08,192082.296875
2014-01-09,190205.296875
2014-01-10,188605.203125
2014-01-13,188325.609375
2014-01-14,190525.796875
2014-01-15,190688.796875
2014-01-16,190643.296875
2014-01-17,188928.90625
2014-01-20,187677.703125
2014-01-21,189634.296875
2014-01-22,193819.796875
2014-01-23,193601.0
2014-01-24,195218.109375
2014-01-27,193634.609375
2014-01-28,193976.203125
2014-01-29,195257.203125
2014-01-30,193812.40625
2014-02-07,195722.90625
2014-02-10,200096.203125
2014-02-11,201385.203125
2014-02-12,202521.90625
2014-02-13,200851.109375
2014-02-14,202960.296875
2014-02-17,205411.296875
2014-02-18,204324.796875
2014-02-19,206144.796875
2014-02-20,204954.40625
2014-02-21,203069.0
2014-02-24,200631.796875
2014-02-25,195555.109375
2014-02-26,196419.90625
2014-02-27,195898.203125
2014-02-28,197275.203125
2014-03-03,199686.203125
2014-03-04,199306.5
2014-03-05,197899.296875
2014-03-06,198468.296875
2014-03-07,198278.609375
2014-03-10,192373.90625
2014-03-11,192579.90625
2014-03-12,192440.203125
2014-03-13,194726.296875
2014-03-14,193481.609375
2014-03-17,196038.0
2014-03-18,196359.203125
2014-03-19,195826.203125
2014-03-20,192463.609375
2014-03-21,197264.203125
2014-03-24,198667.5
2014-03-25,198636.296875
2014-03-26,198678.703125
2014-03-27,196515.203125
2014-03-28,195074.296875
2014-03-31,194396.0
2014-04-01,196312.796875
2014-04-02,196997.90625
2014-04-03,195971.109375
2014-04-04,197654.796875
2014-04-08,200943.703125
2014-04-09,201885.0
2014-04-10,204118.90625
2014-04-11,203708.40625
2014-04-14,204026.90625
2014-04-15,201738.0
2014-04-16,202037.0
2014-04-17,201694.609375
2014-04-18,201653.0
2014-04-21,198755.796875
2014-04-22,199007.0
2014-04-23,198558.5
2014-04-24,197426.0
2014-04-25,195009.609375
2014-04-28,191418.0
2014-04-29,193234.0
2014-04-30,194053.609375
2014-05-05,194672.5
2014-05-06,195113.796875
2014-05-07,193067.703125
2014-05-08,193285.203125
2014-05-09,192711.703125
2014-05-12,196898.296875
2014-05-13,196707.296875
2014-05-14,196587.796875
2014-05-15,193971.0
2014-05-16,193972.109375
2014-05-19,192299.90625
2014-05-20,192742.296875
2014-05-21,194529.296875
2014-05-22,194152.703125
2014-05-23,195954.90625
2014-05-26,197054.40625
2014-05-27,196390.796875
2014-05-28,198303.296875
2014-05-29,197003.296875
2014-05-30,197179.296875
2014-06-03,197204.40625
2014-06-04,195792.609375
2014-06-05,197808.0
2014-06-06,196841.0
2014-06-09,196696.5
2014-06-10,199092.703125
2014-06-11,199545.0
2014-06-12,199127.609375
2014-06-13,201130.203125
2014-06-16,202501.796875
2014-06-17,200698.0
2014-06-18,199646.609375
2014-06-19,195892.40625
2014-06-20,196761.40625
2014-06-23,197173.796875
2014-06-24,198359.90625
2014-06-25,197151.109375
2014-06-26,199320.5
2014-06-27,199697.796875
2014-06-30,201271.40625
2014-07-01,201732.796875
2014-07-02,202703.109375
2014-07-03,203396.0
2014-07-04,203027.40625
2014-07-07,203226.609375
2014-07-08,204061.109375
2014-07-09,201344.0
2014-07-10,201350.5
2014-07-11,202373.796875
2014-07-14,204553.40625
2014-07-15,204923.609375
2014-07-16,203943.296875
2014-07-17,202871.40625
2014-07-18,203546.703125
2014-07-21,203196.0
2014-07-22,205537.796875
2014-07-23,205161.609375
2014-07-24,206903.703125
2014-07-25,209032.90625
2014-07-28,213848.796875
2014-07-29,214911.703125
2014-07-30,215120.296875
2014-07-31,217089.796875
2014-08-01,215341.109375
2014-08-04,218958.5
2014-08-05,219229.296875
2014-08-06,219514.203125
2014-08-07,216783.5
2014-08-08,217779.0
2014-08-11,221195.109375
2014-08-12,221224.5
2014-08-13,221280.90625
2014-08-14,219718.90625
2014-08-15,221934.796875
2014-08-18,223876.90625
2014-08-19,224556.90625
2014-08-20,224116.0
2014-08-21,223420.203125
2014-08-22,224695.296875
2014-08-25,223337.203125
2014-08-26,220714.296875
2014-08-27,221312.203125
2014-08-28,219709.796875
2014-08-29,222011.0
2014-09-01,224776.203125
2014-09-02,227844.703125
2014-09-03,229905.40625
2014-09-04,231891.5
2014-09-05,233652.609375
2014-09-09,234181.109375
2014-09-10,233939.703125
2014-09-11,233373.109375
2014-09-12,235522.0
2014-09-15,236737.90625
2014-09-16,231468.109375
2014-09-17,232757.5
2014-09-18,233938.296875
2014-09-19,235354.609375
2014-09-22,231838.40625
2014-09-23,234125.40625
2014-09-24,237527.703125
2014-09-25,237594.90625
2014-09-26,238047.109375
2014-09-29,240165.609375
2014-09-30,241487.109375
2014-10-08,244047.609375
2014-10-09,244687.109375
2014-10-10,243520.609375
2014-10-13,242990.703125
2014-10-14,242350.0
2014-10-15,243784.703125
2014-10-16,241558.0
2014-10-17,239771.109375
2014-10-20,241917.203125
2014-10-21,240000.203125
2014-10-22,238232.703125
2014-10-23,235385.796875
2014-10-24,235231.296875
2014-10-27,235024.609375
2014-10-28,240095.203125
2014-10-29,243519.0
2014-10-30,244817.796875
2014-10-31,247032.296875
2014-11-03,248308.0
2014-11-04,247989.796875
2014-11-05,247109.40625
2014-11-06,247994.90625
2014-11-07,246806.90625
2014-11-10,251381.0
2014-11-11,249040.296875
2014-11-12,251823.0
2014-11-13,250160.609375
2014-11-14,249749.796875
2014-11-17,250164.703125
2014-11-18,249070.703125
2014-11-19,249235.296875
2014-11-20,249159.296875
2014-11-21,252419.0
2014-11-24,256793.40625
2014-11-25,260487.703125
2014-11-26,263532.90625
2014-11-27,266112.40625
2014-11-28,270293.21875
2014-12-01,269885.3125
2014-12-02,277055.3125
2014-12-03,279418.3125
2014-12-04,289906.59375
2014-12-05,291496.71875
2014-12-08,298346.0
2014-12-09,283033.59375
2014-12-10,291754.59375
2014-12-11,291544.3125
2014-12-12,293332.40625
2014-12-15,295507.59375
2014-12-16,301077.21875
2014-12-17,303519.3125
2014-12-18,302492.71875
2014-12-19,305015.09375
2014-12-22,303857.59375
2014-12-23,295906.21875
2014-12-24,292017.5
2014-12-25,300347.59375
2014-12-26,307480.0
2014-12-29,307985.21875
2014-12-30,306834.21875
2014-12-31,313020.0
2015-01-05,323217.40625
2015-01-06,324764.0
2015-01-07,326158.09375
2015-01-08,319968.21875
2015-01-09,318947.5
2015-01-12,314467.0
2015-01-13,316040.09375
2015-01-14,314803.59375
2015-01-15,324113.8125
2015-01-16,328098.40625
2015-01-19,306283.8125
2015-01-20,313041.5
2015-01-21,326153.8125
2015-01-22,328778.09375
2015-01-23,328844.21875
2015-01-26,332420.90625
2015-01-27,330448.59375
2015-01-28,326600.09375
2015-01-29,322895.8125
2015-01-30,318357.5
2015-02-02,311997.3125
2015-02-03,319395.09375
2015-02-04,316959.59375
2015-02-05,314123.3125
2015-02-06,307864.40625
2015-02-09,308983.09375
2015-02-10,313978.71875
2015-02-11,316280.71875
2015-02-12,318023.21875
2015-02-13,321540.3125
2015-02-16,324763.0
2015-02-17,327466.5
2015-02-25,326147.71875
2015-02-26,332123.21875
2015-02-27,333834.8125
2015-03-02,337878.5
2015-03-03,331391.71875
2015-03-04,334265.40625
2015-03-05,332177.09375
2015-03-06,330076.21875
2015-03-09,335914.3125
2015-03-10,335839.8125
2015-03-11,337484.5
2015-03-12,341745.0
2015-03-13,344988.0
2015-03-16,353871.09375
2015-03-17,358954.90625
2015-03-18,366660.21875
2015-03-19,367723.8125
2015-03-20,371704.5
2015-03-23,379904.0
2015-03-24,381494.59375
2015-03-25,380376.0
2015-03-26,380801.21875
2015-03-27,382882.3125
2015-03-30,391453.90625
2015-03-31,389354.5
2015-04-01,396628.40625
2015-04-02,399934.90625
2015-04-03,404920.71875
2015-04-07,414353.71875
2015-04-08,415783.5
2015-04-09,412168.8125
2015-04-10,420417.40625
2015-04-13,429589.3125
2015-04-14,430325.59375
2015-04-15,422700.71875
2015-04-16,432573.40625
2015-04-17,440359.21875
2015-04-20,432951.3125
2015-04-21,443406.59375
2015-04-22,454710.5
2015-04-23,457356.3125
2015-04-24,456179.09375
2015-04-27,467463.3125
2015-04-28,460149.71875
2015-04-29,462578.8125
2015-04-30,460653.8125
2015-05-04,464470.8125
2015-05-05,447490.8125
2015-05-06,441667.5
2015-05-07,431593.90625
2015-05-08,443850.90625
2015-05-11,459142.90625
2015-05-12,466347.8125
2015-05-13,466192.5
2015-05-14,466566.40625
2015-05-15,461193.09375
2015-05-18,462166.71875
2015-05-19,475946.0
2015-05-20,481092.21875
2015-05-21,488957.8125
2015-05-22,499423.71875
2015-05-25,513459.0
2015-05-26,525971.4375
2015-05-27,529020.8125
2015-05-28,494786.8125
2015-05-29,497461.3125
2015-06-01,522304.40625
2015-06-02,535318.0
2015-06-03,537115.5
2015-06-04,542362.625
2015-06-05,550152.625
2015-06-08,556278.125
2015-06-09,554172.9375
2015-06-10,557171.5
2015-06-11,560487.625
2015-06-12,566496.625
2015-06-15,556932.8125
2015-06-16,537301.5
2015-06-17,547898.1875
2015-06-18,528292.9375
2015-06-19,495965.0
2015-06-23,505255.71875
2015-06-24,516948.5
2015-06-25,498625.0
2015-06-26,461138.09375
2015-06-29,441996.09375
2015-06-30,466005.3125
2015-07-01,442298.0
2015-07-02,424442.59375
2015-07-03,401595.90625
2015-07-06,405673.21875
2015-07-07,396345.09375
2015-07-08,377436.59375
2015-07-09,396871.09375
2015-07-10,413930.5
2015-07-13,425059.0
2015-07-14,423129.3125
2015-07-15,410035.71875
2015-07-16,412876.09375
2015-07-17,428846.8125
2015-07-20,434664.21875
2015-07-21,438082.21875
2015-07-22,439994.09375
2015-07-23,450760.40625
2015-07-24,444859.40625
2015-07-27,407921.40625
2015-07-28,402431.0
2015-07-29,416842.0
2015-07-30,406363.0
2015-07-31,402220.90625
2015-08-03,395450.5
2015-08-04,411361.3125
2015-08-05,405526.09375
2015-08-06,402546.8125
2015-08-07,412484.09375
2015-08-10,432171.40625
2015-08-11,432694.71875
2015-08-12,428159.21875
2015-08-13,436261.40625
2015-08-14,437893.59375
2015-08-17,441471.40625
2015-08-18,414545.40625
2015-08-19,420874.90625
2015-08-20,407536.3125
2015-08-21,388749.3125
2015-08-24,357357.0
2015-08-25,330877.3125
2015-08-26,324843.90625
2015-08-27,339894.3125
2015-08-28,356637.3125
2015-08-31,352198.71875
2015-09-01,344772.8125
2015-09-02,342392.59375
2015-09-07,336173.09375
2015-09-08,346435.71875
2015-09-09,355274.0
2015-09-10,351133.21875
2015-09-11,351844.90625
2015-09-14,338760.0
2015-09-15,325324.90625
2015-09-16,342282.21875
2015-09-17,335749.71875
2015-09-18,338025.09375
2015-09-21,345813.09375
2015-09-22,348575.09375
2015-09-23,342332.5
2015-09-24,345705.3125
2015-09-25,338702.09375
2015-09-28,341630.90625
2015-09-29,335235.8125
2015-09-30,336913.5
2015-10-08,348081.0
2015-10-09,352917.71875
2015-10-12,365426.3125
2015-10-13,366719.90625
2015-10-14,363991.59375
2015-10-15,373151.0
2015-10-16,378778.40625
2015-10-19,378938.5
2015-10-20,384125.40625
2015-10-21,369429.71875
2015-10-22,377102.09375
2015-10-23,383942.21875
2015-10-26,386318.8125
2015-10-27,387104.09375
2015-10-28,380367.5
2015-10-29,382255.21875
2015-10-30,381439.3125
2015-11-02,374405.8125
2015-11-03,373135.90625
2015-11-04,390298.8125
2015-11-05,395412.3125
2015-11-06,403974.8125
2015-11-09,410755.21875
2015-11-10,411337.0
2015-11-11,414282.8125
2015-11-12,412589.40625
2015-11-13,405776.21875
2015-11-16,411339.90625
2015-11-17,410056.8125
2015-11-18,405290.59375
2015-11-19,412894.0
2015-11-20,415882.59375
2015-11-23,413423.59375
2015-11-24,415305.90625
2015-11-25,420581.40625
2015-11-26,418626.90625
2015-11-27,394981.0
2015-11-30,396701.90625
2015-12-01,397712.40625
2015-12-02,403905.59375
2015-12-03,410987.09375
2015-12-04,405791.5
2015-12-07,408747.09375
2015-12-08,401338.40625
2015-12-09,401371.3125
2015-12-10,399981.90625
2015-12-11,397502.09375
2015-12-14,406624.8125
2015-12-15,407492.90625
2015-12-16,408559.09375
2015-12-17,417184.09375
2015-12-18,417246.71875
2015-12-21,423895.8125
2015-12-22,426012.09375
2015-12-23,423169.3125
2015-12-24,421093.5
2015-12-25,423155.3125
2015-12-28,413234.09375
2015-12-29,417295.09375
2015-12-30,419823.71875
2015-12-31,415050.0
2016-01-04,385190.59375
2016-01-05,382371.71875
2016-01-06,391229.5
2016-01-07,363009.0
2016-01-08,368957.3125
2016-01-11,348100.8125
2016-01-12,348920.09375
2016-01-13,339585.71875
2016-01-14,347998.0
2016-01-15,335950.90625
2016-01-18,339213.8125
2016-01-19,350480.8125
2016-01-20,346814.3125
2016-01-21,335133.5
2016-01-22,339771.21875
2016-01-25,342633.0
2016-01-26,320363.0
2016-01-27,318484.5
2016-01-28,308140.09375
2016-01-29,318098.3125
2016-02-01,313277.21875
2016-02-02,321463.40625
2016-02-03,321040.3125
2016-02-04,326403.40625
2016-02-05,324053.5
2016-02-15,323065.5
2016-02-16,334446.8125
2016-02-17,338536.3125
2016-02-18,337704.0
2016-02-19,338126.71875
2016-02-22,345870.5
2016-02-23,343430.40625
2016-02-24,345625.40625
2016-02-25,322711.90625
2016-02-26,324669.0
2016-02-29,312964.59375
2016-03-01,318810.40625
2016-03-02,332894.8125
2016-03-03,334013.71875
2016-03-04,332323.8125
2016-03-07,336171.21875
2016-03-08,337182.40625
2016-03-09,331978.5
2016-03-10,325901.8125
2016-03-11,326015.40625
2016-03-14,333466.0
2016-03-15,332822.09375
2016-03-16,332508.90625
2016-03-17,338790.90625
2016-03-18,346785.3125
2016-03-21,354815.40625
2016-03-22,352960.5
2016-03-23,355582.59375
2016-03-24,350098.71875
2016-03-25,352408.8125
2016-03-28,350360.8125
2016-03-29,345278.40625
2016-03-30,355841.5
2016-03-31,356510.21875
2016-04-01,356302.8125
2016-04-05,362871.21875
2016-04-06,363256.21875
2016-04-07,358088.3125
2016-04-08,355280.09375
2016-04-11,361715.71875
2016-04-12,359989.90625
2016-04-13,365097.8125
2016-04-14,367478.09375
2016-04-15,367035.5
2016-04-18,362021.40625
2016-04-19,363233.21875
2016-04-20,352340.3125
2016-04-21,349456.09375
2016-04-22,351391.71875
2016-04-25,350026.40625
2016-04-26,353224.71875
2016-04-27,352079.21875
2016-04-28,351420.90625
2016-04-29,350887.3125
2016-05-03,358671.40625
2016-05-04,358541.90625
2016-05-05,359789.8125
2016-05-06,348484.21875
2016-05-09,338152.90625
2016-05-10,338114.71875
2016-05-11,337940.5
2016-05-12,337990.09375
2016-05-13,337083.09375
2016-05-16,341439.59375
2016-05-17,341056.40625
2016-05-18,335441.3125
2016-05-19,335864.8125
2016-05-20,338604.59375
2016-05-23,341613.21875
2016-05-24,338983.3125
2016-05-25,338513.5
2016-05-26,339564.3125
2016-05-27,339592.8125
2016-05-30,339378.40625
2016-05-31,351237.3125
2016-06-01,352172.0
2016-06-02,354013.0
2016-06-03,355711.21875
2016-06-06,355902.8125
2016-06-07,355973.3125
2016-06-08,355204.71875
2016-06-13,342232.3125
2016-06-14,343581.09375
2016-06-15,350363.40625
2016-06-16,349332.59375
2016-06-17,351435.5
2016-06-20,351845.59375
2016-06-21,349937.3125
2016-06-22,354108.71875
2016-06-23,352200.3125
2016-06-24,348750.09375
2016-06-27,355419.3125
2016-06-28,358062.90625
2016-06-29,359755.5
2016-06-30,360433.59375
2016-07-01,360608.21875
2016-07-04,367132.09375
2016-07-05,368570.71875
2016-07-06,369860.3125
2016-07-07,369636.0
2016-07-08,367212.0
2016-07-11,367183.3125
2016-07-12,373241.5
2016-07-13,375175.0
2016-07-14,374906.8125
2016-07-15,374449.90625
2016-07-18,373405.59375
2016-07-19,373144.90625
2016-07-20,372504.71875
2016-07-21,373688.5
2016-07-22,370705.09375
2016-07-25,371041.09375
2016-07-26,375496.09375
2016-07-27,365629.90625
2016-07-28,365655.5
2016-07-29,363828.09375
2016-08-01,360004.3125
2016-08-02,362501.09375
2016-08-03,363528.8125
2016-08-04,364886.90625
2016-08-05,364104.0
2016-08-08,368463.0
2016-08-09,371607.59375
2016-08-10,370439.0
2016-08-11,367205.40625
2016-08-12,372607.59375
2016-08-15,381840.8125
2016-08-16,381560.71875
2016-08-17,381931.8125
2016-08-18,381581.59375
2016-08-19,382202.59375
2016-08-22,379140.09375
2016-08-23,379904.5
2016-08-24,379863.8125
2016-08-25,377671.8125
2016-08-26,378139.8125
2016-08-29,378627.8125
2016-08-30,379087.0
2016-08-31,380484.90625
2016-09-01,377853.40625
2016-09-02,377816.3125
2016-09-05,378973.3125
2016-09-06,382487.09375
2016-09-07,382598.5
2016-09-08,383396.8125
2016-09-09,381164.71875
2016-09-12,372883.90625
2016-09-13,373876.09375
2016-09-14,371620.40625
2016-09-19,375618.40625
2016-09-20,375493.59375
2016-09-21,376219.8125
2016-09-22,378694.40625
2016-09-23,377499.0
2016-09-26,370689.0
2016-09-27,372944.40625
2016-09-28,372251.59375
2016-09-29,373831.09375
2016-09-30,375206.71875
2016-10-10,380993.8125
2016-10-11,382992.90625
2016-10-12,382676.5
2016-10-13,383061.0
2016-10-14,383244.3125
2016-10-17,380223.71875
2016-10-18,385761.40625
2016-10-19,385586.5
2016-10-20,386076.09375
2016-10-21,386609.59375
2016-10-24,390750.5
2016-10-25,391581.8125
2016-10-26,389842.3125
2016-10-27,389297.3125
2016-10-28,387468.5
2016-10-31,387158.59375
2016-11-01,390218.90625
2016-11-02,388407.3125
2016-11-03,391281.8125
2016-11-04,390455.09375
2016-11-07,391148.8125
2016-11-08,393166.3125
2016-11-09,390830.40625
2016-11-10,395768.59375
2016-11-11,398557.90625
2016-11-14,400253.40625
2016-11-15,400807.09375
2016-11-16,401147.0
2016-11-17,401277.21875
2016-11-18,399736.09375
2016-11-21,402175.40625
2016-11-22,405896.40625
2016-11-23,405096.3125
2016-11-24,404950.0
2016-11-25,407539.8125
2016-11-28,409215.5
2016-11-29,409149.0
2016-11-30,406052.71875
2016-12-01,408779.71875
2016-12-02,404374.71875
2016-12-05,400185.8125
2016-12-06,400088.3125
2016-12-07,403188.59375
2016-12-08,402042.40625
2016-12-09,403588.8125
2016-12-12,391217.09375
2016-12-13,391998.09375
2016-12-14,390010.40625
2016-12-15,388622.8125
2016-12-16,390324.71875
2016-12-19,390367.8125
2016-12-20,388738.3125
2016-12-21,392505.71875
2016-12-22,392752.90625
2016-12-23,389340.40625
2016-12-26,391315.3125
2016-12-27,390930.21875
2016-12-28,389701.09375
2016-12-29,389444.3125
2016-12-30,390578.59375
2017-01-03,394718.40625
2017-01-04,398385.21875
2017-01-05,399081.71875
2017-01-06,397547.40625
2017-01-09,399948.8125
2017-01-10,398982.40625
2017-01-11,395803.0
2017-01-12,393329.71875
2017-01-13,391120.09375
2017-01-16,386079.09375
2017-01-17,388186.3125
2017-01-18,388602.3125
2017-01-19,387080.0
2017-01-20,390779.71875
2017-01-23,393421.71875
2017-01-24,394108.3125
2017-01-25,395122.0
2017-01-26,396883.90625
2017-02-03,395395.40625
2017-02-06,398145.21875
2017-02-07,397969.40625
2017-02-08,400056.21875
2017-02-09,402288.5
2017-02-10,403486.5
2017-02-13,406829.40625
2017-02-14,406890.21875
2017-02-15,404719.21875
2017-02-16,406874.40625
2017-02-17,403937.3125
2017-02-20,408888.09375
2017-02-21,411089.71875
2017-02-22,412508.8125
2017-02-23,411224.71875
2017-02-24,411475.21875
2017-02-27,408757.40625
2017-02-28,410132.21875
2017-03-01,411043.59375
2017-03-02,408608.21875
2017-03-03,408210.40625
2017-03-06,410904.8125
2017-03-07,412092.21875
2017-03-08,411390.5
2017-03-09,408270.59375
2017-03-10,408279.09375
2017-03-13,411732.90625
2017-03-14,411624.0
2017-03-15,411841.8125
2017-03-16,414952.21875
2017-03-17,411423.90625
2017-03-20,413166.0
2017-03-21,414742.8125
2017-03-22,412768.8125
2017-03-23,413389.71875
2017-03-24,415930.3125
2017-03-27,415162.0
2017-03-28,414074.21875
2017-03-29,413038.5
2017-03-30,408476.5
2017-03-31,410588.5
2017-04-05,417284.3125
2017-04-06,418663.3125
2017-04-07,419301.8125
2017-04-10,417792.71875
2017-04-11,420129.8125
2017-04-12,418362.8125
2017-04-13,419317.21875
2017-04-14,414920.5
2017-04-17,411713.8125
2017-04-18,408997.40625
2017-04-19,405144.90625
2017-04-20,405931.71875
2017-04-21,405659.09375
2017-04-24,398738.59375
2017-04-25,399937.3125
2017-04-26,400864.21875
2017-04-27,402157.21875
2017-04-28,402946.3125
2017-05-02,402073.0
2017-05-03,400721.0
2017-05-04,399705.09375
2017-05-05,396157.40625
2017-05-08,391378.09375
2017-05-09,392189.40625
2017-05-10,387887.90625
2017-05-11,388879.59375
2017-05-12,390794.21875
2017-05-15,392280.21875
2017-05-16,396853.0
2017-05-17,396497.59375
2017-05-18,394468.09375
2017-05-19,395059.5
2017-05-22,392769.3125
2017-05-23,389885.71875
2017-05-24,390582.40625
2017-05-25,394668.90625
2017-05-26,395614.40625
2017-05-31,396037.59375
2017-06-01,393349.21875
2017-06-02,394376.3125
2017-06-05,393687.8125
2017-06-06,395585.3125
2017-06-07,401793.8125
2017-06-08,402946.09375
2017-06-09,404298.40625
2017-06-12,402034.09375
2017-06-13,404611.3125
2017-06-14,401995.3125
2017-06-15,402992.21875
2017-06-16,401751.21875
2017-06-19,404675.8125
2017-06-20,404832.59375
2017-06-21,407124.09375
2017-06-22,404918.5
2017-06-23,406866.71875
2017-06-26,411516.3125
2017-06-27,412111.90625
2017-06-28,409764.8125
2017-06-29,411573.40625
2017-06-30,412350.71875
2017-07-03,413455.40625
2017-07-04,411726.40625
2017-07-05,414955.0
2017-07-06,415614.40625
2017-07-07,416127.0
2017-07-10,415436.3125
2017-07-11,414149.21875
2017-07-12,413189.71875
2017-07-13,415342.3125
2017-07-14,415449.40625
2017-07-17,407025.40625
2017-07-18,408620.71875
2017-07-19,414649.71875
2017-07-20,416734.09375
2017-07-21,416298.71875
2017-07-24,418084.90625
2017-07-25,417276.21875
2017-07-26,417340.8125
2017-07-27,418792.8125
2017-07-28,419723.21875
2017-07-31,422582.3125
2017-08-01,424813.71875
2017-08-02,423825.09375
2017-08-03,422654.21875
2017-08-04,421037.5
2017-08-07,423813.3125
2017-08-08,424737.3125
2017-08-09,424825.59375
2017-08-10,422656.40625
2017-08-11,415656.71875
2017-08-14,420824.40625
2017-08-15,422810.5
2017-08-16,423038.40625
2017-08-17,425770.90625
2017-08-18,425643.40625
2017-08-21,428466.90625
2017-08-22,428306.40625
2017-08-23,428013.71875
2017-08-24,425873.8125
2017-08-25,432544.71875
2017-08-28,436972.0
2017-08-29,436720.8125
2017-08-30,437558.8125
2017-08-31,437073.90625
2017-09-01,438511.21875
2017-09-04,440933.3125
2017-09-05,441860.8125
2017-09-06,442964.3125
2017-09-07,440543.71875
2017-09-08,441013.59375
2017-09-11,443065.71875
2017-09-12,443607.40625
2017-09-13,444809.21875
2017-09-14,443535.3125
2017-09-15,441701.3125
2017-09-18,443545.90625
2017-09-19,442373.8125
2017-09-20,444427.71875
2017-09-21,442766.8125
2017-09-22,442129.09375
2017-09-25,439668.3125
2017-09-26,440480.09375
2017-09-27,441794.09375
2017-09-28,441061.0
2017-09-29,442917.71875
2017-10-09,447985.90625
2017-10-10,449939.0
2017-10-11,450415.8125
2017-10-12,450336.71875
2017-10-13,451588.21875
2017-10-16,448867.21875
2017-10-17,448512.59375
2017-10-18,449350.90625
2017-10-19,447303.59375
2017-10-20,448884.40625
2017-10-23,449990.71875
2017-10-24,451044.21875
2017-10-25,452980.71875
2017-10-26,454438.3125
2017-10-27,455244.09375
2017-10-30,451134.59375
2017-10-31,452018.5
2017-11-01,451986.09375
2017-11-02,449926.71875
2017-11-03,448052.09375
2017-11-06,451398.3125
2017-11-07,454810.40625
2017-11-08,454886.21875
2017-11-09,457544.5
2017-11-10,458954.21875
2017-11-13,460924.8125
2017-11-14,458175.3125
2017-11-15,454562.21875
2017-11-16,455819.3125
2017-11-17,451254.21875
2017-11-20,454151.59375
2017-11-21,457612.3125
2017-11-22,459346.59375
2017-11-23,447973.8125
2017-11-24,448279.09375
2017-11-27,443325.90625
2017-11-28,446052.09375
2017-11-29,446661.0
2017-11-30,443266.3125
2017-12-01,444334.59375
2017-12-04,443907.90625
2017-12-05,441381.0
2017-12-06,441173.8125
2017-12-07,438122.90625
2017-12-08,441287.71875
2017-12-11,446750.8125
2017-12-12,441833.90625
2017-12-13,445148.8125
2017-12-14,443952.3125
2017-12-15,440420.5
2017-12-18,440262.3125
2017-12-19,444386.21875
2017-12-20,442841.59375
2017-12-21,445294.5
2017-12-22,444760.21875
2017-12-25,442379.40625
2017-12-26,444793.8125
2017-12-27,440792.8125
2017-12-28,443456.5
2017-12-29,446111.8125
2018-01-02,452281.21875
2018-01-03,455619.40625
2018-01-04,458072.0
2018-01-05,459065.3125
2018-01-08,461461.5
2018-01-09,462553.71875
2018-01-10,463322.8125
2018-01-11,464043.8125
2018-01-12,464599.71875
2018-01-15,461043.09375
2018-01-16,464163.3125
2018-01-17,463843.40625
2018-01-18,467111.21875
2018-01-19,468275.09375
2018-01-22,472886.09375
2018-01-23,477995.3125
2018-01-24,479838.40625
2018-01-25,478221.09375
2018-01-26,479239.3125
2018-01-29,474029.3125
2018-01-30,469892.21875
2018-01-31,467640.5
2018-02-01,460590.8125
2018-02-02,462429.59375
2018-02-05,464033.71875
2018-02-06,447573.3125
2018-02-07,440195.8125
2018-02-08,437209.5
2018-02-09,420642.59375
2018-02-12,426326.09375
2018-02-13,430057.59375
2018-02-14,433032.21875
2018-02-22,442837.21875
2018-02-23,444909.5
2018-02-26,451505.0
2018-02-27,446966.09375
2018-02-28,444876.0
2018-03-01,448376.8125
2018-03-02,445627.71875
2018-03-05,446107.90625
2018-03-06,450966.3125
2018-03-07,448248.21875
2018-03-08,451117.21875
2018-03-09,454970.09375
2018-03-12,458802.8125
2018-03-13,456210.21875
2018-03-14,453464.5
2018-03-15,454028.40625
2018-03-16,450923.3125
2018-03-19,452361.5
2018-03-20,453836.21875
2018-03-21,451909.59375
2018-03-22,449394.40625
2018-03-23,433813.09375
2018-03-26,433558.09375
2018-03-27,439397.3125
2018-03-28,433819.5
2018-03-29,439116.71875
2018-03-30,441871.40625
2018-04-02,441703.5
2018-04-03,438200.0
2018-04-04,436677.59375
2018-04-09,437272.71875
2018-04-10,443222.40625
2018-04-11,445462.5
2018-04-12,441717.8125
2018-04-13,439309.90625
2018-04-16,434087.40625
2018-04-17,426474.59375
2018-04-18,430272.0
2018-04-19,433997.71875
2018-04-20,427499.59375
2018-04-23,426846.71875
2018-04-24,435779.0
2018-04-25,435210.09375
2018-04-26,428322.71875
2018-04-27,429661.5
2018-05-02,429707.71875
2018-05-03,433125.8125
2018-05-04,431774.0
2018-05-07,438826.3125
2018-05-08,442320.21875
2018-05-09,441990.40625
2018-05-10,444224.09375
2018-05-11,441937.71875
2018-05-14,443175.8125
2018-05-15,445767.09375
2018-05-16,443071.3125
2018-05-17,440555.90625
2018-05-18,445305.5
2018-05-21,448674.59375
2018-05-22,448596.90625
2018-05-23,442475.5
2018-05-24,440308.40625
2018-05-25,437458.90625
2018-05-28,437989.3125
2018-05-29,434867.40625
2018-05-30,423657.21875
2018-05-31,431750.3125
2018-06-01,428348.90625
2018-06-04,430554.8125
2018-06-05,434816.0
2018-06-06,434652.40625
2018-06-07,433418.3125
2018-06-08,428304.71875
2018-06-11,426690.90625
2018-06-12,431599.0
2018-06-13,427249.8125
2018-06-14,425878.0
2018-06-15,421915.3125
2018-06-19,404458.21875
2018-06-20,406515.8125
2018-06-21,400482.09375
2018-06-22,403106.8125
2018-06-25,399463.5
2018-06-26,398758.59375
2018-06-27,394009.71875
2018-06-28,390170.5
2018-06-29,399369.71875
2018-07-02,391756.09375
2018-07-03,393500.5
2018-07-04,388772.40625
2018-07-05,383801.0
2018-07-06,385856.59375
2018-07-09,395613.09375
2018-07-10,397267.40625
2018-07-11,390309.71875
2018-07-12,399079.0
2018-07-13,399216.59375
2018-07-16,397561.90625
2018-07-17,395640.3125
2018-07-18,393974.40625
2018-07-19,391987.90625
2018-07-20,398908.3125
2018-07-23,402761.8125
2018-07-24,409372.71875
2018-07-25,409482.3125
2018-07-26,406475.21875
2018-07-27,404914.40625
2018-07-30,402944.5
2018-07-31,403787.09375
2018-08-01,396609.5
2018-08-02,388454.59375
2018-08-03,383817.0
2018-08-06,378456.0
2018-08-07,388966.3125
2018-08-08,383437.09375
2018-08-09,391436.0
2018-08-10,392479.0
2018-08-13,391745.40625
2018-08-14,390816.71875
2018-08-15,382727.40625
2018-08-16,379923.5
2018-08-17,374688.90625
2018-08-20,378464.5
2018-08-21,383699.3125
2018-08-22,380915.21875
2018-08-23,382522.3125
2018-08-24,383113.3125
2018-08-27,391223.8125
2018-08-28,391095.59375
2018-08-29,389582.0
2018-08-30,384797.71875
2018-08-31,382362.21875
2018-09-03,382221.21875
2018-09-04,386379.09375
2018-09-05,379930.5
2018-09-06,377354.71875
2018-09-07,378693.09375
2018-09-10,373932.21875
2018-09-11,373572.5
2018-09-12,371983.3125
2018-09-13,375905.8125
2018-09-14,375004.09375
2018-09-17,370615.0
2018-09-18,377255.09375
2018-09-19,382049.71875
2018-09-20,381842.5
2018-09-21,390852.5
2018-09-25,388639.0
2018-09-26,392160.59375
2018-09-27,389626.8125
2018-09-28,393422.09375
2018-10-08,378882.5
2018-10-09,379281.21875
2018-10-10,379360.5
2018-10-11,358875.3125
2018-10-12,361645.5
2018-10-15,356407.90625
2018-10-16,352526.8125
2018-10-17,354811.5
2018-10-18,344753.3125
2018-10-19,353661.09375
2018-10-22,368750.8125
2018-10-23,360531.5
2018-10-24,361341.40625
2018-10-25,361148.21875
2018-10-26,360643.90625
2018-10-29,353081.40625
2018-10-30,356477.21875
2018-10-31,361437.71875
2018-11-01,363014.21875
2018-11-02,373795.3125
2018-11-05,372607.5
2018-11-06,371582.21875
2018-11-07,369565.3125
2018-11-08,368711.09375
2018-11-09,364641.8125
2018-11-12,370451.3125
2018-11-13,374865.40625
2018-11-14,372030.3125
2018-11-15,376789.71875
2018-11-16,378960.8125
2018-11-19,382408.5
2018-11-20,373674.71875
2018-11-21,374901.09375
2018-11-22,374371.59375
2018-11-23,364086.8125
2018-11-26,363530.59375
2018-11-27,363837.3125
2018-11-28,368014.0
2018-11-29,362467.8125
2018-11-30,365636.40625
2018-12-03,375861.59375
2018-12-04,377386.3125
2018-12-05,375758.21875
2018-12-06,368825.90625
2018-12-07,368901.90625
2018-12-10,365646.09375
2018-12-11,367538.5
2018-12-12,368477.59375
2018-12-13,372988.0
2018-12-14,366333.3125
2018-12-17,366639.71875
2018-12-18,363579.8125
2018-12-19,359503.21875
2018-12-20,358283.3125
2018-12-21,355022.71875
2018-12-24,357350.3125
2018-12-25,354284.90625
2018-12-26,353280.3125
2018-12-27,350764.0
2018-12-28,352320.09375
2019-01-02,349596.3125
2019-01-03,348810.71875
2019-01-04,356672.40625
2019-01-07,360505.59375
2019-01-08,359902.59375
2019-01-09,362438.8125
2019-01-10,361366.21875
2019-01-11,363981.8125
2019-01-14,361630.3125
2019-01-15,366903.8125
2019-01-16,366896.5
2019-01-17,364858.71875
2019-01-18,369668.8125
2019-01-21,372031.3125
2019-01-22,367676.8125
2019-01-23,367968.21875
2019-01-24,369650.5
2019-01-25,370796.09375
2019-01-28,370045.0
2019-01-29,368799.09375
2019-01-30,365520.40625
2019-01-31,366280.5
2019-02-01,372439.71875
2019-02-11,379773.3125
2019-02-12,382979.40625
2019-02-13,389268.5
2019-02-14,389860.5
2019-02-15,385233.3125
2019-02-18,397200.90625
2019-02-19,397373.3125
2019-02-20,398657.3125
2019-02-21,397418.71875
2019-02-22,405228.59375
2019-02-25,427460.59375
2019-02-26,424565.90625
2019-02-27,424502.90625
2019-02-28,423870.71875
2019-03-01,430876.71875
2019-03-04,436902.40625
2019-03-05,442343.8125
2019-03-06,448267.71875
2019-03-07,448236.0
2019-03-08,430065.8125
2019-03-11,441672.71875
2019-03-12,447207.71875
2019-03-13,441225.59375
2019-03-14,434731.40625
2019-03-15,440072.5
2019-03-18,451434.0
2019-03-19,451040.40625
2019-03-20,450681.90625
2019-03-21,452960.8125
2019-03-22,453922.09375
2019-03-25,446210.5
2019-03-26,438510.3125
2019-03-27,442670.0
2019-03-28,438615.59375
2019-03-29,453375.90625
2019-04-01,466614.40625
2019-04-02,467321.59375
2019-04-03,472770.71875
2019-04-04,477057.90625
2019-04-08,476656.71875
2019-04-09,477447.5
2019-04-10,477695.71875
2019-04-11,469259.71875
2019-04-12,468897.5
2019-04-15,467446.8125
2019-04-16,478357.8125
2019-04-17,480367.59375
2019-04-18,478185.8125
2019-04-19,482371.71875
2019-04-22,474333.5
2019-04-23,471768.40625
2019-04-24,474054.90625
2019-04-25,460801.8125
2019-04-26,455275.3125
2019-04-29,450549.90625
2019-04-30,453377.40625
2019-05-06,425893.09375
2019-05-07,429823.09375
2019-05-08,426219.8125
2019-05-09,420098.8125
2019-05-10,434337.3125
2019-05-13,429605.21875
2019-05-14,426789.5
2019-05-15,435618.40625
2019-05-16,438221.8125
2019-05-17,426556.71875
2019-05-20,424909.90625
2019-05-21,431002.40625
2019-05-22,428966.71875
2019-05-23,421627.59375
2019-05-24,420877.21875
2019-05-27,428092.8125
2019-05-28,430708.0
2019-05-29,430616.8125
2019-05-30,428656.40625
2019-05-31,427571.40625
2019-06-03,425360.8125
2019-06-04,421001.71875
2019-06-05,420823.21875
2019-06-06,415254.5
2019-06-10,420104.09375
2019-06-11,432944.3125
2019-06-12,430272.40625
2019-06-13,431066.0
2019-06-14,425951.90625
2019-06-17,426344.3125
2019-06-18,426790.21875
2019-06-19,431458.8125
2019-06-20,441154.90625
2019-06-21,444120.90625
2019-06-24,444844.0
2019-06-25,440676.59375
2019-06-26,440402.71875
2019-06-27,444249.21875
2019-06-28,441238.3125
2019-07-01,452947.40625
2019-07-02,454087.0
2019-07-03,449305.5
2019-07-04,447795.59375
2019-07-05,449429.90625
2019-07-08,437630.59375
2019-07-09,437414.71875
2019-07-10,435404.59375
2019-07-11,435666.8125
2019-07-12,437981.59375
2019-07-15,440334.71875
2019-07-16,439690.0
2019-07-17,439450.90625
2019-07-18,434171.3125
2019-07-19,437667.09375
2019-07-22,431897.8125
2019-07-23,434106.21875
2019-07-24,437754.5
2019-07-25,440107.3125
2019-07-26,440964.5
2019-07-29,440697.0
2019-07-30,442523.09375
2019-07-31,439752.71875
2019-08-01,436670.8125
2019-08-02,431118.40625
2019-08-05,424452.0
2019-08-06,417653.21875
2019-08-07,416223.3125
2019-08-08,420356.90625
2019-08-09,417027.09375
2019-08-12,423846.09375
2019-08-13,420933.3125
2019-08-14,423051.90625
2019-08-15,424377.40625
2019-08-16,426055.59375
2019-08-19,436445.0
2019-08-20,436269.59375
2019-08-21,436290.3125
2019-08-22,437592.0
2019-08-23,439288.71875
2019-08-26,434723.71875
2019-08-27,441169.5
2019-08-28,439979.40625
2019-08-29,439330.8125
2019-08-30,438068.5
2019-09-02,445233.40625
2019-09-03,446664.3125
2019-09-04,450346.71875
2019-09-05,454348.5
2019-09-06,456351.59375
2019-09-09,461708.59375
2019-09-10,460993.09375
2019-09-11,458193.8125
2019-09-12,461565.21875
2019-09-16,461903.40625
2019-09-17,453665.5
2019-09-18,455301.90625
2019-09-19,458101.09375
2019-09-20,459453.21875
2019-09-23,455145.5
2019-09-24,456300.40625
2019-09-25,451011.59375
2019-09-26,444503.3125
2019-09-27,446083.71875
2019-09-30,442483.90625
2019-10-08,444237.71875
2019-10-09,446257.09375
2019-10-10,450307.3125
2019-10-11,453520.0
2019-10-14,459195.0
2019-10-15,456296.8125
2019-10-16,455128.3125
2019-10-17,455409.40625
2019-10-18,449711.3125
2019-10-21,450946.0
2019-10-22,453819.3125
2019-10-23,451269.3125
2019-10-24,451098.90625
2019-10-25,454168.8125
2019-10-28,459551.5
2019-10-29,456194.90625
2019-10-30,453314.59375
2019-10-31,451351.09375
2019-11-01,456644.40625
2019-11-04,459243.90625
2019-11-05,461660.59375
2019-11-06,459101.71875
2019-11-07,460503.8125
2019-11-08,458553.0
2019-11-11,449875.5
2019-11-12,450498.40625
2019-11-13,449580.59375
2019-11-14,450809.8125
2019-11-15,447408.0
2019-11-18,451847.90625
2019-11-19,457161.59375
2019-11-20,453858.59375
2019-11-21,452706.3125
2019-11-22,448644.5
2019-11-25,450883.59375
2019-11-26,451613.0
2019-11-27,450848.8125
2019-11-28,449307.40625
2019-11-29,447029.3125
2019-12-02,447699.0
2019-12-03,449334.59375
2019-12-04,449084.90625
2019-12-05,452844.3125
2019-12-06,455642.8125
2019-12-09,456172.0
2019-12-10,457289.71875
2019-12-11,457309.09375
2019-12-12,456225.09375
2019-12-13,463782.8125
2019-12-16,467766.5
2019-12-17,473732.90625
2019-12-18,473199.59375
2019-12-19,473853.90625
2019-12-20,471345.40625
2019-12-23,464526.0
2019-12-24,469240.71875
2019-12-25,469731.40625
2019-12-26,473489.09375
2019-12-27,472898.5
2019-12-30,478416.3125
2019-12-31,480408.71875
2020-01-02,487182.8125
2020-01-03,487897.90625
2020-01-06,489191.09375
2020-01-07,493813.59375
2020-01-08,487951.09375
2020-01-09,493729.3125
2020-01-10,493255.8125
2020-01-13,498134.0
2020-01-14,496842.90625
2020-01-15,494617.40625
2020-01-16,493163.59375
2020-01-17,492768.3125
2020-01-20,497895.59375
2020-01-21,491242.3125
2020-01-22,493025.0
2020-01-23,479874.8125
2020-02-03,442250.90625
2020-02-04,449373.8125
2020-02-05,456798.0
2020-02-06,466535.3125
2020-02-07,468175.40625
2020-02-10,471695.5
2020-02-11,473288.71875
2020-02-12,478645.21875
2020-02-13,475250.0
2020-02-14,477417.90625
2020-02-17,490012.40625
2020-02-18,491923.71875
2020-02-19,490271.0
2020-02-20,499869.21875
2020-02-21,502793.0
2020-02-24,504147.40625
2020-02-25,503369.71875
2020-02-26,496526.09375
2020-02-27,497737.09375
2020-02-28,477467.3125
2020-03-02,493912.40625
2020-03-03,498041.71875
2020-03-04,500747.40625
2020-03-05,510172.0
2020-03-06,505089.59375
2020-03-09,488612.90625
2020-03-10,498723.8125
2020-03-11,493074.8125
2020-03-12,484261.40625
2020-03-13,478482.21875
2020-03-16,460105.59375
2020-03-17,458789.0
2020-03-18,450816.40625
2020-03-19,448041.59375
2020-03-20,455122.21875
2020-03-23,439384.8125
2020-03-24,449618.0
2020-03-25,460680.21875
2020-03-26,457582.21875
2020-03-27,457760.8125
2020-03-30,452350.90625
2020-03-31,453672.71875
2020-04-01,451516.3125
2020-04-02,460136.5
2020-04-03,457576.5
2020-04-07,469089.5
2020-04-08,468113.09375
2020-04-09,470586.71875
2020-04-10,464760.5
2020-04-13,462352.3125
2020-04-14,470700.3125
2020-04-15,467957.09375
2020-04-16,469550.8125
2020-04-17,472448.5
2020-04-20,475735.5
2020-04-21,471646.09375
2020-04-22,475471.90625
2020-04-23,474176.5
2020-04-24,469051.21875
2020-04-27,470491.3125
2020-04-28,469437.90625
2020-04-29,470730.59375
2020-04-30,477623.90625
2020-05-06,482348.59375
2020-05-07,480571.8125
2020-05-08,485876.3125
2020-05-11,485926.8125
2020-05-12,486152.71875
2020-05-13,487934.09375
2020-05-14,483234.5
2020-05-15,483511.90625
2020-05-18,483760.21875
2020-05-19,488112.0
2020-05-20,485318.40625
2020-05-21,482127.59375
2020-05-22,472365.71875
2020-05-25,472203.0
2020-05-26,479327.71875
2020-05-27,476951.90625
2020-05-28,477467.5
2020-05-29,479483.0
2020-06-01,491813.71875
2020-06-02,492997.0
2020-06-03,493420.40625
2020-06-04,493067.90625
2020-06-05,494993.3125
2020-06-08,496476.90625
2020-06-09,499575.21875
2020-06-10,499157.59375
2020-06-11,495442.8125
2020-06-12,495923.21875
2020-06-15,492194.0
2020-06-16,499937.40625
2020-06-17,501099.0
2020-06-18,502492.0
2020-06-19,507576.0
2020-06-22,507932.8125
2020-06-23,509576.09375
2020-06-24,510454.3125
2020-06-29,508274.90625
2020-06-30,514445.21875
2020-07-01,520887.0
2020-07-02,530462.125
2020-07-03,539527.3125
2020-07-06,567089.0
2020-07-07,572088.4375
2020-07-08,581958.4375
2020-07-09,592816.5
2020-07-10,584890.5
2020-07-13,599848.125
2020-07-14,594585.3125
2020-07-15,584077.1875
2020-07-16,556908.625
2020-07-17,559164.5
2020-07-20,575825.4375
2020-07-21,578188.5
2020-07-22,581812.0
2020-07-23,581790.625
2020-07-24,557188.1875
2020-07-27,559102.6875
2020-07-28,564719.9375
2020-07-29,577873.125
2020-07-30,576312.0
2020-07-31,582442.1875
2020-08-03,594711.5
2020-08-04,594212.5
2020-08-05,596906.8125
2020-08-06,596324.625
2020-08-07,589921.9375
2020-08-10,592954.9375
2020-08-11,585817.625
2020-08-12,580925.3125
2020-08-13,581374.8125
2020-08-14,588889.3125
2020-08-17,601906.5
2020-08-18,604465.9375
2020-08-19,595242.0
2020-08-20,587923.125
2020-08-21,592364.5
2020-08-24,597052.625
2020-08-25,596647.4375
2020-08-26,588212.125
2020-08-27,592740.625
2020-08-28,603258.3125
2020-08-31,602635.9375
2020-09-01,606139.4375
2020-09-02,606716.9375
2020-09-03,602648.125
2020-09-04,598424.9375
2020-09-07,587081.6875
2020-09-08,590908.8125
2020-09-09,577560.5
2020-09-10,570927.625
2020-09-11,577281.4375
2020-09-14,581668.8125
2020-09-15,585073.4375
2020-09-16,581632.625
2020-09-17,580105.3125
2020-09-18,591072.3125
2020-09-21,587824.8125
2020-09-22,581008.8125
2020-09-23,583118.625
2020-09-24,571543.3125
2020-09-25,570901.8125
2020-09-28,569760.0
2020-09-29,572178.3125
2020-09-30,571824.125
2020-10-09,584383.1875
2020-10-12,601524.125
2020-10-13,603437.1875
2020-10-14,599763.8125
2020-10-15,597730.125
2020-10-16,597405.125
2020-10-19,593781.8125
2020-10-20,598807.8125
2020-10-21,596258.5
2020-10-22,593944.9375
2020-10-23,586158.625
2020-10-26,584775.8125
2020-10-27,586309.4375
2020-10-28,589377.8125
2020-10-29,591160.125
2020-10-30,580826.625
2020-11-02,584122.6875
2020-11-03,592691.625
2020-11-04,594343.4375
2020-11-05,603230.6875
2020-11-06,600888.625
2020-11-09,612616.8125
2020-11-10,608865.5
2020-11-11,603162.3125
2020-11-12,603634.9375
2020-11-13,599533.9375
2020-11-16,606309.625
2020-11-17,603848.3125
2020-11-18,604184.4375
2020-11-19,607725.125
2020-11-20,610848.9375
2020-11-23,617083.9375
2020-11-24,615026.3125
2020-11-25,606422.5
2020-11-26,606383.125
2020-11-27,611799.3125
2020-11-30,609283.3125
2020-12-01,619981.8125
2020-12-02,620255.0
2020-12-03,619219.125
2020-12-04,621058.9375
2020-12-07,617296.125
2020-12-08,616940.8125
2020-12-09,608358.125
2020-12-10,608840.4375
2020-12-11,602293.3125
2020-12-14,607851.8125
2020-12-15,608851.125
2020-12-16,608298.125
2020-12-17,615073.9375
2020-12-18,613390.125
2020-12-21,620628.625
2020-12-22,609776.625
2020-12-23,614268.3125
2020-12-24,610171.3125
2020-12-25,615764.625
2020-12-28,616027.0
2020-12-29,613648.6875
2020-12-30,620698.125
2020-12-31,631259.5
2021-01-04,639722.5
2021-01-05,646884.9375
2021-01-06,649121.1875
2021-01-07,653036.3125
2021-01-08,651399.1875
2021-01-11,642933.5
2021-01-12,656314.3125
2021-01-13,652794.4375
2021-01-14,645006.0
2021-01-15,645434.8125
2021-01-18,652688.625
2021-01-19,647437.4375
2021-01-20,651821.9375
2021-01-21,660221.125
2021-01-22,660137.125
2021-01-25,662973.625
2021-01-26,652143.5
2021-01-27,653234.5
2021-01-28,639040.1875
2021-01-29,634236.125
2021-02-01,639681.0
2021-02-02,648088.6875
2021-02-03,644445.6875
2021-02-04,639842.625
2021-02-05,638135.6875
2021-02-08,645626.3125
2021-02-09,660291.125
2021-02-10,671411.8125
2021-02-18,673341.5
2021-02-19,678617.3125
2021-02-22,667306.9375
2021-02-23,665216.4375
2021-02-24,652102.9375
2021-02-25,653672.3125
2021-02-26,640640.1875
2021-03-01,651672.625
2021-03-02,645614.0
2021-03-03,656918.125
2021-03-04,641717.6875
2021-03-05,641857.0
2021-03-08,624975.5
2021-03-09,611692.3125
2021-03-10,611838.125
2021-03-11,626297.6875
2021-03-12,628722.625
2021-03-15,620609.125
2021-03-16,625989.8125
2021-03-17,628228.4375
2021-03-18,632300.4375
2021-03-19,620604.3125
2021-03-22,628150.8125
2021-03-23,621752.1875
2021-03-24,613365.8125
2021-03-25,613063.4375
2021-03-26,624293.3125
2021-03-29,626751.125
2021-03-30,630163.3125
2021-03-31,627629.3125
2021-04-01,633265.9375
2021-04-02,637357.625
2021-04-06,637367.625
2021-04-07,635629.125
2021-04-08,635629.125
2021-04-09,630159.1875
2021-04-12,621420.625
2021-04-13,619275.625
2021-04-14,624942.625
2021-04-15,621898.1875
2021-04-16,626798.5
2021-04-19,638342.625
2021-04-20,637525.9375
2021-04-21,638046.125
2021-04-22,638667.3125
2021-04-23,641116.4375
2021-04-26,635501.3125
2021-04-27,635927.8125
2021-04-28,640049.8125
2021-04-29,642605.625
2021-04-30,638829.9375
2021-05-06,636724.8125
2021-05-07,631265.3125
2021-05-10,632883.625
2021-05-11,636321.8125
2021-05-12,641064.9375
2021-05-13,635451.125
2021-05-14,646897.0
2021-05-17,650891.4375
2021-05-18,653037.3125
2021-05-19,652487.125
2021-05-20,652615.125
2021-05-21,648854.4375
2021-05-24,652263.125
2021-05-25,667227.8125
2021-05-26,668407.6875
2021-05-27,671005.125
2021-05-28,670235.625
2021-05-31,674739.8125
2021-06-01,676021.125
2021-06-02,671215.625
2021-06-03,667998.625
2021-06-04,671411.625
2021-06-07,673406.8125
2021-06-08,667852.8125
2021-06-09,669685.125
2021-06-10,674273.0
2021-06-11,670133.625
2021-06-15,669160.0
2021-06-16,659516.4375
2021-06-17,662795.125
2021-06-18,664346.625
2021-06-21,666596.6875
2021-06-22,672308.3125
2021-06-23,674148.625
2021-06-24,671181.8125
2021-06-25,680869.3125
2021-06-28,683232.3125
2021-06-29,677011.4375
2021-06-30,682270.8125
2021-07-01,679132.625
2021-07-02,666753.3125
2021-07-05,668680.3125
2021-07-06,668274.4375
2021-07-07,676000.6875
2021-07-08,671257.1875
2021-07-09,671657.3125
2021-07-12,679828.625
2021-07-13,683179.9375
2021-07-14,675887.8125
2021-07-15,680998.0
2021-07-16,676367.3125
2021-07-19,676521.5
2021-07-20,677308.0
2021-07-21,683903.9375
2021-07-22,686459.625
2021-07-23,680032.9375
2021-07-26,663980.9375
2021-07-27,644698.1875
2021-07-28,640798.625
2021-07-29,653933.125
2021-07-30,652304.8125
2021-08-02,666093.3125
2021-08-03,663330.4375
2021-08-04,671226.0
2021-08-05,667587.3125
2021-08-06,666797.125
2021-08-09,673301.9375
2021-08-10,681980.9375
2021-08-11,683255.6875
2021-08-12,681267.6875
2021-08-13,679801.125
2021-08-16,678404.9375
2021-08-17,663823.625
2021-08-18,670713.3125
2021-08-19,669492.625
2021-08-20,662667.625
2021-08-23,673882.9375
2021-08-24,680568.6875
2021-08-25,685463.3125
2021-08-26,677297.125
2021-08-27,680553.4375
2021-08-30,681886.6875
2021-08-31,683030.4375
2021-09-01,684871.3125
2021-09-02,690406.5
2021-09-03,687478.6875
2021-09-06,697465.8125
2021-09-07,707519.0
2021-09-08,708270.3125
2021-09-09,711042.4375
2021-09-10,713282.6875
2021-09-13,715481.9375
2021-09-14,708103.4375
2021-09-15,707071.0
2021-09-16,695970.125
2021-09-17,697673.6875
2021-09-22,698809.125
2021-09-23,702658.125
2021-09-24,696919.625
2021-09-27,690666.125
2021-09-28,692678.8125
2021-09-29,678377.5
2021-09-30,688005.4375
2021-10-08,693788.9375
2021-10-11,693328.1875
2021-10-12,683610.625
2021-10-13,688196.4375
2021-10-14,688176.1875
2021-10-15,690298.625
2021-10-18,690092.0
2021-10-19,698028.3125
2021-10-20,696943.8125
2021-10-21,698101.9375
2021-10-22,696213.5
2021-10-25,701616.125
2021-10-26,699378.4375
2021-10-27,692396.1875
2021-10-28,682864.3125
2021-10-29,690313.9375
2021-11-01,691167.3125
2021-11-02,683796.9375
2021-11-03,683290.125
2021-11-04,690075.625
2021-11-05,684077.8125
2021-11-08,686572.8125
2021-11-09,689369.1875
2021-11-10,686896.0
2021-11-11,694807.9375
2021-11-12,696228.3125
2021-11-15,694675.625
2021-11-16,692281.3125
2021-11-17,698342.125
2021-11-18,694605.6875
2021-11-19,702440.5
2021-11-22,708709.1875
2021-11-23,709234.0
2021-11-24,709987.6875
2021-11-25,707834.0
2021-11-26,705082.6875
2021-11-29,706007.625
2021-11-30,706467.5
2021-12-01,709195.125
2021-12-02,707995.125
2021-12-03,714359.625
2021-12-06,709589.625
2021-12-07,708586.4375
2021-12-08,718941.625
2021-12-09,727733.9375
2021-12-10,726951.4375
2021-12-13,730495.625
2021-12-14,727632.3125
2021-12-15,724593.125
2021-12-16,730245.4375
2021-12-17,721854.9375
2021-12-20,712435.1875
2021-12-21,719471.3125
2021-12-22,721166.8125
2021-12-23,724945.5
2021-12-24,719005.625
2021-12-27,719619.3125
2021-12-28,723716.625
2021-12-29,717420.3125
2021-12-30,722692.625
2021-12-31,726441.5
2022-01-04,726345.125
2022-01-05,717743.625
2022-01-06,716028.3125
2022-01-07,712433.4375
2022-01-10,715516.625
2022-01-11,709920.3125
2022-01-12,717217.5
2022-01-13,707756.625
2022-01-14,703336.9375
2022-01-17,710048.125
2022-01-18,713223.8125
2022-01-19,709626.0
2022-01-20,707852.4375
2022-01-21,700658.625
2022-01-24,701473.625
2022-01-25,681947.4375
2022-01-26,686708.6875
2022-01-27,671740.125
2022-01-28,667713.9375
2022-02-07,679003.3125
2022-02-08,681748.9375
2022-02-09,689712.4375
2022-02-10,689332.3125
2022-02-11,682709.3125
2022-02-14,677943.8125
2022-02-15,683212.625
2022-02-16,688075.3125
2022-02-17,688799.625
2022-02-18,693101.625
2022-02-21,695273.1875
2022-02-22,688392.8125
2022-02-23,696271.1875
2022-02-24,682727.625
2022-02-25,688158.625
2022-02-28,690220.125
2022-03-01,694927.8125
2022-03-02,692857.5
2022-03-03,690433.8125
2022-03-04,682485.125
2022-03-07,666229.4375
2022-03-08,649700.9375
2022-03-09,642402.9375
2022-03-10,652790.625
2022-03-11,655964.125
2022-03-14,638317.125
2022-03-15,607237.625
2022-03-16,629130.5
2022-03-17,640095.0
2022-03-18,646108.9375
2022-03-21,648013.5
2022-03-22,648687.6875
2022-03-23,651435.8125
2022-03-24,648018.1875
2022-03-25,640142.9375
2022-03-28,638801.125
2022-03-29,636527.125
2022-03-30,650467.9375
2022-03-31,646760.4375
2022-04-01,652381.4375
2022-04-06,652987.5
2022-04-07,643020.6875
2022-04-08,644730.625
2022-04-11,626215.8125
2022-04-12,636710.0
2022-04-13,629720.5
2022-04-14,637580.0
2022-04-15,633516.3125
2022-04-18,631792.5
2022-04-19,632145.8125
2022-04-20,622187.5
2022-04-21,606763.1875
2022-04-22,607163.3125
2022-04-25,573410.125
2022-04-26,564275.1875
2022-04-27,581044.9375
2022-04-28,582687.125
2022-04-29,598875.5
2022-05-05,603074.4375
2022-05-06,590575.9375
2022-05-09,591528.4375
2022-05-10,598123.6875
2022-05-11,603420.1875
2022-05-12,603066.3125
2022-05-13,608411.1875
2022-05-16,606830.125
2022-05-17,611162.5
2022-05-18,610459.625
2022-05-19,612844.125
2022-05-20,622872.5
2022-05-23,624222.4375
2022-05-24,607056.3125
2022-05-25,613778.125
2022-05-26,617289.625
2022-05-27,618611.3125
2022-05-30,623124.0
2022-05-31,631068.625
2022-06-01,630442.125
2022-06-02,632522.125
2022-06-06,641494.8125
2022-06-07,643935.9375
2022-06-08,648121.625
2022-06-09,641612.3125
2022-06-10,651869.625
2022-06-13,647985.625
2022-06-14,653379.6875
2022-06-15,657191.9375
2022-06-16,654863.8125
2022-06-17,661597.3125
2022-06-20,664975.4375
2022-06-21,663018.625
2022-06-22,654761.5
2022-06-23,666631.3125
2022-06-24,673443.0
2022-06-27,680618.3125
2022-06-28,688226.125
2022-06-29,676723.3125
2022-06-30,684778.625
2022-07-01,683556.4375
2022-07-04,688736.3125
2022-07-05,687851.8125
2022-07-06,677615.3125
2022-07-07,681429.625
2022-07-08,679570.9375
2022-07-11,670293.4375
2022-07-12,663728.9375
2022-07-13,666317.125
2022-07-14,666996.4375
2022-07-15,655750.4375
2022-07-18,666762.8125
2022-07-19,667367.0
2022-07-20,672102.9375
2022-07-21,665466.0
2022-07-22,664525.125
2022-07-25,660080.125
2022-07-26,666306.6875
2022-07-27,666074.625
2022-07-28,667206.625
2022-07-29,661513.6875
2022-08-01,664907.4375
2022-08-02,648031.625
2022-08-03,642459.125
2022-08-04,647851.4375
2022-08-05,655370.9375
2022-08-08,658394.1875
2022-08-09,660868.8125
2022-08-10,657605.8125
2022-08-11,668519.6875
2022-08-12,668096.3125
2022-08-15,669258.8125
2022-08-16,670575.4375
2022-08-17,674615.5
2022-08-18,671279.625
2022-08-19,666815.9375
2022-08-22,672905.125
2022-08-23,672472.4375
2022-08-24,658008.9375
2022-08-25,662358.625
2022-08-26,660299.0
2022-08-29,661504.8125
2022-08-30,658969.125
2022-08-31,652003.4375
2022-09-01,647982.9375
2022-09-02,648956.6875
2022-09-05,650741.9375
2022-09-06,659210.125
2022-09-07,660125.9375
2022-09-08,657004.8125
2022-09-09,662895.0
2022-09-13,664119.125
2022-09-14,657667.8125
2022-09-15,648138.625
2022-09-16,632679.9375
2022-09-19,630725.9375
2022-09-20,633908.625
2022-09-21,632797.6875
2022-09-22,629795.6875
2022-09-23,624600.3125
2022-09-26,618056.8125
2022-09-27,628170.625
2022-09-28,616172.125
2022-09-29,615833.5
2022-09-30,611677.125
2022-10-10,601051.6875
2022-10-11,603569.9375
2022-10-12,614229.8125
2022-10-13,612928.4375
2022-10-14,625625.8125
2022-10-17,628682.625
2022-10-18,628890.8125
2022-10-19,621230.8125
2022-10-20,618280.625
2022-10-21,617853.9375
2022-10-24,605221.1875
2022-10-25,603925.6875
2022-10-26,609900.625
2022-10-27,606638.9375
2022-10-28,590254.9375
2022-10-31,587635.6875
2022-11-01,604391.625
2022-11-02,611517.125
2022-11-03,609947.125
2022-11-04,626025.1875
2022-11-07,628479.9375
2022-11-08,626093.6875
2022-11-09,623101.8125
2022-11-10,619872.3125
2022-11-11,630443.3125
2022-11-14,629803.5
2022-11-15,640690.4375
2022-11-16,637367.4375
2022-11-17,636528.3125
2022-11-18,633485.8125
2022-11-21,631495.3125
2022-11-22,629714.9375
2022-11-23,629979.8125
2022-11-24,629286.1875
2022-11-25,630026.4375
2022-11-28,653165.8125
2022-11-29,669094.9375
2022-11-30,669906.125
2022-12-01,675069.4375
2022-12-02,673655.625
2022-12-05,683740.8125
2022-12-06,684945.5
2022-12-07,683625.4375
2022-12-08,682538.3125
2022-12-09,685579.9375
2022-12-12,680211.5
2022-12-13,678631.3125
2022-12-14,678640.8125
2022-12-15,678448.9375
2022-12-16,676970.6875
2022-12-19,664986.9375
2022-12-20,657443.8125
2022-12-21,655885.4375
2022-12-22,652642.0
2022-12-23,651115.125
2022-12-26,657169.625
2022-12-27,663477.625
2022-12-28,660615.3125
2022-12-29,658084.625
2022-12-30,661213.9375
2023-01-03,668175.3125
2023-01-04,669838.625
2023-01-05,678441.625
2023-01-06,679254.125
2023-01-09,683769.9375
2023-01-10,683572.5
2023-01-11,681104.4375
2023-01-12,682286.3125
2023-01-13,689164.9375
2023-01-16,698465.0
2023-01-17,697987.625
2023-01-18,698497.5
2023-01-19,702502.8125
2023-01-20,707585.9375
2023-01-30,712459.0
2023-01-31,709439.0
2023-02-01,717279.1875
2023-02-02,717084.5
2023-02-03,712929.625
2023-02-06,708281.3125
2023-02-07,710583.625
2023-02-08,707322.4375
2023-02-09,716714.4375
2023-02-10,714487.0
2023-02-13,721072.625
2023-02-14,722024.9375
2023-02-15,720194.6875
2023-02-16,711461.1875
2023-02-17,704937.8125
2023-02-20,718762.0
2023-02-21,721657.6875
2023-02-22,718823.8125
2023-02-23,717725.6875
2023-02-24,713183.8125
2023-02-27,710689.9375
2023-02-28,715803.8125
2023-03-01,723183.0
2023-03-02,722296.3125
2023-03-03,724578.0
2023-03-06,723492.8125
2023-03-07,713080.8125
2023-03-08,713350.5
2023-03-09,711869.4375
2023-03-10,702163.125
2023-03-13,708670.9375
2023-03-14,702894.4375
2023-03-15,706052.4375
2023-03-16,697373.125
2023-03-17,701587.625
2023-03-20,699163.4375
2023-03-21,706408.625
2023-03-22,709755.5
2023-03-23,714765.8125
2023-03-24,712844.625
2023-03-27,711407.9375
2023-03-28,709025.5
2023-03-29,708567.9375
2023-03-30,712584.8125
2023-03-31,716464.5
2023-04-03,722859.1875
2023-04-04,724093.625
2023-04-06,723959.3125
2023-04-07,728420.625
2023-04-10,724702.625
2023-04-11,725160.125
2023-04-12,727852.1875
2023-04-13,724122.3125
2023-04-14,727659.4375
2023-04-17,735002.3125
2023-04-18,735925.125
2023-04-19,731783.4375
2023-04-20,730999.4375
2023-04-21,715990.4375
2023-04-24,711066.3125
2023-04-25,705628.8125
2023-04-26,706537.8125
2023-04-27,709898.0
2023-04-28,719252.9375
2023-05-04,724320.0
2023-05-05,720501.4375
2023-05-08,730248.125
2023-05-09,722507.6875
2023-05-10,717817.8125
2023-05-11,716964.3125
2023-05-12,709135.9375
2023-05-15,717416.9375
2023-05-16,712499.3125
2023-05-17,712488.3125
2023-05-18,714802.9375
2023-05-19,713162.3125
2023-05-22,715884.1875
2023-05-23,706316.5
2023-05-24,699092.625
2023-05-25,698049.8125
2023-05-26,700622.9375
2023-05-29,700854.4375
2023-05-30,702495.9375
2023-05-31,698246.9375
2023-06-01,699349.8125
2023-06-02,706275.1875
2023-06-05,706681.125
2023-06-06,697514.125
2023-06-07,697280.8125
2023-06-08,699653.9375
2023-06-09,703475.4375
2023-06-12,708708.125
2023-06-13,711401.9375
2023-06-14,711591.8125
2023-06-15,718253.8125
2023-06-16,723994.625
2023-06-19,721267.4375
2023-06-20,719099.5
2023-06-21,708128.625
2023-06-26,697122.4375
2023-06-27,706238.125
2023-06-28,705164.0
2023-06-29,705101.6875
2023-06-30,710663.8125
2023-07-03,718717.3125
2023-07-04,719905.3125
2023-07-05,714702.0
2023-07-06,711408.9375
2023-07-07,708828.3125
2023-07-10,711129.8125
2023-07-11,715719.9375
2023-07-12,709587.125
2023-07-13,719269.625
2023-07-14,719426.4375
2023-07-17,714586.1875
2023-07-18,712226.5
2023-07-19,711848.625
2023-07-20,705118.4375
2023-07-21,704608.125
2023-07-24,703444.9375
2023-07-25,719070.0
2023-07-26,716521.6875
2023-07-27,714739.8125
2023-07-28,726606.625
2023-07-31,731889.0
2023-08-01,731030.625
2023-08-02,726129.625
2023-08-03,729777.3125
2023-08-04,732279.8125
2023-08-07,728244.9375
2023-08-08,726220.5
2023-08-09,722388.4375
2023-08-10,723966.9375
2023-08-11,709545.4375
2023-08-14,708396.4375
2023-08-15,706669.6875
2023-08-16,700864.8125
2023-08-17,705048.8125
2023-08-18,696257.4375
2023-08-21,688334.4375
2023-08-22,694328.625
2023-08-23,683619.4375
2023-08-24,685743.625
2023-08-25,679868.5
2023-08-28,687613.125
2023-08-29,698929.6875
2023-08-30,699846.6875
2023-08-31,696100.625
2023-09-01,699255.0
2023-09-04,709664.9375
2023-09-05,704919.5
2023-09-06,705540.125
2023-09-07,696245.9375
2023-09-08,695142.4375
2023-09-11,701598.6875
2023-09-12,700589.125
2023-09-13,695894.5
2023-09-14,695105.8125
2023-09-15,692984.625
2023-09-18,696139.625
2023-09-19,694140.625
2023-09-20,690613.125
2023-09-21,685576.125
2023-09-22,697120.625
2023-09-25,693944.3125
2023-09-26,691037.125
2023-09-27,692614.3125
2023-09-28,694246.125
2023-10-09,692372.8125
2023-10-10,688718.9375
2023-10-11,689868.625
2023-10-12,696006.5
2023-10-13,691332.3125
2023-10-16,686804.5
2023-10-17,688266.8125
2023-10-18,681177.0
2023-10-19,669527.8125
2023-10-20,664140.3125
2023-10-23,653971.125
2023-10-24,660082.3125
2023-10-25,664228.8125
2023-10-26,667503.8125
2023-10-27,675952.625
2023-10-30,680412.625
2023-10-31,678781.1875
2023-11-01,679203.4375
2023-11-02,674998.6875
2023-11-03,680730.4375
2023-11-06,689792.4375
2023-11-07,690153.8125
2023-11-08,689745.3125
2023-11-09,688941.6875
2023-11-10,685752.5
2023-11-13,688261.3125
2023-11-14,690331.9375
2023-11-15,694544.8125
2023-11-16,689172.625
2023-11-17,690755.9375
2023-11-20,694472.4375
2023-11-21,693683.125
2023-11-22,687069.8125
2023-11-23,691797.6875
2023-11-24,686511.1875
2023-11-27,684053.5
2023-11-28,686418.0
2023-11-29,681996.9375
2023-11-30,683138.1875
2023-12-01,684190.5
2023-12-04,682378.0
2023-12-05,670217.625
2023-12-06,670962.625
2023-12-07,670178.3125
2023-12-08,670589.0
2023-12-11,676073.0
2023-12-12,678424.4375
2023-12-13,670411.125
2023-12-14,667733.4375
2023-12-15,664637.9375
2023-12-18,660289.3125
2023-12-19,660655.3125
2023-12-20,653375.4375
2023-12-21,658105.3125
2023-12-22,655729.1875
2023-12-25,657339.8125
2023-12-26,651930.3125
2023-12-27,655515.3125
2023-12-28,666870.0
2023-12-29,672522.3125
2024-01-02,669687.8125
2024-01-03,669027.5
2024-01-04,665105.5
2024-01-05,658602.8125
2024-01-08,648622.8125
2024-01-09,650356.125
2024-01-10,646566.625
2024-01-11,651442.625
2024-01-12,649357.1875
2024-01-15,649303.9375
2024-01-16,650539.0
2024-01-17,636084.4375
2024-01-18,638808.3125
2024-01-19,635030.625
2024-01-22,614543.9375
2024-01-23,618667.6875
2024-01-24,628751.9375
2024-01-25,646630.8125
2024-01-26,646042.6875
2024-01-29,637071.5
2024-01-30,623698.9375
2024-01-31,611610.625
2024-02-01,608131.5
2024-02-02,596366.4375
2024-02-05,585612.4375
2024-02-06,608051.4375
2024-02-07,617227.8125
2024-02-08,628444.125
2024-02-19,638863.9375
2024-02-20,641899.9375
2024-02-21,648392.625
2024-02-22,656492.8125
2024-02-23,661406.3125
2024-02-26,658155.625
2024-02-27,668845.125
2024-02-28,652445.8125
2024-02-29,668100.9375
2024-03-01,672658.125
2024-03-04,675032.1875
2024-03-05,675279.0
2024-03-06,674359.6875
2024-03-07,670060.3125
2024-03-08,675223.4375
2024-03-11,683444.6875
2024-03-12,683651.625
2024-03-13,681589.625
2024-03-14,679455.0
2024-03-15,684018.9375
2024-03-18,692077.8125
2024-03-19,687903.5
2024-03-20,691797.1875
2024-03-21,691403.9375
2024-03-22,684445.625
2024-03-25,677343.1875
2024-03-26,678679.8125
2024-03-27,666863.4375
2024-03-28,673287.9375
2024-03-29,679775.9375
2024-04-01,690992.4375
2024-04-02,689439.4375
2024-04-03,687321.8125
2024-04-08,680566.125
2024-04-09,682502.3125
2024-04-10,675501.4375
2024-04-11,676814.0
2024-04-12,672935.8125
2024-04-15,678524.5
2024-04-16,662933.625
2024-04-17,680250.3125
2024-04-18,680587.125
2024-04-19,677760.4375
2024-04-22,673955.8125
2024-04-23,670150.1875
2024-04-24,676103.4375
2024-04-25,677909.1875
2024-04-26,687891.125
2024-04-29,697093.625
2024-04-30,694142.4375
2024-05-06,704599.125
2024-05-07,706147.9375
2024-05-08,699963.8125
2024-05-09,706908.5
2024-05-10,705671.6875
2024-05-13,702925.8125
2024-05-14,703233.625
2024-05-15,697609.625
2024-05-16,698819.5
2024-05-17,706381.8125
2024-05-20,710343.9375
2024-05-21,706524.6875
2024-05-22,706936.125
2024-05-23,696634.625
2024-05-24,690056.625
2024-05-27,697750.4375
2024-05-28,692909.5
2024-05-29,693678.625
2024-05-30,689401.8125
2024-05-31,688892.6875
2024-06-03,686454.5
2024-06-04,689643.4375
2024-06-05,683126.3125
2024-06-06,676370.8125
2024-06-07,677514.3125
2024-06-11,675199.3125
2024-06-12,677811.9375
2024-06-13,674711.625
2024-06-14,676261.4375
2024-06-17,674193.1875
2024-06-18,678036.8125
2024-06-19,674218.4375
2024-06-20,667955.1875
2024-06-21,666637.625
2024-06-24,657090.8125
2024-06-25,654454.6875
2024-06-26,661873.4375
2024-06-27,654307.3125
2024-06-28,658033.1875
2024-07-01,664265.8125
2024-07-02,663488.4375
2024-07-03,659723.4375
2024-07-04,652905.9375
2024-07-05,652749.6875
2024-07-08,645038.3125
2024-07-09,654153.8125
2024-07-10,650387.6875
2024-07-11,659973.3125
2024-07-12,659742.3125
2024-07-15,658522.0
2024-07-16,659875.3125
2024-07-17,656400.125
2024-07-18,659226.0
2024-07-19,660461.9375
2024-07-22,657746.0
2024-07-23,644985.8125
2024-07-24,640246.4375
2024-07-25,638002.125
2024-07-26,641848.125
2024-07-29,641161.125
2024-07-30,638689.6875
2024-07-31,654338.3125
2024-08-01,652189.0
2024-08-02,645456.625
2024-08-05,634800.625
2024-08-06,637981.4375
2024-08-07,638409.1875
2024-08-08,638475.1875
2024-08-09,636200.625
2024-08-12,634804.4375
2024-08-13,637231.0
2024-08-14,632822.0
2024-08-15,638606.8125
2024-08-16,638404.6875
2024-08-19,641076.5
2024-08-20,634195.6875
2024-08-21,631996.4375
2024-08-22,628810.625
2024-08-23,630025.8125
2024-08-26,631471.9375
2024-08-27,627981.8125
2024-08-28,626024.9375
2024-08-29,626065.4375
2024-08-30,633587.125
2024-09-02,625124.4375
2024-09-03,626051.3125
2024-09-04,621921.6875
2024-09-05,623628.9375
2024-09-06,617121.9375
2024-09-09,611551.625
2024-09-10,613188.8125
2024-09-11,609811.9375
2024-09-12,608283.625
2024-09-13,604275.9375
2024-09-18,606301.125
2024-09-19,612233.625
2024-09-20,612178.6875
2024-09-23,614654.125
2024-09-24,639866.625
2024-09-25,647675.6875
2024-09-26,672162.625
2024-09-27,698502.125
2024-09-30,761128.4375
2024-10-08,805768.5
2024-10-09,746909.5
2024-10-10,752690.3125
2024-10-11,730607.625
2024-10-14,748115.5
2024-10-15,730406.5
2024-10-16,729771.8125
2024-10-17,723258.125
2024-10-18,746675.625
2024-10-21,751619.8125
2024-10-22,756851.9375
2024-10-23,759745.4375
2024-10-24,754146.3125
2024-10-25,761789.125
2024-10-28,769372.625
2024-10-29,760412.9375
2024-10-30,757860.6875
2024-10-31,762262.625
2024-11-01,755252.4375
2024-11-04,765984.8125
2024-11-05,785990.9375
2024-11-06,785773.3125
2024-11-07,805765.4375
2024-11-08,801975.125
2024-11-11,809727.9375
2024-11-12,800623.3125
2024-11-13,803401.3125
2024-11-14,786685.5
2024-11-15,772810.6875
2024-11-18,766693.625
2024-11-19,775562.625
2024-11-20,782567.9375
2024-11-21,783205.125
2024-11-22,758194.625
2024-11-25,758631.8125
2024-11-26,755711.625
2024-11-27,768532.6875
2024-11-28,764792.3125
2024-11-29,773926.0
2024-12-02,785093.0
2024-12-03,787070.125
2024-12-04,781613.3125
2024-12-05,784204.125
2024-12-06,793198.8125
2024-12-09,792058.125
2024-12-10,797598.625
2024-12-11,801228.125
2024-12-12,808876.5
2024-12-13,792441.3125
2024-12-16,788903.0
2024-12-17,780754.6875
2024-12-18,785372.5
2024-12-19,784378.8125
2024-12-20,784980.3125
2024-12-23,776642.8125
2024-12-24,786240.625
2024-12-25,782747.625
2024-12-26,785666.4375
2024-12-27,786825.4375
2024-12-30,787415.8125
2024-12-31,772401.1875
2025-01-02,752173.3125
2025-01-03,737805.4375
2025-01-06,736607.8125
2025-01-07,743772.0
2025-01-08,742960.4375
2025-01-09,740975.6875
2025-01-10,728971.4375
2025-01-13,727966.625
2025-01-14,750686.1875
2025-01-15,746718.0
2025-01-16,749467.625
2025-01-17,751318.4375
2025-01-20,754332.5
2025-01-21,754764.9375
2025-01-22,747616.0
2025-01-23,749287.3125
2025-01-24,756454.0
2025-01-27,753504.1875
2025-02-05,751217.125
2025-02-06,763239.625
2025-02-07,772773.4375
2025-02-10,778296.8125
2025-02-11,776621.1875
2025-02-12,784510.3125
2025-02-13,780662.125
2025-02-14,784934.8125
2025-02-17,788179.625
2025-02-18,777983.8125
2025-02-19,787048.6875
2025-02-20,793002.125
2025-02-21,801046.0
2025-02-24,800715.625
2025-02-25,793968.8125
2025-02-26,802017.625
2025-02-27,802497.3125
2025-02-28,783621.9375
2025-03-03,784233.4375
2025-03-04,786023.3125
2025-03-05,789909.125
2025-03-06,800829.3125
2025-03-07,798219.8125
2025-03-10,797347.4375
2025-03-11,800575.625
2025-03-12,799826.8125
2025-03-13,794911.0
2025-03-14,810088.3125
2025-03-17,812549.8125
2025-03-18,814614.8125
2025-03-19,813032.8125
2025-03-20,808638.125
2025-03-21,796897.8125
2025-03-24,796216.3125
2025-03-25,794904.3125
2025-03-26,795723.9375
2025-03-27,796209.1875
2025-03-28,790485.4375
2025-03-31,785247.5
2025-04-01,787757.125
2025-04-02,788463.8125
2025-04-03,784102.4375
2025-04-07,718457.125
2025-04-08,727603.1875
2025-04-09,737761.4375
2025-04-10,749718.3125
2025-04-11,753436.9375
2025-04-14,760169.0
2025-04-15,760440.4375
2025-04-16,758846.125
2025-04-17,759719.5
2025-04-18,759588.125
2025-04-21,766120.3125
2025-04-22,767031.8125
2025-04-23,768649.4375
2025-04-24,767119.125
2025-04-25,767691.3125
2025-04-28,764452.125
2025-04-29,764827.8125
2025-04-30,765359.3125
2025-05-06,777200.0
2025-05-07,782521.9375
2025-05-08,786723.625
2025-05-09,782998.4375
2025-05-12,791641.125
2025-05-13,792174.9375
2025-05-14,798182.125
2025-05-15,790760.9375
2025-05-16,789092.125
2025-05-19,790089.9375
2025-05-20,794505.9375
2025-05-21,795716.625
2025-05-22,791930.625
2025-05-23,784549.4375
2025-05-26,784753.625
2025-05-27,782617.125
2025-05-28,781817.8125
2025-05-29,789099.3125
2025-05-30,783770.3125
2025-06-03,787262.4375
2025-06-04,791977.4375
2025-06-05,794662.6875
2025-06-06,794558.1875
2025-06-09,799321.125
2025-06-10,794818.8125
2025-06-11,799742.3125
2025-06-12,799900.3125
2025-06-13,792312.625
2025-06-16,796028.625
2025-06-17,795745.6875
2025-06-18,796043.125
2025-06-19,787832.125
2025-06-20,786014.125
2025-06-23,791999.625
2025-06-24,802988.9375
2025-06-25,812206.8125
2025-06-26,810126.1875
2025-06-27,807560.3125
2025-06-30,813890.9375
2025-07-01,816940.625
2025-07-02,814880.125
2025-07-03,818590.8125
2025-07-04,819374.8125
2025-07-07,819288.625
2025-07-08,826988.0
2025-07-09,826207.3125
2025-07-10,829839.1875
2025-07-11,831394.625
2025-07-14,833286.6875
2025-07-15,830924.3125
2025-07-16,831012.125
2025-07-17,836453.625
2025-07-18,840139.6875
2025-07-21,847361.125
2025-07-22,852933.8125
2025-07-23,851244.9375
2025-07-24,858417.1875
2025-07-25,856486.8125
2025-07-28,858939.0
2025-07-29,862402.4375
2025-07-30,861302.8125
2025-07-31,850296.8125
2025-08-01,848421.625
2025-08-04,855165.625
2025-08-05,862922.6875
2025-08-06,867619.1875
2025-08-07,868370.4375
2025-08-08,867744.3125
2025-08-11,874087.8125
2025-08-12,879964.625
2025-08-13,886906.625
2025-08-14,880885.8125
2025-08-15,890942.6875
2025-08-18,901719.5
2025-08-19,902129.8125
2025-08-20,910733.6875
2025-08-21,911012.9375
2025-08-22,924395.3125
2025-08-25,939796.6875
2025-08-26,938425.3125
2025-08-27,921426.3125
2025-08-28,933904.125
2025-08-29,937968.0
2025-09-01,942772.8125
2025-09-02,933022.125
2025-09-03,921661.3125
2025-09-04,907424.9375
2025-09-05,924149.625
2025-09-08,930046.125
2025-09-09,923599.4375
2025-09-10,925547.8125
2025-09-11,944043.8125
2025-09-12,942449.4375
2025-09-15,942373.625
2025-09-16,946249.8125
2025-09-17,951542.8125
2025-09-18,940570.8125
2025-09-19,937888.125
2025-09-22,941461.9375
2025-09-23,937789.625
2025-09-24,948030.1875
2025-09-25,948741.0
2025-09-26,939611.125
2025-09-29,950930.0
2025-09-30,955544.6875
2025-10-09,968287.9375
2025-10-10,956365.3125
2025-10-13,952933.8125
2025-10-14,942519.0
2025-10-15,955348.1875
2025-10-16,954203.3125
2025-10-17,932979.6875
2025-10-20,940447.1875
2025-10-21,954956.6875
2025-10-22,953198.9375
2025-10-23,955283.1875
2025-10-24,964436.6875
2025-10-27,976342.625
2025-10-28,974177.4375
2025-10-29,983470.5
2025-10-30,974387.9375
2025-10-31,968022.1875
2025-11-03,972937.125
2025-11-04,965561.8125
2025-11-05,968568.625
2025-11-06,978826.625
2025-11-07,976359.9375
2025-11-10,981245.8125
2025-11-11,976867.4375
2025-11-12,975152.625
2025-11-13,985390.3125
2025-11-14,974299.625
2025-11-17,971846.3125
2025-11-18,963307.6875
2025-11-19,962766.125
2025-11-20,957592.6875
2025-11-21,931104.0
2025-11-24,934218.625
2025-11-25,944359.3125
2025-11-26,945003.4375
2025-11-27,946238.3125
2025-11-28,951581.8125
2025-12-01,959766.125
2025-12-02,955116.125
2025-12-03,949288.625
2025-12-04,948747.4375
2025-12-05,957525.3125
2025-12-08,965323.6875
2025-12-09,961334.9375
2025-12-10,960963.0
2025-12-11,951809.4375
2025-12-12,956461.0
2025-12-15,950564.8125
2025-12-16,938617.125
2025-12-17,951838.125
2025-12-18,950101.125
2025-12-19,955830.8125
2025-12-22,964863.3125
2025-12-23,965902.3125
2025-12-24,972925.1875
2025-12-25,978160.125
2025-12-26,980058.4375
2025-12-29,979139.8125
2025-12-30,980469.9375
2025-12-31,979863.9375
2026-01-05,996003.9375
2026-01-06,1010694.4375
2026-01-07,1011371.1875
2026-01-08,1011558.9375
2026-01-09,1022283.5
2026-01-12,1037271.6875
2026-01-13,1027736.0
2026-01-14,1028181.9375
2026-01-15,1025667.6875
2026-01-16,1022802.8125
2026-01-19,1026546.4375
2026-01-20,1023479.1875
2026-01-21,1026543.4375
2026-01-22,1030466.9375
2026-01-23,1037057.625
2026-01-26,1033005.8125
2026-01-27,1033842.3125
2026-01-28,1035554.125
2026-01-29,1035173.5
2026-01-30,1025956.6875
2026-02-02,1001101.3125
2026-02-03,1018026.9375
2026-02-04,1024844.9375
2026-02-05,1015884.5
2026-02-06,1014085.3125
2026-02-09,1030656.625
2026-02-10,1031542.5
2026-02-11,1031107.4375
2026-02-12,1033425.9375
2026-02-13,1021073.125
2026-02-24,1032117.8125
2026-02-25,1041557.625
2026-02-26,1042664.625
2026-02-27,1046468.4375
2026-03-02,1046871.8125
2026-03-03,1024845.125
2026-03-04,1016412.9375
2026-03-05,1025062.9375
2026-03-06,1031101.4375
2026-03-09,1024255.625
2026-03-10,1035528.8125
2026-03-11,1039498.8125
2026-03-12,1036311.8125
2026-03-13,1027686.625
2026-03-16,1027442.625
2026-03-17,1014855.0
2026-03-18,1020642.625
2026-03-19,1003516.8125
2026-03-20,991661.4375
2026-03-23,953932.3125
2026-03-24,972174.125
2026-03-25,987716.3125
2026-03-26,975938.625
2026-03-27,984680.5
2026-03-30,986179.0
2026-03-31,974825.125
2026-04-01,989692.0
2026-04-02,979241.125
2026-04-03,967829.8125
2026-04-07,972405.0
2026-04-08,1004607.4375
2026-04-09,997986.0
2026-04-10,1008102.4375
2026-04-13,1010796.625
2026-04-14,1022239.4375
2026-04-15,1019601.0
2026-04-16,1031199.6875
2026-04-17,1032232.625
2026-04-20,1039927.625
2026-04-21,1040316.125
2026-04-22,1047703.9375
2026-04-23,1041605.125
2026-04-24,1037249.125
2026-04-27,1040448.3125
2026-04-28,1035194.8125
2026-04-29,1046369.3125
2026-04-30,1047409.6875
2026-05-06,1063682.875
2026-05-07,1071478.875
2026-05-08,1072079.0
2026-05-11,1085805.5
2026-05-12,1081590.625
2026-05-13,1092310.875
2026-05-14,1072994.875
2026-05-15,1062853.5
2026-05-18,1062232.125
2026-05-19,1070356.625
2026-05-20,1067820.625
2026-05-21,1044653.9375
2026-05-22,1059215.875
2026-05-25,1069993.375
2026-05-26,1066847.125
2026-05-27,1053401.375
2026-05-28,1057573.0
2026-05-29,1045040.125
2026-06-01,1040168.5
2026-06-02,1046444.9375
2026-06-03,1049305.875
2026-06-04,1042725.625
2026-06-05,1032605.3125
2026-06-08,1009212.4375
2026-06-09,1027127.8125
2026-06-10,1016670.625
2026-06-11,1012790.625
2026-06-12,1023299.125
2026-06-15,1046943.0
2026-06-16,1050455.0
2026-06-17,1055815.875
2026-06-18,1055223.375
2026-06-22,1073534.375
2026-06-23,1054959.875
2026-06-24,1059050.375
2026-06-25,1063803.375
2026-06-26,1036084.0
2026-06-29,1043197.125
2026-06-30,1055277.375
2026-07-01,1059925.625
2026-07-02,1035287.9375
2026-07-03,1040869.8125
2026-07-06,1034960.9375
2026-07-07,1019208.5
2026-07-08,1008867.125
2026-07-09,1027846.3125
2026-07-10,1016965.1875
2026-07-13,988845.3125
2026-07-14,1005974.125
2026-07-15,1001792.5
2026-07-16,984598.625
2026-07-17,946406.3125
2026-07-20,947359.6875
2026-07-21,970765.3125
2026-07-22,967013.5
2026-07-23,971981.8125
2026-07-24,952972.125
2026-07-27,972344.9375
2026-07-28,953326.9375
2026-07-29,959596.8125
2026-07-30,947310.0
2026-07-31,959782.625
2026-08-03,955890.4375
2026-08-04,967862.0
2026-08-05,983715.4375
2026-08-06,987055.9375
2026-08-07,998380.3125
2026-08-10,1004545.6875
2026-08-11,997833.3125
2026-08-12,1004507.3125
2026-08-13,997715.8125
2026-08-14,999123.8125
2026-08-17,1016616.6875
2026-08-18,1015857.625
2026-08-19,982483.1875
2026-08-20,987216.125
2026-08-21,989425.125
2026-08-24,979435.3125
2026-08-25,981892.4375
2026-08-26,987493.1875
2026-08-27,1000589.5
2026-08-28,998382.8125
2026-08-31,1005834.125
2026-09-01,1002584.125
2026-09-02,990900.4375
2026-09-03,991207.8125
2026-09-04,986504.625
2026-09-07,992959.625
2026-09-08,994025.125
2026-09-09,995507.625
2026-09-10,989517.5
2026-09-11,977064.8125
2026-09-14,976228.8125
2026-09-15,969598.8125
2026-09-16,978715.3125
2026-09-17,975555.125
2026-09-18,987058.5
